ticker,observed_sessions,missing_price,invalid_price,missing_volume,invalid_volume,zero_volume,ohlc_inconsistent,large_adj_move,suspected_unit_jump,zero_volume_pct
4BB.L,1229,0,0,0,0,151,541,0,0,12.286411716842961
80M.L,2779,0,0,0,0,88,228,3,0,3.166606693055056
88E.L,2779,1,0,0,0,9,227,6,0,0.3238575026988125
AAU.L,2779,0,0,0,0,27,502,0,0,0.9715725080964376
AAZ.L,2779,0,0,0,0,41,511,0,0,1.4753508456279236
ABDP.L,2779,0,0,0,0,27,316,0,0,0.9715725080964376
ABDX.L,1272,0,0,0,0,2,159,0,0,0.15723270440251572
ACRM.L,2779,0,0,0,0,1067,1035,0,0,38.39510615329255
ACSO.L,2779,0,0,0,0,11,347,0,0,0.395825836631882
ADF.L,1007,0,0,0,0,11,244,0,0,1.0923535253227408
ADVT.L,1205,150,0,0,0,261,333,0,0,21.6597510373444
AEG.L,2779,122,0,0,0,182,580,5,0,6.54911838790932
AEO.L,2779,0,0,0,0,1040,1090,0,0,37.423533645196116
AET.L,2779,0,0,0,0,385,835,0,0,13.853904282115868
AFP.L,1159,0,0,0,0,143,414,0,0,12.338222605694565
AGI.L,2779,0,0,0,0,1855,631,0,0,66.75062972292191
AGY.L,2779,0,0,0,0,161,546,2,0,5.793450881612091
AIEA.L,2779,0,0,0,0,895,1113,0,0,32.20582943504858
AKN.L,2779,0,0,0,0,22,241,1,0,0.791651673263764
ALL.L,2750,0,0,0,0,252,335,0,0,9.163636363636364
ALT.L,2779,0,0,0,0,369,714,0,0,13.278157610651313
ALU.L,2779,0,0,0,0,31,580,0,0,1.1155091759625764
AMCO.L,259,0,0,0,0,0,29,0,0,0.0
AMP.L,2779,0,0,0,0,187,529,2,0,6.729039222741994
AMS.L,2779,0,0,0,0,0,5,0,0,0.0
ANG.L,2140,0,0,0,0,74,647,0,0,3.457943925233645
ANGS.L,2306,0,0,0,0,164,236,1,0,7.111882046834345
ANIC.L,2779,0,0,0,0,815,346,0,0,29.327096077725802
ANP.L,2779,0,0,0,0,11,654,0,0,0.395825836631882
AOM.L,1201,0,0,0,0,139,481,0,0,11.5736885928393
AOTI.L,391,0,0,0,0,141,167,0,0,36.0613810741688
APTA.L,1014,0,0,0,0,48,234,2,0,4.733727810650888
ARBB.L,2779,0,0,0,0,176,826,0,0,6.333213386110112
ARC.L,2779,0,0,0,0,239,1081,0,0,8.600215905001798
ARCM.L,2779,0,0,0,0,15,416,0,0,0.5397625044980209
AREC.L,1157,0,0,0,0,187,503,0,0,16.16248919619706
ARS.L,2779,0,0,0,0,31,430,0,0,1.1155091759625764
ART.L,1156,0,0,0,0,31,347,0,0,2.6816608996539792
AST.L,2779,0,0,0,0,44,639,5,0,1.583303346527528
ASY.L,2779,0,0,0,0,484,964,0,0,17.416336811802807
ATM.L,2056,0,0,0,0,15,281,0,0,0.7295719844357976
ATOM.L,1010,0,0,0,0,0,82,0,0,0.0
ATYM.L,2779,0,0,0,0,9,246,0,0,0.3238575026988125
AURA.L,2351,4,0,0,0,253,723,0,0,10.761378136962994
AURR.L,832,0,0,0,0,247,388,0,0,29.6875
AUTG.L,2365,0,0,0,0,1110,791,0,0,46.93446088794926
AVCT.L,2779,0,0,0,0,25,581,0,0,0.8996041741633681
AVG.L,2779,0,0,0,0,37,505,0,0,1.3314141777617847
AXL.L,1056,0,0,0,0,11,195,0,0,1.0416666666666667
AXS.L,2779,0,0,0,0,27,498,0,0,0.9715725080964376
AYM.L,2779,0,0,0,0,278,859,1,0,10.003598416696654
B90.L,2779,0,0,0,0,936,929,7,0,33.6811802806765
BANK.L,877,1,0,0,0,116,368,1,0,13.22690992018244
BAY.L,1073,93,0,0,0,606,309,0,0,56.47716682199441
BBSN.L,2779,0,0,0,0,284,776,1,0,10.219503418495862
BCE.L,2779,205,0,0,0,687,368,7,0,24.721122706009357
BEM.L,2779,0,0,0,0,56,734,0,0,2.0151133501259446
BGO.L,2779,0,0,0,0,40,459,0,0,1.439366678661389
BHL.L,1125,0,0,0,0,2,130,0,0,0.17777777777777778
BIG.L,1118,0,0,0,0,13,84,0,0,1.1627906976744187
BILN.L,2779,0,0,0,0,369,957,0,0,13.278157610651313
BKS.L,2044,0,0,0,0,36,553,0,0,1.761252446183953
BLU.L,2779,126,0,0,0,370,703,3,0,13.314141777617849
BME.L,2779,1,0,0,0,2,3,0,0,0.07196833393306945
BMIN.L,2779,0,0,0,0,240,861,0,0,8.636200071968334
BMT.L,2779,0,0,0,0,1960,657,0,0,70.52896725440806
BMTO.L,2779,0,0,0,0,2405,338,0,0,86.54192155451601
BOKU.L,2049,0,0,0,0,15,480,0,0,0.7320644216691069
BOOM.L,2779,0,0,0,0,100,455,0,0,3.5984166966534725
BOR.L,2779,0,0,0,0,26,569,1,0,0.9355883411299029
BOW.L,2779,0,0,0,0,647,1037,0,0,23.281756027347967
BPM.L,2779,0,0,0,0,93,738,0,0,3.3465275278877296
BRCK.L,1602,0,0,0,0,5,187,0,0,0.3121098626716604
BTG.L,2779,0,0,0,0,22,398,0,0,0.791651673263764
BUC.L,2779,0,0,0,0,1068,1151,0,0,38.43109032025909
BUR.L,2779,0,0,0,0,7,55,0,0,0.2518891687657431
BVXP.L,2779,0,0,0,0,66,574,0,0,2.3749550197912916
BZT.L,2779,0,0,0,0,197,601,1,0,7.0888808924073405
CAM.L,2779,0,0,0,0,168,938,0,0,6.045340050377834
CAML.L,2779,0,0,0,0,15,30,0,0,0.5397625044980209
CAPD.L,2779,0,0,0,0,235,549,0,0,8.45627923713566
CAV.L,1785,0,0,0,0,264,508,0,0,14.789915966386555
CBOX.L,1899,0,0,0,0,12,208,0,0,0.631911532385466
CCP.L,2779,0,0,0,0,337,1076,0,0,12.126664267722202
CCT.L,2779,0,0,0,0,12,511,0,0,0.4318100035984167
CDGP.L,522,0,0,0,0,0,17,0,0,0.0
CEPS.L,2779,0,0,0,0,2286,397,0,0,82.25980568549838
CER.L,2472,0,0,0,0,119,507,0,0,4.813915857605178
CFX.L,2779,0,0,0,0,1291,1125,0,0,46.45555955379633
CGNR.L,2779,0,0,0,0,186,1096,1,0,6.693055055775459
CHAR.L,2779,0,0,0,0,2,207,2,0,0.07196833393306945
CHL.L,2779,394,0,0,0,706,787,2,0,25.404821878373514
CHP.L,2779,0,0,0,0,181,542,0,0,6.513134220942785
CHRT.L,2779,0,0,0,0,9,130,0,0,0.3238575026988125
CIC.L,2779,0,0,0,0,240,1321,0,0,8.636200071968334
CKI.L,347,0,0,0,0,5,30,0,0,1.440922190201729
CKT.L,2779,0,0,0,0,249,938,0,0,8.960057574667147
CLA.L,739,0,0,0,0,411,277,0,0,55.61569688768606
CLBS.L,2779,0,0,0,0,110,503,0,0,3.9582583663188196
CLON.L,2779,0,0,0,0,190,821,5,0,6.836991723641598
CLX.L,1323,0,0,0,0,1,144,0,0,0.07558578987150416
CMCL.L,2779,0,0,0,0,189,782,0,0,6.801007556675063
CMET.L,1253,0,0,0,0,42,364,1,0,3.35195530726257
CML.L,2779,0,0,0,0,330,1064,0,0,11.874775098956459
CMX.L,2779,0,0,0,0,1866,731,0,0,67.1464555595538
CNC.L,2779,0,0,0,0,89,753,0,0,3.2025908600215907
CNS.L,2779,0,0,0,0,283,951,0,0,10.183519251529328
CODE.L,1119,0,0,0,0,324,520,0,0,28.9544235924933
COG.L,2779,0,0,0,0,352,939,1,0,12.666426772220223
COIL.L,1206,0,0,0,0,215,434,0,0,17.827529021558874
COM.L,2409,0,0,0,0,859,949,0,0,35.65794935657949
COPC.L,1329,0,0,0,0,423,561,0,0,31.82844243792325
CORA.L,2079,0,0,0,0,80,555,0,0,3.848003848003848
CORO.L,2235,96,0,0,0,213,431,0,0,9.53020134228188
CPH2.L,977,0,0,0,0,0,76,0,0,0.0
CPX.L,2779,0,0,0,0,40,374,4,0,1.439366678661389
CRCL.L,2779,0,0,0,0,70,649,0,0,2.5188916876574305
CRE.L,1281,0,0,0,0,1,2,0,0,0.078064012490242
CREO.L,2287,0,0,0,0,50,391,0,0,2.1862702229995628
CRPR.L,2779,0,0,0,0,102,965,0,0,3.6703850305865418
CRTA.L,2779,93,0,0,0,99,215,0,0,3.5624325296869377
CRTX.L,2779,0,0,0,0,198,366,2,0,7.124865059373875
CRU.L,2779,0,0,0,0,413,942,0,0,14.861460957178842
CRW.L,2779,0,0,0,0,12,358,0,0,0.4318100035984167
CSC.L,2779,0,0,0,0,186,874,0,0,6.693055055775459
CSSG.L,2779,0,0,0,0,670,1267,0,0,24.109391867578264
CTA.L,1013,0,0,0,0,190,412,0,0,18.756169792694966
CTAI.L,2779,0,0,0,0,634,892,3,0,22.813961856783017
CTG.L,2779,0,0,0,0,619,1271,0,0,22.274199352284995
CTL.L,956,0,0,0,0,0,61,0,0,0.0
CYAN.L,2779,0,0,0,0,21,731,0,0,0.7556675062972292
DBOX.L,2779,0,0,0,0,904,1123,0,0,32.52968693774739
DCI.L,2779,0,0,0,0,847,1109,0,0,30.478589420654913
DEBS.L,2779,0,0,0,0,1,4,0,0,0.035984166966534725
DEVO.L,1048,0,0,0,0,178,454,1,0,16.984732824427482
DFCH.L,1680,0,0,0,0,577,645,0,0,34.345238095238095
DIS.L,2779,0,0,0,0,171,923,0,0,6.153292551277438
DISH.L,1873,486,0,0,0,785,331,0,0,41.91137213027229
DKL.L,2779,0,0,0,0,136,880,0,0,4.893846707448723
DNM.L,1164,0,0,0,0,553,428,0,0,47.508591065292094
DOTD.L,2779,0,0,0,0,13,244,1,0,0.46779417056495143
DPP.L,1257,0,0,0,0,58,305,0,0,4.614160700079554
DSG.L,2779,0,0,0,0,1510,875,0,0,54.33609211946744
DSW.L,1018,0,0,0,0,195,405,0,0,19.155206286836936
DUKE.L,2779,0,0,0,0,555,443,0,0,19.971212666426773
DXRX.L,1712,0,0,0,0,125,551,0,0,7.3014018691588785
EAAS.L,2779,0,0,0,0,118,406,1,0,4.246131702051097
EAH.L,2779,23,0,0,0,54,588,0,0,1.9431450161928752
EARN.L,2120,0,0,0,0,151,639,0,0,7.122641509433962
EBQ.L,2779,0,0,0,0,572,1156,0,0,20.582943504857862
ECO.L,2247,0,0,0,0,37,560,1,0,1.6466399643969738
ECOB.L,655,0,0,0,0,131,238,0,0,20.0
ECR.L,2779,0,0,0,0,16,427,0,0,0.5757466714645556
EDEN.L,2779,0,0,0,0,167,958,0,0,6.009355883411299
EEE.L,2779,0,0,0,0,95,511,1,0,3.418495861820799
EGT.L,440,0,0,0,0,50,128,0,0,11.363636363636363
EKF.L,2779,0,0,0,0,45,405,0,0,1.6192875134940625
ELCO.L,2779,0,0,0,0,243,1001,0,0,8.744152572867938
ELEG.L,1003,430,0,0,0,772,148,0,0,76.9690927218345
EMAN.L,2779,0,0,0,0,257,778,0,0,9.247930910399424
EME.L,2779,0,0,0,0,14,337,5,0,0.5037783375314862
EMG.L,2779,0,0,0,0,0,4,0,0,0.0
EMH.L,2540,0,0,0,0,14,325,1,0,0.5511811023622047
EML.L,2242,0,0,0,0,300,346,3,0,13.380909901873327
EMR.L,2779,0,0,0,0,382,1035,0,0,13.745951781216265
EMVC.L,2779,0,0,0,0,479,982,7,0,17.236415976970132
ENET.L,2150,0,0,0,0,215,616,5,0,10.0
ENSI.L,911,0,0,0,0,19,153,0,0,2.0856201975850714
ENT.L,2779,0,0,0,0,2,6,0,0,0.07196833393306945
ENW.L,2779,126,0,0,0,475,781,1,0,17.092479309103993
EOG.L,2779,0,0,0,0,18,498,0,0,0.647715005397625
EPP.L,779,0,0,0,0,276,145,2,0,35.43003851091142
EUA.L,2779,0,0,0,0,170,284,2,0,6.1173083843109035
EVPL.L,1923,0,0,0,0,2,155,0,0,0.10400416016640665
EXR.L,1972,0,0,0,0,141,610,1,0,7.150101419878296
EYE.L,2779,0,0,0,0,206,938,0,0,7.412738395106153
FAB.L,2029,0,0,0,0,277,599,2,0,13.652045342533267
FADL.L,691,0,0,0,0,647,39,0,0,93.63241678726483
FAR.L,1707,0,0,0,0,118,502,1,0,6.912712360867018
FARN.L,2557,0,0,0,0,226,808,1,0,8.838482596793117
FDBK.L,2779,0,0,0,0,361,1159,2,0,12.990284274919036
FDEV.L,2779,0,0,0,0,105,255,0,0,3.7783375314861463
FDR.L,109,0,0,0,0,0,30,1,0,0.0
FEVR.L,2779,0,0,0,0,0,7,0,0,0.0
FIH.L,2779,0,0,0,0,725,1215,0,0,26.088521050737675
FIN.L,1197,0,0,0,0,78,411,2,0,6.516290726817043
FIPP.L,2779,0,0,0,0,530,840,0,0,19.071608492263405
FKE.L,2779,0,0,0,0,2381,303,0,0,85.67830154731918
FLK.L,2779,0,0,0,0,1784,700,0,0,64.19575386829794
FLO.L,2779,0,0,0,0,7,346,0,0,0.2518891687657431
FMET.L,728,0,0,0,0,254,329,0,0,34.89010989010989
FNTL.L,1957,0,0,0,0,4,252,0,0,0.20439448134900357
FNX.L,1318,0,0,0,0,0,164,0,0,0.0
FORF.L,2779,0,0,0,0,274,869,0,0,9.859661748830515
FORG.L,2779,0,0,0,0,389,287,0,0,13.997840949982008
FOX.L,2700,0,0,0,0,768,792,2,0,28.444444444444443
FPO.L,2779,0,0,0,0,158,912,0,0,5.685498380712486
FRAN.L,2376,0,0,0,0,102,671,0,0,4.292929292929293
FRG.L,1042,0,0,0,0,5,271,0,0,0.4798464491362764
FRP.L,1469,0,0,0,0,0,160,0,0,0.0
FSG.L,1238,0,0,0,0,2,29,0,0,0.16155088852988692
FTC.L,2779,0,0,0,0,47,684,1,0,1.691255847427132
FUM.L,2779,0,0,0,0,16,318,2,0,0.5757466714645556
G4M.L,2675,0,0,0,0,136,696,1,0,5.08411214953271
GAL.L,2779,0,0,0,0,449,1199,0,0,16.156890967974093
GATC.L,2779,0,0,0,0,54,718,0,0,1.9431450161928752
GCG.L,2316,509,0,0,0,1797,383,2,0,77.59067357512953
GCM.L,2779,0,0,0,0,120,730,4,0,4.318100035984167
GDP.L,2779,0,0,0,0,130,843,0,0,4.6779417056495145
GDR.L,2779,0,0,0,0,501,721,4,0,18.028067650233897
GELN.L,1030,0,0,0,0,13,240,0,0,1.2621359223300972
GEM.L,1484,0,0,0,0,126,528,0,0,8.49056603773585
GENI.L,1122,0,0,0,0,170,373,2,0,15.151515151515152
GENL.L,2779,0,0,0,0,1,3,0,0,0.035984166966534725
GEO.L,2779,0,0,0,0,363,975,0,0,13.062252608852106
GETB.L,2124,0,0,0,0,383,851,0,0,18.03201506591337
GFIN.L,2779,0,0,0,0,92,605,1,0,3.3105433609211947
GFM.L,2779,0,0,0,0,22,517,0,0,0.791651673263764
GGP.L,2779,0,0,0,0,32,225,1,0,1.1514933429291112
GHH.L,2779,0,0,0,0,5,112,0,0,0.17992083483267363
GKP.L,2779,0,0,0,0,1,10,0,0,0.035984166966534725
GLEN.L,2779,2,0,0,0,3,5,0,0,0.10795250089960418
GLR.L,2779,0,0,0,0,221,897,0,0,7.952500899604174
GMET.L,671,0,0,0,0,4,96,0,0,0.5961251862891207
GMR.L,2779,0,0,0,0,130,645,0,0,4.6779417056495145
GNIP.L,316,0,0,0,0,6,85,0,0,1.8987341772151898
GRL.L,2779,227,0,0,0,585,959,1,0,21.050737675422813
GROC.L,1075,0,0,0,0,41,332,0,0,3.813953488372093
GTC.L,2779,0,0,0,0,345,1193,0,0,12.41453760345448
GTLY.L,2672,0,0,0,0,40,413,0,0,1.4970059880239521
GUN.L,2779,1,0,0,0,395,941,0,0,14.213745951781217
GWMO.L,2779,0,0,0,0,173,601,2,0,6.225260885210507
HAYD.L,2779,0,0,0,0,11,329,0,0,0.395825836631882
HCM.L,2779,0,0,0,0,6,150,0,0,0.21590500179920835
HDD.L,2779,0,0,0,0,386,1265,0,0,13.889888449082404
HE1.L,1279,0,0,0,0,0,43,4,0,0.0
HERC.L,985,0,0,0,0,11,205,0,0,1.116751269035533
HEX.L,439,0,0,0,0,0,23,0,0,0.0
HMI.L,2608,0,0,0,0,84,631,0,0,3.2208588957055215
HPOW.L,2779,0,0,0,0,3,209,0,0,0.10795250089960418
HSD.L,2779,0,0,0,0,81,574,0,0,2.914717524289313
HSM.L,2779,0,0,0,0,2440,305,0,0,87.80136739834472
HSP.L,2779,0,0,0,0,53,252,0,0,1.9071608492263403
HSX.L,2779,0,0,0,0,1,4,0,0,0.035984166966534725
HUD.L,1888,0,0,0,0,35,552,1,0,1.853813559322034
HUW.L,2779,0,0,0,0,1205,923,0,0,43.36092119467434
HVO.L,2779,0,0,0,0,324,572,0,0,11.658870097157251
HVTA.L,2779,0,0,0,0,2499,256,0,0,89.92443324937028
IBAI.L,2779,0,0,0,0,476,725,2,0,17.12846347607053
IES.L,2779,1,0,0,0,173,270,1,0,6.225260885210507
IGE.L,2779,0,0,0,0,521,1146,0,0,18.74775098956459
IGP.L,2779,0,0,0,0,391,1059,0,0,14.069809283915077
IGR.L,2779,0,0,0,0,24,350,2,0,0.8636200071968334
IHC.L,2779,0,0,0,0,596,911,0,0,21.446563512054695
IKA.L,2779,0,0,0,0,52,425,0,0,1.8711766822598057
IMM.L,2779,0,0,0,0,8,258,4,0,0.2878733357322778
ING.L,2779,0,0,0,0,973,1237,0,0,35.012594458438286
INSG.L,1174,0,0,0,0,83,525,0,0,7.0698466780238505
IOF.L,2779,0,0,0,0,6,429,0,0,0.21590500179920835
IOM.L,2779,0,0,0,0,1,11,0,0,0.035984166966534725
IPX.L,2779,0,0,0,0,178,386,0,0,6.405181720043181
IQE.L,2779,0,0,0,0,1,2,0,0,0.035984166966534725
IRON.L,2779,0,0,0,0,187,1057,0,0,6.729039222741994
ITIM.L,1140,0,0,0,0,562,427,0,0,49.29824561403509
ITM.L,2779,0,0,0,0,2,95,0,0,0.07196833393306945
ITX.L,2779,0,0,0,0,323,841,2,0,11.622885930190716
IWG.L,2779,0,0,0,0,1,6,0,0,0.035984166966534725
IXI.L,2779,0,0,0,0,297,1113,0,0,10.687297589060814
JAN.L,2150,0,0,0,0,156,755,0,0,7.255813953488372
JDG.L,2779,0,0,0,0,11,342,0,0,0.395825836631882
JEL.L,2779,0,0,0,0,480,1235,0,0,17.272400143936668
JET2.L,2779,0,0,0,0,0,7,0,0,0.0
JHD.L,2779,0,0,0,0,1,11,0,0,0.035984166966534725
JIM.L,2779,0,0,0,0,75,878,1,0,2.6988125224901043
JLP.L,2779,0,0,0,0,9,155,0,0,0.3238575026988125
JNEO.L,2779,0,0,0,0,478,1127,0,0,17.200431810003597
JOG.L,2779,0,0,0,0,65,612,7,0,2.3389708528247573
JSE.L,1869,0,0,0,0,43,296,0,0,2.3006955591225253
KDNC.L,2779,0,0,0,0,6,238,1,0,0.21590500179920835
KEFI.L,2779,0,0,0,0,3,256,0,0,0.10795250089960418
KETL.L,2122,0,0,0,0,0,1,0,0,0.0
KEYS.L,2044,0,0,0,0,13,333,0,0,0.6360078277886497
KGH.L,1897,0,0,0,0,5,184,1,0,0.2635740643120717
KIST.L,1286,0,0,0,0,26,100,0,0,2.021772939346812
KMK.L,2779,0,0,0,0,17,401,0,0,0.6117308384310903
KOD.L,2779,0,0,0,0,74,290,0,0,2.6628283555235694
KOO.L,1346,0,0,0,0,31,391,0,0,2.303120356612184
KP2.L,1959,0,0,0,0,107,734,0,0,5.461970393057682
KR1.L,423,0,0,0,0,380,4,0,0,89.83451536643027
KRM.L,1939,0,0,0,0,1266,526,0,0,65.29138731304796
KRPZ.L,1788,0,0,0,0,957,447,1,0,53.52348993288591
KRS.L,2779,1,0,0,0,342,994,1,0,12.306585102554877
KZG.L,2779,0,0,0,0,278,875,0,0,10.003598416696654
LBG.L,1019,0,0,0,0,9,143,0,0,0.8832188420019627
LDG.L,2195,0,0,0,0,136,326,1,0,6.195899772209567
LEND.L,2779,0,0,0,0,693,1020,1,0,24.937027707808564
LEX.L,1277,0,0,0,0,47,528,0,0,3.6805011746280343
LIKE.L,1103,0,0,0,0,18,263,0,0,1.6319129646418857
LINV.L,1128,0,0,0,0,165,437,0,0,14.627659574468085
LIT.L,1775,0,0,0,0,1,62,1,0,0.056338028169014086
LIV.L,2779,0,0,0,0,1608,757,0,0,57.86254048218784
LND.L,2779,0,0,0,0,306,1039,1,0,11.011155091759626
LORD.L,1124,0,0,0,0,17,308,0,0,1.5124555160142348
LPA.L,2779,0,0,0,0,758,1124,0,0,27.275998560633322
LRE.L,2779,0,0,0,0,1,5,0,0,0.035984166966534725
LSC.L,2779,0,0,0,0,2302,428,0,0,82.83555235696294
LST.L,1062,0,0,0,0,43,247,1,0,4.048964218455744
LTHM.L,2779,0,0,0,0,21,554,0,0,0.7556675062972292
MAC.L,2779,0,0,0,0,957,1118,4,0,34.43684778697373
MAFL.L,2779,0,0,0,0,535,1025,0,0,19.251529327096076
MAI.L,2779,0,0,0,0,776,1303,0,0,27.923713566030948
MANO.L,1778,0,0,0,0,17,458,0,0,0.9561304836895388
MATD.L,2779,0,0,0,0,64,528,3,0,2.3029866858582224
MBH.L,2779,0,0,0,0,12,327,0,0,0.4318100035984167
MBO.L,2779,1,0,0,0,1252,642,2,0,45.052177042101476
MCON.L,2779,0,0,0,0,1857,758,0,0,66.82259805685499
MERC.L,2779,0,0,0,0,103,736,0,0,3.7063691975530766
MET.L,2779,232,0,0,0,721,853,3,0,25.944584382871536
MET1.L,614,0,0,0,0,61,171,1,0,9.93485342019544
MEX.L,1067,0,0,0,0,7,258,0,0,0.6560449859418932
MFAI.L,2779,0,0,0,0,496,992,1,0,17.848146815401222
MFX.L,2779,0,0,0,0,747,1187,0,0,26.88017272400144
MHA.L,180,0,0,0,0,0,4,0,0,0.0
MICC.L,16,0,0,0,0,0,0,0,0,0.0
MIDW.L,2440,0,0,0,0,22,254,0,0,0.9016393442622951
MIND.L,1898,0,0,0,0,505,759,0,0,26.60695468914647
MIRI.L,2028,0,0,0,0,156,441,3,0,7.6923076923076925
MKA.L,2413,0,0,0,0,36,468,1,0,1.491918773311231
MLVN.L,2779,0,0,0,0,1334,836,2,0,48.00287873335732
MPAC.L,2779,0,0,0,0,46,643,0,0,1.6552716804605974
MPAL.L,90,0,0,0,0,0,8,0,0,0.0
MPE.L,2779,0,0,0,0,20,237,0,0,0.7196833393306945
MPL.L,2779,0,0,0,0,447,1054,1,0,16.08492263404102
MRK.L,1047,0,0,0,0,57,392,0,0,5.444126074498567
MSI.L,2779,0,0,0,0,612,998,0,0,22.022310183519252
MTC.L,2779,0,0,0,0,42,304,0,0,1.5113350125944585
MTEC.L,1073,0,0,0,0,4,223,0,0,0.3727865796831314
MTL.L,2779,0,0,0,0,386,837,4,0,13.889888449082404
MUL.L,2779,0,0,0,0,155,877,0,0,5.577545879812883
MWE.L,2779,0,0,0,0,202,864,0,0,7.268801727240015
MYX.L,2779,0,0,0,0,1458,938,1,0,52.46491543720763
NAH.L,2779,0,0,0,0,223,788,0,0,8.024469233537243
NAR.L,2779,0,0,0,0,1529,905,0,0,55.019791291831595
NBB.L,2779,0,0,0,0,1823,891,0,0,65.5991363799928
NCYT.L,2062,0,0,0,0,439,144,0,0,21.290009699321047
NET.L,2779,0,0,0,0,52,685,0,0,1.8711766822598057
NEXS.L,2142,0,0,0,0,143,820,0,0,6.6760037348272645
NFG.L,2779,0,0,0,0,8,162,0,0,0.2878733357322778
NICL.L,2779,0,0,0,0,1,80,0,0,0.035984166966534725
NIOX.L,2779,0,0,0,0,0,57,1,0,0.0
NTBR.L,2779,0,0,0,0,557,1080,0,0,20.04318100035984
NTVO.L,2779,0,0,0,0,134,382,4,0,4.821878373515653
NWF.L,2779,0,0,0,0,19,461,0,0,0.6836991723641598
NWT.L,2779,0,0,0,0,835,1117,0,0,30.046779417056495
NXQ.L,2779,0,0,0,0,144,752,0,0,5.181720043181
OBD.L,2290,0,0,0,0,42,480,3,0,1.834061135371179
OBI.L,1026,0,0,0,0,40,372,0,0,3.898635477582846
OMG.L,2779,0,0,0,0,62,533,0,0,2.2310183519251527
OMI.L,2779,0,0,0,0,118,595,1,0,4.246131702051097
OMIP.L,2779,0,0,0,0,1174,979,0,0,42.24541201871177
OPT.L,320,0,0,0,0,0,13,0,0,0.0
OPTI.L,2779,0,0,0,0,13,451,0,0,0.46779417056495143
ORCA.L,1127,0,0,0,0,140,386,0,0,12.422360248447205
ORCH.L,2655,0,0,0,0,1123,877,0,0,42.29755178907721
ORCP.L,2779,0,0,0,0,248,604,4,0,8.924073407700611
ORR.L,2779,0,0,0,0,75,540,0,0,2.6988125224901043
PACS.L,2779,0,0,0,0,1034,1179,1,0,37.20762864339691
PALM.L,1510,0,0,0,0,103,581,0,0,6.821192052980132
PAM.L,2779,0,0,0,0,236,776,0,0,8.492263404102195
PANR.L,2779,0,0,0,0,463,44,1,0,16.66066930550558
PAT.L,2026,0,0,0,0,321,517,1,0,15.844027640671273
PCH.L,2779,0,0,0,0,2403,276,0,0,86.46995322058294
PCIP.L,2779,0,0,0,0,552,1100,0,0,19.86326016552717
PDL.L,2779,0,0,0,0,1,3,1,0,0.035984166966534725
PEB.L,2779,0,0,0,0,222,1024,2,0,7.988485066570709
PEBB.L,1532,0,0,0,0,146,589,0,0,9.530026109660575
PEEL.L,1074,0,0,0,0,55,478,0,0,5.121042830540037
PEG.L,2779,0,0,0,0,697,1231,0,0,25.080964375674704
PEN.L,2779,0,0,0,0,240,1059,0,0,8.636200071968334
PET.L,2779,0,0,0,0,627,1278,1,0,22.562072688017274
PGH.L,2779,0,0,0,0,51,659,0,0,1.8351925152932709
PHE.L,2779,0,0,0,0,67,249,0,0,2.4109391867578265
PLSR.L,304,0,0,0,0,7,45,0,0,2.3026315789473686
PMG.L,2779,0,0,0,0,5,397,0,0,0.17992083483267363
PMI.L,2332,0,0,0,0,41,368,0,0,1.7581475128644939
PMP.L,2779,0,0,0,0,20,657,0,0,0.7196833393306945
PNS.L,2779,0,0,0,0,1826,735,0,0,65.70708888089241
POLB.L,1125,0,0,0,0,0,94,0,0,0.0
POLR.L,2779,0,0,0,0,1,16,0,0,0.035984166966534725
POS.L,2779,0,0,0,0,367,1110,1,0,13.206189276718243
POW.L,2779,0,0,0,0,107,438,1,0,3.8503058654192155
PPH.L,2779,0,0,0,0,37,324,0,0,1.3314141777617847
PPHC.L,1018,0,0,0,0,504,335,0,0,49.50884086444008
PR1.L,254,0,0,0,0,17,92,0,0,6.692913385826771
PRD.L,1922,0,0,0,0,28,277,0,0,1.45681581685744
PREM.L,2779,7,0,0,0,35,216,1,0,1.2594458438287153
PRIM.L,2779,0,0,0,0,332,938,0,0,11.946743432889528
PRM.L,2779,0,0,0,0,301,944,0,0,10.831234256926953
PRO.L,2756,0,0,0,0,51,412,0,0,1.8505079825834543
PTAL.L,1772,0,0,0,0,87,250,0,0,4.909706546275395
PTEC.L,2779,0,0,0,0,0,3,1,0,0.0
PULS.L,2779,0,0,0,0,1113,1168,0,0,40.050377833753146
PWR.L,13,0,0,0,0,0,1,0,0,0.0
PXC.L,2150,0,0,0,0,177,399,0,0,8.232558139534884
PXEN.L,2779,0,0,0,0,113,711,2,0,4.066210867218424
PXS.L,2779,0,0,0,0,166,843,0,0,5.973371716444764
QBT.L,2779,0,0,0,0,139,561,2,0,5.001799208348327
QED.L,2779,0,0,0,0,4,361,1,0,0.1439366678661389
QHE.L,2779,2,0,0,0,24,347,4,0,0.8636200071968334
QTX.L,2779,0,0,0,0,78,779,0,0,2.8067650233897083
QUBE.L,187,0,0,0,0,0,11,0,0,0.0
RBD.L,2779,0,0,0,0,554,533,0,0,19.935228499460237
RBW.L,2254,0,0,0,0,28,376,0,0,1.2422360248447204
RCFX.L,229,0,0,0,0,0,53,0,0,0.0
RCN.L,2779,0,0,0,0,14,294,1,0,0.5037783375314862
RDT.L,2779,0,0,0,0,571,1209,0,0,20.546959337891327
REAT.L,2779,0,0,0,0,532,907,1,0,19.143576826196472
RENX.L,1806,0,0,0,0,65,409,1,0,3.5991140642303434
REVB.L,1125,205,0,0,0,204,21,1,0,18.133333333333333
RFG.L,2779,0,0,0,0,1835,689,0,0,66.03094638359121
RFX.L,2242,0,0,0,0,6,295,0,0,0.26761819803746656
RGG.L,96,0,0,0,0,27,42,0,0,28.125
RHIM.L,2065,0,0,0,0,0,0,0,0,0.0
RKH.L,2779,0,0,0,0,1,30,0,0,0.035984166966534725
RMR.L,2779,0,0,0,0,381,1019,1,0,13.70996761424973
RNWH.L,2779,0,0,0,0,0,43,0,0,0.0
ROAD.L,2779,495,0,495,0,625,575,5,0,22.490104354084202
ROCK.L,2779,0,0,0,0,490,505,1,0,17.632241813602015
ROSE.L,374,0,0,0,0,20,97,2,0,5.347593582887701
RRR.L,2779,0,0,0,0,20,499,0,0,0.7196833393306945
RST.L,2779,0,0,0,0,2,254,0,0,0.07196833393306945
RTC.L,2779,0,0,0,0,928,1075,1,0,33.39330694494422
RVRB.L,207,0,0,0,0,3,42,0,0,1.4492753623188406
RVRG.L,2779,0,0,0,0,1087,933,1,0,39.114789492623245
RWS.L,2779,0,0,0,0,1,3,0,0,0.035984166966534725
SAA.L,2779,0,0,0,0,48,41,0,0,1.7272400143936668
SAAS.L,1122,0,0,0,0,45,337,0,0,4.010695187165775
SAG.L,2779,0,0,0,0,190,1086,0,0,6.836991723641598
SAL.L,2779,0,0,0,0,849,1177,1,0,30.55055775458798
SALT.L,485,0,0,0,0,2,58,0,0,0.41237113402061853
SAR.L,2779,0,0,0,0,9,345,1,0,0.3238575026988125
SAV.L,2779,0,0,0,0,10,248,0,0,0.35984166966534725
SAVE.L,2779,642,0,0,0,1127,201,0,0,40.55415617128463
SBTX.L,2207,1,0,0,0,20,431,0,0,0.9062075215224287
SCGL.L,2556,362,0,0,0,1491,533,2,0,58.333333333333336
SCLP.L,2779,0,0,0,0,24,506,0,0,0.8636200071968334
SDG.L,2779,0,0,0,0,14,371,0,0,0.5037783375314862
SDI.L,2779,0,0,0,0,196,411,0,0,7.052896725440806
SEA.L,1537,0,0,0,0,26,504,2,0,1.6916070266753416
SEE.L,2779,0,0,0,0,9,327,0,0,0.3238575026988125
SEEN.L,2087,0,0,0,0,876,758,0,0,41.97412553905127
SEI.L,5,0,0,0,0,0,1,0,0,0.0
SELK.L,290,0,0,0,0,163,111,0,0,56.206896551724135
SFT.L,2779,0,0,0,0,1106,1057,1,0,39.7984886649874
SHOE.L,2779,0,0,0,0,47,507,0,0,1.691255847427132
SKA.L,2779,0,0,0,0,101,728,1,0,3.6344008636200074
SKL.L,1029,0,0,0,0,347,492,0,0,33.7220602526725
SLP.L,2779,0,0,0,0,74,428,0,0,2.6628283555235694
SML.L,2779,0,0,0,0,27,386,0,0,0.9715725080964376
SNDA.L,2779,1,0,0,0,154,484,2,0,5.541561712846348
SNT.L,2779,1,0,0,0,812,964,2,0,29.2191435768262
SNX.L,2779,0,0,0,0,298,1176,0,0,10.723281756027347
SOLI.L,2779,0,0,0,0,16,519,0,0,0.5757466714645556
SOM.L,2779,0,0,0,0,16,320,0,0,0.5757466714645556
SORT.L,2779,150,0,0,0,340,845,1,0,12.234616768621807
SOS.L,1768,0,0,0,0,5,381,1,0,0.2828054298642534
SOU.L,2779,0,0,0,0,0,125,1,0,0.0
SOUC.L,1109,0,0,0,0,247,405,0,0,22.272317403065824
SPDI.L,2779,107,0,0,0,2203,398,0,0,79.273119827276
SPEC.L,1475,0,0,0,0,6,406,1,0,0.4067796610169492
SPR.L,2074,0,0,0,0,63,533,0,0,3.0376084860173576
SPSC.L,2779,0,0,0,0,2686,92,0,0,96.65347247211227
SPSY.L,2779,0,0,0,0,419,904,0,0,15.07736595897805
SQZ.L,2779,7,0,0,0,8,109,0,0,0.2878733357322778
SRB.L,2779,0,0,0,0,142,832,0,0,5.109751709247931
SRC.L,2779,0,0,0,0,369,561,0,0,13.278157610651313
SRES.L,2779,0,0,0,0,186,937,0,0,6.693055055775459
SRT.L,2779,0,0,0,0,12,472,0,0,0.4318100035984167
SSTY.L,2779,0,0,0,0,584,1230,0,0,21.01475350845628
STAF.L,2779,0,0,0,0,35,118,1,0,1.2594458438287153
STAR.L,2779,0,0,0,0,3,290,0,0,0.10795250089960418
STCM.L,2779,0,0,0,0,540,811,0,0,19.43145016192875
STG.L,977,0,0,0,0,378,421,0,0,38.68986693961106
STX.L,2487,0,0,0,0,292,600,2,0,11.741053478086048
SUH.L,2779,0,0,0,0,1048,1089,0,0,37.711406980928395
SUN.L,2779,0,0,0,0,195,1109,0,0,7.016912558474272
SUP.L,1241,0,0,0,0,0,127,0,0,0.0
SVML.L,1020,0,0,0,0,98,387,0,0,9.607843137254902
SWG.L,2779,0,0,0,0,387,881,0,0,13.925872616048938
SWT.L,2779,0,0,0,0,2660,78,0,0,95.71788413098237
SYM.L,2779,0,0,0,0,139,881,2,0,5.001799208348327
SYN.L,2779,0,0,0,0,23,403,3,0,0.8276358402302987
SYS.L,2779,0,0,0,0,1240,1141,0,0,44.62036703850306
SYS1.L,2779,0,0,0,0,424,1174,0,0,15.257286793810723
TAM.L,2145,0,0,0,0,66,459,0,0,3.076923076923077
TAN.L,2779,0,0,0,0,807,1081,1,0,29.039222741993523
TAND.L,600,0,0,0,0,329,182,0,0,54.833333333333336
TAP.L,131,0,0,0,0,2,44,0,0,1.5267175572519085
TAVI.L,2779,0,0,0,0,282,880,1,0,10.147535084562792
TBLD.L,1215,0,0,0,0,32,376,1,0,2.633744855967078
TCAP.L,2779,0,0,0,0,0,3,0,0,0.0
TCF.L,2576,0,0,0,0,177,819,4,0,6.87111801242236
TEAM.L,1216,0,0,0,0,629,382,0,0,51.72697368421053
TEK.L,2779,0,0,0,0,282,641,0,0,10.147535084562792
TENG.L,2045,0,0,0,0,187,699,1,0,9.144254278728607
TERN.L,2779,0,0,0,0,10,341,1,0,0.35984166966534725
TFW.L,2779,0,0,0,0,14,450,0,0,0.5037783375314862
TGP.L,1904,0,0,0,0,35,509,2,0,1.838235294117647
THAT.L,2779,0,0,0,0,299,548,1,0,10.759265922993883
THR.L,2779,0,0,0,0,29,431,0,0,1.043540842029507
THRU.L,2779,0,0,0,0,477,1076,2,0,17.164447643037064
THS.L,2418,0,0,0,0,99,589,0,0,4.094292803970223
THX.L,1144,0,0,0,0,94,346,0,0,8.216783216783217
TIA.L,2779,0,0,0,0,670,1230,2,0,24.109391867578264
TIDE.L,2779,0,0,0,0,546,1118,0,0,19.64735516372796
TIG.L,2779,0,0,0,0,296,649,0,0,10.651313422094278
TIME.L,2779,0,0,0,0,49,688,0,0,1.7632241813602014
TIN.L,1230,0,0,0,0,2,30,0,0,0.16260162601626016
TLM.L,2779,0,0,0,0,1037,1077,2,0,37.31558114429651
TMG.L,2779,0,0,0,0,56,800,1,0,2.0151133501259446
TMIP.L,1161,0,0,0,0,76,375,0,0,6.546080964685616
TMO.L,2414,0,0,0,0,519,1149,0,0,21.499585749792875
TND.L,2779,0,0,0,0,510,1194,0,0,18.351925152932708
TOM.L,2779,0,0,0,0,223,759,1,0,8.024469233537243
TON.L,2779,0,0,0,0,620,1135,0,0,22.31018351925153
TPFG.L,2779,0,0,0,0,317,818,0,0,11.406980928391508
TPX.L,1786,0,0,0,0,208,612,1,0,11.646136618141098
TRAC.L,2779,0,0,0,0,252,905,1,0,9.06801007556675
TRAF.L,2779,0,0,0,0,1401,853,0,0,50.41381792011515
TRB.L,2779,268,0,0,0,393,562,0,0,14.141777617848147
TRCS.L,2779,0,0,0,0,15,354,0,0,0.5397625044980209
TRLS.L,1160,0,0,0,0,63,448,1,0,5.431034482758621
TRP.L,2779,0,0,0,0,140,660,4,0,5.037783375314861
TRT.L,2779,0,0,0,0,411,927,0,0,14.789492623245772
TRU.L,1985,0,0,0,0,339,671,0,0,17.07808564231738
TRUE.L,2779,0,0,0,0,749,910,2,0,26.952141057934508
TSTL.L,2779,0,0,0,0,7,262,0,0,0.2518891687657431
TUN.L,1058,0,0,0,0,1,103,1,0,0.0945179584120983
TUNE.L,2779,0,0,0,0,90,436,0,0,3.238575026988125
TXP.L,2153,0,0,0,0,28,371,0,0,1.3005109150023224
TYM.L,2779,0,0,0,0,75,684,4,0,2.6988125224901043
UFO.L,2779,0,0,0,0,71,351,3,0,2.5548758546239654
UJO.L,2779,0,0,0,0,20,404,0,0,0.7196833393306945
UKOG.L,2779,0,0,0,0,134,215,3,0,4.821878373515653
UKR.L,2779,0,0,0,0,2267,412,0,0,81.57610651313422
ULTP.L,2232,0,0,0,0,13,279,1,0,0.5824372759856631
UOG.L,2562,1,0,0,0,377,280,0,0,14.715066354410617
UPL.L,2573,0,0,0,0,321,679,0,0,12.475709288767975
UPR.L,1632,0,0,0,0,133,726,0,0,8.14950980392157
URU.L,2779,0,0,0,0,568,930,1,0,20.439006836991723
VAL.L,2779,0,0,0,0,9,441,1,0,0.3238575026988125
VAST.L,2779,0,0,0,0,17,165,2,0,0.6117308384310903
VCP.L,2779,0,0,0,0,9,278,0,0,0.3238575026988125
VEL.L,2179,0,0,0,0,295,827,0,0,13.538320330426801
VIC.L,1144,0,0,0,0,0,3,0,0,0.0
VINO.L,1220,0,0,0,0,57,365,0,0,4.672131147540983
VLE.L,2779,0,0,0,0,480,1218,0,0,17.272400143936668
VLG.L,2779,0,0,0,0,424,674,0,0,15.257286793810723
VNET.L,2779,0,0,0,0,231,1132,0,0,8.312342569269521
VOX.L,801,483,0,0,0,715,39,0,0,89.26342072409489
VRCI.L,1302,0,0,0,0,18,374,1,0,1.3824884792626728
VTU.L,2779,0,0,0,0,1,17,0,0,0.035984166966534725
VZLA.L,1037,0,0,0,0,957,67,0,0,92.28543876567021
W7L.L,2294,0,0,0,0,12,354,0,0,0.5231037489102005
WATR.L,2779,0,0,0,0,226,707,0,0,8.132421734436848
WINE.L,2779,0,0,0,0,1,11,0,0,0.035984166966534725
WINK.L,2779,0,0,0,0,781,1151,0,0,28.10363440086362
WISE.L,1133,1,0,0,0,1,1,0,0,0.088261253309797
WIZZ.L,2741,0,0,0,0,1,2,0,0,0.036483035388544326
WJG.L,2469,0,0,0,0,1,7,0,0,0.04050222762251924
WKS.L,284,0,0,0,0,12,58,0,0,4.225352112676056
WNX.L,197,0,0,0,0,129,59,0,0,65.48223350253807
WPHO.L,2718,0,0,0,0,1046,788,0,0,38.48417954378219
WPP.L,2779,1,0,0,0,2,3,0,0,0.07196833393306945
WRKS.L,1883,0,0,0,0,137,360,0,0,7.27562400424854
WSBN.L,2779,0,0,0,0,289,645,1,0,10.399424253328535
WSP.L,2779,0,0,0,0,2134,524,0,0,76.7902123065851
WTE.L,2779,0,0,0,0,1205,948,1,0,43.36092119467434
WVIA.L,41,0,0,0,0,1,14,0,0,2.4390243902439024
WYN.L,2779,0,0,0,0,9,431,0,0,0.3238575026988125
XLM.L,2779,138,0,0,0,167,534,1,0,6.009355883411299
XPF.L,2396,0,0,0,0,695,519,1,0,29.006677796327214
XSG.L,2779,0,0,0,0,69,756,2,0,2.482907520690896
XTR.L,2779,0,0,0,0,18,322,2,0,0.647715005397625
YCA.L,1893,0,0,0,0,0,3,0,0,0.0
YOU.L,2779,0,0,0,0,35,312,0,0,1.2594458438287153
YU.L,2473,0,0,0,0,150,573,2,0,6.06550748079256
ZAM.L,2779,0,0,0,0,544,1057,0,0,19.57538682979489
ZED.L,1122,0,0,0,0,240,414,0,0,21.390374331550802
ZIN.L,2779,0,0,0,0,776,1223,0,0,27.923713566030948
ZIOC.L,2779,0,0,0,0,162,589,0,0,5.829435048578626
ZOO.L,2779,0,0,0,0,129,572,0,0,4.64195753868298
ZPHR.L,2779,0,0,0,0,24,543,0,0,0.8636200071968334
