Date,walk_forward,equal_weight,buy_and_hold
2020-01-02,0.0030513250165049577,0.004462903857955336,0.004462903857955336
2020-01-03,-0.0066511545106489045,0.0038276199377340614,0.0038276199377340614
2020-01-06,-0.007173784925189941,-0.004727038643996373,-0.004727038643996373
2020-01-07,0.0004821400230299311,0.0018036542327817262,0.0018036542327817262
2020-01-08,-0.007222137887071045,-0.00044582754777444666,-0.00044582754777444666
2020-01-09,-0.0004848202736720264,0.0007838266233006763,0.0007838266233006763
2020-01-10,-0.005337508742450536,0.002852457201697245,0.002852457201697245
2020-01-13,0.008049046948358507,0.004129021920415976,0.004129021920415976
2020-01-14,0.0019358864702903045,0.0016222602038404865,0.0016222602038404865
2020-01-15,-0.00217373814795796,0.0019052728615220893,0.0019052728615220893
2020-01-16,-0.0012102367894231136,-0.0006964551554470289,-0.0006964551554470289
2020-01-17,0.008965797892119376,0.0038933054349736818,0.0038933054349736818
2020-01-20,-0.00168121625598594,-0.0001264099992795975,-0.0001264099992795975
2020-01-21,-0.0062548654674353665,-0.0031500004639399837,-0.0031500004639399837
2020-01-22,0.0026630002599408176,-0.0025737653451881615,-0.0025737653451881615
2020-01-23,-0.010140169950069944,-0.001232033654209319,-0.001232033654209319
2020-01-24,0.009756149363048916,0.004373226055854662,0.004373226055854662
2020-01-27,-0.02318835048146317,-0.009930937802970385,-0.009930937802970385
2020-01-28,0.00519289022903946,0.0038608177912098363,0.0038608177912098363
2020-01-29,0.003690071094823999,0.0014083230677117697,0.0014083230677117697
2020-01-30,-0.00931350372608486,-0.009676854183679362,-0.009676854183679362
2020-01-31,-0.0047008025900734385,-0.006396169963761245,-0.006396169963761245
2020-02-03,-0.0017398974861355665,0.007346978093428103,0.00732473717227089
2020-02-04,0.01543798912556893,0.005080850756870481,0.004759428205687755
2020-02-05,0.0024522253031404873,0.0036048688367060766,0.003451117694222239
2020-02-06,0.004892393373916448,0.004673148714176678,0.004636606061433568
2020-02-07,-0.004138332891519991,-0.0011575251941466913,-0.001059679385700063
2020-02-10,-0.0009775220160689324,-9.118702143418034e-05,1.2904673020619484e-05
2020-02-11,0.009297490860092461,0.0034752732934009156,0.0033602771963914257
2020-02-12,0.006303271204325389,0.00070226883093083,0.0005915841458230542
2020-02-13,-0.00602313225976836,-0.005533248095355825,-0.0054679606152446825
2020-02-14,0.006059630213992584,0.0023545680146066506,0.0023887706431242606
2020-02-17,0.0021681484763909076,0.0011963809928519087,0.0011305530309111411
2020-02-18,-0.007932952918186742,-0.003174859517919404,-0.003007341358310267
2020-02-19,0.008480855811937804,0.0066798356152282246,0.0065194203544907126
2020-02-20,0.0009610226333998106,0.0012260709078244503,0.0013573197266920634
2020-02-21,-0.0038405172515030284,-0.0024156095693120827,-0.0022049920950034663
2020-02-24,-0.03228899897737525,-0.01338332288478905,-0.012870427233545922
2020-02-25,-0.020020002034311868,-0.008978342639312853,-0.008790072571714602
2020-02-26,-0.005285079493723255,0.001750337962679982,0.0016576256950939783
2020-02-27,-0.03760093972982825,-0.013276541037903211,-0.012869480308472903
2020-02-28,-0.0026542555995612283,-0.016365225765103686,-0.016186982403980643
2020-03-02,-0.001565007676580521,0.008506912093542818,0.00850039028943228
2020-03-03,0.02498975829578054,0.008425837077886023,0.00839054931645844
2020-03-04,0.0015987210231813709,0.003453424106980796,0.003281718230034203
2020-03-05,0.001995211492418214,-0.0046685689697946176,-0.004223950045294078
2020-03-06,-0.0019912385503783048,-0.014080432066033599,-0.012684448912244406
2020-03-09,-0.006983240223463638,-0.035469963215373324,-0.033480730238088174
2020-03-10,0.00421940928270037,0.001548751896964351,0.0011807799002652164
2020-03-11,0.002801120448179484,-0.006204080012521929,-0.006342995171054411
2020-03-12,-0.01755786113328006,-0.05122916733579108,-0.04881672222310496
2020-03-13,-0.023151909017059324,0.006214125617026278,0.005099816528197687
2020-03-16,-0.0013513513513514486,-0.03274661973747617,-0.032503629389222355
2020-03-17,0.03632767773498502,0.0060119406324663505,0.005543468144930452
2020-03-18,-0.002008838891120912,-0.03269571681923622,-0.03276444670424705
2020-03-19,-0.0020128824476650653,0.007868692722251103,0.007755250842278016
2020-03-20,0.0004033884630900708,0.017836795384952975,0.018600958161947734
2020-03-23,0.06169354838709662,-0.0026501942524141953,-0.0011915871360186348
2020-03-24,0.0303835928598557,0.03312831125469873,0.03152970341046535
2020-03-25,-0.010320678215997026,0.015783423445508094,0.01495060426601258
2020-03-26,-0.021601489757914316,0.0073890354548435955,0.0071973406508201165
2020-03-27,-0.02550437761705382,-0.021000234926349615,-0.019736033622990923
2020-03-30,-0.0031249999999999334,0.004879348645285608,0.004648509242147991
2020-03-31,-0.007053291536050166,0.0005206016497902866,-5.313680263241416e-06
2020-04-01,-0.0116416732438831,-0.01612268059832256,-0.014909612739238631
2020-04-02,0.016570173687362466,0.0022265495437603366,0.0025239413365321095
2020-04-03,0.014139827179890041,-0.0007476743935240782,-8.412576072514e-05
2020-04-06,0.016653756777691875,0.020279203793967193,0.018960709785094787
2020-04-07,0.0003809523809523707,0.014009953661134666,0.01260141883291932
2020-04-08,-0.00990099009901002,0.00011386243880129321,0.00032157239539465365
2020-04-09,0.013846153846154063,0.021768147633051127,0.021481647464435927
2020-04-14,0.02124430955993928,-0.004177732564874415,-0.0033901878027557952
2020-04-15,-0.002971768202080338,-0.013583904266699198,-0.01245527362244514
2020-04-16,0.01154992548435163,0.004789184659396595,0.004803429615817256
2020-04-17,-0.023941068139962995,0.006959011987813124,0.00549880533712277
2020-04-20,0.0037735849056603765,0.0002238506205645141,-0.00015016597375239193
2020-04-21,0.003759398496240518,-0.011489488675371473,-0.010035214622999389
2020-04-22,0.014981273408239737,0.008647575482392256,0.008418366959631829
2020-04-23,0.009963099630996286,0.006618901313742542,0.006719167841110485
2020-04-24,-0.006941907197661745,-0.00627531616428767,-0.006140299161553564
2020-04-27,-0.008094186902133926,0.00654868241386608,0.005715460938371386
2020-04-28,-0.00667655786350152,0.006215465788719898,0.005358947079556309
2020-04-29,0.0011202389843165683,0.013140740771473425,0.01193832860278965
2020-04-30,-0.013427825438269259,-0.01148731640223044,-0.010276674100424432
2020-05-01,0.00018903591682395415,-0.012774744287564088,-0.011802755447417157
2020-05-04,0.0141750141750141,0.00034213068885913245,0.0007108553885171176
2020-05-05,-0.005031680954155737,0.010012615272595005,0.009533751687435199
2020-05-06,0.0013111069488669358,-0.001955023534751521,-0.0016798944121224624
2020-05-07,0.011784511784511675,0.008676603249136328,0.008217516718505902
2020-05-11,-0.0046219264189313325,0.0030595125936840883,0.0026335771759049553
2020-05-12,0.00891530460624046,0.0008393066842844465,0.001045642329712937
2020-05-13,0.010309278350515427,-0.006589435967565782,-0.0060171795225728575
2020-05-14,0.01384839650145775,-0.007706494483501913,-0.0068694425352857635
2020-05-15,0.011143062544931581,0.006153589570591533,0.005829310267809307
2020-05-18,-0.012086740135087148,0.017526211344123244,0.015969506793155563
2020-05-19,0.0005397625044980536,-8.843404031155799e-05,5.6668086430455844e-05
2020-05-20,0.0030570041359470057,0.00584002467210043,0.005886469214316792
2020-05-21,-0.012907852276801912,-0.003957212330580329,-0.003615166443179163
2020-05-22,0.01053396294950959,-0.0005276232912254653,-0.00036246914897275495
2020-05-26,-0.02372393961179009,0.00721192938935955,0.005861302700330473
2020-05-27,0.0018409425625920406,0.006667062131211932,0.0066351679112439665
2020-05-28,0.004410143329658167,0.005256584378890317,0.005060717051218466
2020-05-29,0.004756677643615204,-0.006463735568792539,-0.0056415061880157324
2020-06-01,-0.006919155134741506,0.003950317606751685,0.0030496760304594694
2020-06-02,-0.008434176751008438,0.004558946706629818,0.004136952378075209
2020-06-03,-0.02644230769230782,0.007251231223931454,0.006291880682596895
2020-06-04,0.010826210826210936,-0.0018657192338794593,-0.0017295970940063299
2020-06-05,-0.030439684329199523,0.007097705242957941,0.006265507192434461
2020-06-08,0.010465116279069653,0.0018079642792163675,0.0019128070064806657
2020-06-09,0.011507479861910364,-0.004359438621922673,-0.0037121986568280363
2020-06-10,-0.0024649222601441645,-0.001387021395139021,-0.0009954641308708156
2020-06-11,0.0249002090857251,-0.01144074286651009,-0.010422774083522546
2020-06-12,0.002225519287833766,0.0004899016853978644,0.0002815430689686593
2020-06-15,-0.007401924500370027,-0.0026820103472885437,-0.0027962311400161477
2020-06-16,0.0007457121551079915,0.013720587462937806,0.01362927031865424
2020-06-17,0.004098360655737876,0.003922215115272021,0.00418204267905975
2020-06-18,0.005751391465677269,-0.0006738650779440913,-0.0012792811228515832
2020-06-19,0.016233167312303953,0.004970065962855763,0.004961776935288764
2020-06-22,0.0032673806498457747,-0.004014563400146054,-0.0036656862937127777
2020-06-23,-0.0027139497014656566,0.0029452161185168357,0.0029394699955165304
2020-06-24,0.00834542815674899,-0.009960981240058953,-0.009271717850497185
2020-06-25,-0.0025188916876573986,0.00118458580381553,0.0014179983353517223
2020-06-26,0.009018759018758926,0.0012419774105252301,0.0009688925589541597
2020-06-29,0.009295673936360549,0.00647447387208655,0.006512972478845747
2020-06-30,-0.00460503010981228,-0.0030103227950767364,-0.003115906904653354
2020-07-01,-0.003944223941659608,-0.0027543151263726973,-0.0031747735723325343
2020-07-02,0.010457278041531293,0.008922427104057551,0.009073001220768262
2020-07-03,-0.0046924184271921465,-0.002388707943742796,-0.0023483676358297956
2020-07-06,0.016726932386869287,0.009567935218311119,0.009669799036376325
2020-07-07,-0.01511782478659085,-0.006233867308192642,-0.006148084105848106
2020-07-08,-0.013608541821832354,-0.00438861534557855,-0.004204603260526518
2020-07-09,-0.013011599919959704,-0.004298256048692051,-0.004273022338967647
2020-07-10,0.010864495170187727,0.0027603134616340785,0.002547497919882069
2020-07-13,0.014810920424161544,0.00662067090639562,0.006671717461594673
2020-07-14,-0.010397113443026518,-0.0011780577010119808,-0.0009910634605103663
2020-07-15,0.02669012225813172,0.004702255325678362,0.004332900602123768
2020-07-16,-0.0010805439889784996,-0.0034390818985096105,-0.003485101283865144
2020-07-17,0.007571929109155606,0.003035007397869105,0.00308502781815001
2020-07-20,-0.009030606170089328,-0.002510741768460556,-0.0024439641897658904
2020-07-21,0.009686430652740219,0.004525501988237979,0.004592231567430272
2020-07-22,-0.0029032774158195274,0.0002867972016120657,0.0006815196598390916
2020-07-23,0.007659155188729505,0.0019772592956974755,0.0021583913264116017
2020-07-24,-0.015139093333019993,-0.007647519579784712,-0.007603415103492939
2020-07-27,-0.006187021258153069,0.000998101894275072,0.0016383450001460353
2020-07-28,0.0007701741653727279,0.0002224299100450633,0.00013601279802522015
2020-07-29,0.0013467522537307097,0.0004419067895138351,0.00024841211265180796
2020-07-30,-0.011848367863460552,-0.007556051676860243,-0.007476533628899995
2020-07-31,-0.015101419608110511,-0.005191165898386085,-0.005076275532907459
2020-08-03,0.017772122127385215,0.008815364713129048,0.008664535328211542
2020-08-04,0.006470760746821513,0.00422381738893951,0.004206128583695401
2020-08-05,0.01425259935539458,0.0036355208319052146,0.003466798255732373
2020-08-06,-0.007331744466335333,-0.0010618159800442895,-0.0007067620924463558
2020-08-07,-0.002308068980568345,0.00048796571626130714,0.0002624474317474146
2020-08-10,-0.009986037358229227,0.0011386661852563762,0.0009470138604583678
2020-08-11,0.011917390793048543,0.0005855399279726115,-0.0006373531525565301
2020-08-12,0.007581749367673307,0.002629732039012511,0.0023399716844325624
2020-08-13,-0.005003592403199253,-0.002951869492930914,-0.0029262835582083424
2020-08-14,-0.004414997115904318,-0.004385484588825483,-0.004459157332351915
2020-08-17,0.010141096367148217,0.005034143487981035,0.005455447609852282
2020-08-18,-0.011948019876263927,-0.005437940450286227,-0.005276333480332518
2020-08-19,3.86846406188468e-05,0.0005204693501448254,1.0919850424118138e-05
2020-08-20,-0.017616243414893762,-0.004353196727942876,-0.004468664983501847
2020-08-21,0.018522177337950474,0.0025863330066662193,0.0028381030343265223
2020-08-24,0.010926641180282193,0.006491333715141545,0.006282144770624498
2020-08-25,0.006607277184685456,-0.0043068508999497546,-0.004492895112929163
2020-08-26,-0.0006450451509344424,4.991367354900689e-05,-0.0001029688491791525
2020-08-27,-0.00702374679079143,-0.0032044717069404927,-0.0034867531029069143
2020-08-28,-0.0007266724533260271,-0.0003880946766804394,0.00013067128552446405
2020-09-01,-0.013162201417735164,-0.003532880065294397,-0.0033485241367594565
2020-09-02,0.006901595095299973,0.008125485852410907,0.008003848659116741
2020-09-03,-0.01270735099511322,-0.005990707217065183,-0.0061293826630283155
2020-09-04,-0.005655625820226051,-0.005692199255590391,-0.005555598346930646
2020-09-07,0.01043379736280281,0.009676359959493785,0.009771397514208635
2020-09-08,0.0018634474514274135,0.001795897308656702,0.002184490028497743
2020-09-09,0.007826926317907823,0.003451213005291498,0.003475525109816413
2020-09-10,0.012418442433281163,0.004989463604334832,0.005411432545833872
2020-09-11,0.005924106203902824,0.003764450978116063,0.003910294815767434
2020-09-14,0.004227889481721148,0.0005187048342534251,0.00033709265590275983
2020-09-15,0.014022432834126075,0.0034484876021454447,0.0031646583833475628
2020-09-16,-0.006154324002784151,-0.0020904606071416865,-0.0021378995234104803
2020-09-17,-0.008053712890621512,-0.0024778493475582364,-0.0025638498578880453
2020-09-18,-0.0008345311190134375,-0.0018433035120456465,-0.0015256167350177208
2020-09-21,-0.013969934904763504,-0.01233711604784593,-0.01226140783486529
2020-09-22,0.003041471157144482,0.0024754961025388322,0.002614398766640491
2020-09-23,-0.003953452378503974,-0.00012425111953395795,-0.0005598333883684026
2020-09-24,-0.0112524269759533,-0.006081298273041158,-0.006133644789324544
2020-09-25,-0.003546736577069831,0.0034004436600092447,0.0034275514243409244
2020-09-28,0.005984201933294964,0.004239226834479304,0.0038832517975093683
2020-09-29,-0.00031081550522282786,-0.0007447735742701633,-0.00021954030446169615
2020-09-30,0.01213431982531099,-0.0013800678620663476,-0.001535194158880926
2020-10-01,0.008210745000144293,0.002242360275625188,0.002330950000582366
2020-10-02,-0.012256277730614329,-0.0020001702655160214,-0.0023423890491007793
2020-10-05,0.010469540232008523,0.004044001259636998,0.003923899385619434
2020-10-06,0.0036454643003056564,0.0027249538724354316,0.002611161268194051
2020-10-07,0.0031542597311371434,0.0004234066895454358,0.00026627709830862045
2020-10-08,0.006669795892941588,0.00392223115482726,0.003919626318311664
2020-10-09,0.00501653834342819,0.0029565454867028773,0.0032457494679447585
2020-10-12,0.012808643892696425,0.00024362679283784772,0.00022071950718394184
2020-10-13,0.006881093050963072,0.00019144283298677678,0.0003970724903998857
2020-10-14,-0.009235430835303204,5.6686137539951886e-05,0.00029950502229780795
2020-10-15,-0.004660759540023651,-0.001352014256129297,-0.0011039492695446018
2020-10-16,0.01067643048473288,0.0034384636777944344,0.0035706503909902487
2020-10-19,-0.013621637206136739,-0.0022305293008944016,-0.0020916735412872534
2020-10-20,-0.006199703261752343,-0.0004026133607114568,-0.0005359584623743086
2020-10-21,-0.013612126402974822,-0.009350759584190516,-0.009472630203980148
2020-10-22,0.0013420789947076184,0.0002206592614728553,-0.00010524207619533321
2020-10-23,0.008900130371268355,0.003991256226828499,0.003958499673238691
2020-10-26,-0.01707462337911536,-0.0055443846977460964,-0.005548062734826775
2020-10-27,-0.0008687690084481225,-0.0010705831857769077,-0.0006357248184737374
2020-10-28,-0.021732352793205623,-0.008771799747701259,-0.008520936511455468
2020-10-29,0.005627621921838077,0.00016233680858368515,0.00032554291262743007
2020-10-30,-0.013451146441269768,-0.004861051965225793,-0.005084955679890202
2020-11-02,0.011960944781634009,0.009090011448740887,0.00940090407269123
2020-11-03,0.008688212871247547,0.003737699742635492,0.003108775429724542
2020-11-04,0.005383163925918755,0.013790127878611669,0.013791162329553464
2020-11-05,0.011137447232528519,0.003444671732654836,0.003495600352976469
2020-11-06,-0.0016946199414396013,-0.004034054798666475,-0.004140456956329808
2020-11-09,0.03458520895519901,0.012349137391584719,0.010421225770183229
2020-11-10,-0.009844104112352037,-0.0034832252797155627,-0.004242947742434944
2020-11-11,0.005178005976724798,0.0034911336447158714,0.003024423496624573
2020-11-12,-0.004327320592135919,0.0032864715236156083,0.0037973573373739633
2020-11-13,-0.0026902336134664306,-0.0007239292253289342,-0.000609504635925906
2020-11-16,0.015563537376881875,0.007953464470847216,0.007697246617776932
2020-11-17,-0.002043569790759703,-0.002310706818221653,-0.002344296713676308
2020-11-18,-0.0032758268197903284,0.0012395605859163439,0.0009360742680328826
2020-11-19,0.0,-0.0029886945026295075,-0.002879720442472644
2020-11-20,0.0039030489664730883,0.0022029673624235357,0.0024616827960945997
2020-11-23,0.007775648794978496,-0.0007165823181374265,-0.0011175335835692524
2020-11-24,0.008731057700342326,0.004653836371626641,0.004209945173260454
2020-11-25,-0.011272171806791076,-0.0017252703978815065,-0.0013711779132697943
2020-11-26,0.01099352569325096,0.0029525405818324746,0.003401265707222878
2020-11-27,0.009665598004069409,0.0013057478916278509,0.001243976828575022
2020-11-30,-0.021340235448611855,-0.006977402652547315,-0.007123359877232005
2020-12-01,-0.00369197220735229,0.0032389316248362388,0.00332645973513368
2020-12-02,0.003328601818996635,0.0035630277196796456,0.003816560197154928
2020-12-03,0.004312679038032341,-0.0014176564768459965,-0.0016946972720474074
2020-12-04,0.007652496275661225,0.0028337589416809195,0.003018156419493989
2020-12-07,0.012730143039167308,0.006737624364980155,0.007341294423863776
2020-12-08,-0.004315921813520696,0.0007801824597897244,0.0008968114754097645
2020-12-09,0.008019111518201338,-0.001364040949654699,-0.001348536196374317
2020-12-10,0.0020425772212706583,0.005705747317521492,0.005867900707095641
2020-12-11,0.0022529673022004815,0.0010929857690404887,0.0012374884105481598
2020-12-14,0.0005887218773521496,-0.003201211452636743,-0.0035183923152416474
2020-12-15,-0.004814129663388345,-0.003973784040719686,-0.004295728776026353
2020-12-16,0.0030637525016972145,0.0019358402655205165,0.001859035968583056
2020-12-17,0.0009645080063771516,0.0014080143879025009,0.0014601359666150948
2020-12-18,0.00985010772231143,0.0026571808846456157,0.003080716898200775
2020-12-21,-0.0046650365630759305,-0.002084103077730104,-0.00169590376602069
2020-12-22,0.008947655691047718,0.0029799285192180225,0.002947332276409975
2020-12-23,0.0016364092551512943,-0.0053776949240269545,-0.006094188011570578
2020-12-24,-0.003056683183618625,-4.7314786550622934e-05,-0.0002134522670564909
2020-12-29,-0.0003700359227244432,0.01002219684497252,0.010514208626512422
2020-12-30,0.00010580691337724879,-0.0011855542374696881,-0.001183520476574218
2020-12-31,-0.006027935516046523,-0.0031184237300234674,-0.0029846613197157534
2021-01-04,-0.0009206333362190566,0.004574034203716826,0.004790410431766645
2021-01-05,0.007179495476304032,0.0008436259550956837,0.0007495725089250449
2021-01-06,0.01384932084857593,0.00423422827670894,0.004426757078428878
2021-01-07,-0.0011048450751238725,0.00014442692272731428,0.0003669885450128252
2021-01-08,0.004223232389058307,0.001185393120129774,0.0013077001727164195
2021-01-11,-0.013016918737435379,-0.0029551810640610077,-0.00284993848817916
2021-01-12,-0.00314487020998222,-0.004408748438063381,-0.004525878319793009
2021-01-13,-0.003663655071968197,0.0034358280262205554,0.0034054270763539396
2021-01-14,0.006332909282466659,0.0025651646643196635,0.0025181242963745465
2021-01-15,-0.007917332614107653,-0.0033719353372947403,-0.0035885649834269673
2021-01-18,-0.0014322481147164279,0.0016154878687004715,0.001744061614558312
2021-01-19,-0.0001024859675351486,4.943068857943267e-05,0.00014054998159607202
2021-01-20,0.014755670275866217,0.0030699526890696216,0.0032125123133528444
2021-01-21,-0.005351901161247952,-0.0035586579770975346,-0.0036676619375828334
2021-01-22,-0.010355446367037668,-0.0009682382989778526,-0.0010022596129982686
2021-01-25,-0.009745644205709891,0.00042865776261646893,0.00044167932338390337
2021-01-26,0.001864815979424117,0.0006254692771754389,0.0005226841371754887
2021-01-27,-0.006824804908711513,-0.004523194481649728,-0.0049045091244886985
2021-01-28,0.00416470316989459,-0.0016228949809917737,-0.0015703616889933825
2021-01-29,-0.00456175500722078,-0.00757097894906078,-0.007916637129190107
2021-02-01,-0.004593106632639676,0.004690690242406648,0.004903860867538246
2021-02-02,0.020807440322610393,0.005789677733338827,0.00619460364955704
2021-02-03,0.0005591256736507955,2.7597506323528975e-05,0.00016231921133980087
2021-02-04,0.013056287811582967,-0.0018270685548554821,-0.0021348343379765655
2021-02-05,0.006469069263412841,0.0009649221454541834,0.0010288918423460025
2021-02-08,0.013951205326511174,0.004428937347685125,0.004834151339925263
2021-02-09,-0.00029486578311277434,0.00011930948875726877,9.648363312741992e-05
2021-02-10,-0.0030475951178099425,-0.0015665530691179042,-0.0017448529242772848
2021-02-11,0.006508232529520264,0.0038766709603552663,0.004186077111512754
2021-02-12,-0.002155320819802964,-0.0016707779608272633,-0.001795511431501029
2021-02-15,0.007069174953301616,0.0018177350845471896,0.0017235989224817505
2021-02-16,-0.010139425939569513,-0.0039958333094384235,-0.004199155306238711
2021-02-17,-0.00925833387186692,-0.0010625439711857698,-0.0011202390075297775
2021-02-18,-0.01575700541524705,-0.008503427031878674,-0.009061956100191226
2021-02-19,0.01166602626016644,0.000982136352569274,0.0012719524369586566
2021-02-22,-0.002945288362231069,-0.0031720525111497144,-0.0035196414693520195
2021-02-23,-0.01702298902823285,-0.0035620634725390676,-0.0042148196118484416
2021-02-24,0.019457035642248766,0.0016578591965670242,0.0015963616474548026
2021-02-25,-0.004846371472810529,-0.0030344837237439304,-0.002894994907117976
2021-02-26,-0.012049391502329643,-0.008166046837109864,-0.008180122720879313
2021-03-01,0.021953507721621524,0.010083602190564145,0.010501701984688916
2021-03-02,-0.004674284426551045,-0.0005190908144895312,-0.0007614410832023077
2021-03-03,0.0005994769085133633,-0.002242298367638007,-0.0021918363283732756
2021-03-04,-0.020770939122551013,-0.0012988061814365182,-0.0017718355684620546
2021-03-05,-0.01932488881903871,-0.0049236871549591665,-0.004930587764971572
2021-03-08,0.04383093748670497,0.007377985312909674,0.008027058769582984
2021-03-09,0.004283743852848021,0.0029154779149125343,0.0029831083007099135
2021-03-10,0.005058986187757686,0.0003398581399798317,0.0003443866343744162
2021-03-11,0.010363254661163168,0.0036888670492012388,0.0039679267659318285
2021-03-12,0.006837910681049442,-0.003117961384433987,-0.0029239420709904484
2021-03-15,0.007179528840296934,0.003899716400387776,0.004013492159195442
2021-03-16,-0.0015412575548215957,0.002477625953802187,0.0026395510935148803
2021-03-17,-0.0070429286865055785,-0.003995518095257555,-0.003986841988932621
2021-03-18,0.0069957738846679884,-0.0016365283324967228,-0.0013471901403047104
2021-03-19,-0.007526058110086886,-4.305329917131395e-06,-8.40183008928852e-05
2021-03-22,-0.004083202009187548,0.0015939790481109828,0.001616486264121475
2021-03-23,-0.010445172433600214,0.0007310375005089575,0.0004342117723139527
2021-03-24,-0.001085102049360076,0.0014041022480275611,0.0012142528920027207
2021-03-25,-0.01185076382001271,-0.0019712326935604763,-0.0022831498899159586
2021-03-26,0.014791197640956932,0.0023618661909545757,0.0026967535235926654
2021-03-29,-0.011030181433856812,-0.002832490144460076,-0.0027711520191834316
2021-03-30,0.00896237345438644,9.039735692284445e-05,0.00034584055096065214
2021-03-31,0.0031582696515080055,-0.0010698355040822394,-0.0010779143915085054
2021-04-01,0.0058048030133257544,0.004283798434846275,0.004512245905958112
2021-04-06,0.011836084806212677,0.0056951183779840875,0.005992793408623909
2021-04-07,0.002030153589140049,0.0021654176273731007,0.0021008771164565676
2021-04-08,0.000868289891236218,0.0054524109792495334,0.005693785719368849
2021-04-09,0.004916194050575973,-0.000959624367593559,-0.000909485782015218
2021-04-12,-0.0022062122846971954,-0.002242169132179783,-0.0022439611465031595
2021-04-13,0.0005767703209083042,0.002818678130176444,0.00287430846314618
2021-04-14,0.010184468358180432,0.0013045783352159113,0.0013230591524922009
2021-04-15,-0.0017119696739911205,0.006050782045641245,0.005920117023713312
2021-04-16,0.0024771362585764845,1.8978177533934826e-05,0.00015574626043668438
2021-04-19,-0.016156630986510878,-0.005503301525631277,-0.006095394068371229
2021-04-20,-0.01931991930986854,-0.00507784894077723,-0.005666624393829034
2021-04-21,0.012903817928625383,0.0031248276395443586,0.0035070041468303614
2021-04-22,0.019644040110523564,0.00703130226739801,0.007621330233685386
2021-04-23,0.0027658829983012723,0.0007647828968695425,0.0008506810086326144
2021-04-26,0.00789425371764274,0.0015403458851914742,0.0015682525227229682
2021-04-27,-0.0016042463120153894,-0.002645804265476004,-0.002711215701142744
2021-04-28,-0.00018902221700611843,0.00023526033061438412,0.0004184335321679722
2021-04-29,-0.0034033136260477326,-0.0032950805311732223,-0.003414004097853751
2021-04-30,0.0013280154816932566,0.0023171337935203873,0.002297980069403849
2021-05-04,-0.01252464796151731,-0.002121209460748563,-0.002902367029382402
2021-05-05,-0.012253191154968368,0.002600791169840466,0.002993597872440912
2021-05-06,0.00481021910599444,0.003487422907329174,0.003535184270227587
2021-05-07,0.0034013867414866006,0.0037190335571093414,0.004024223312181885
2021-05-10,0.0021343268184486064,-0.005051421112110099,-0.005597947262090286
2021-05-11,-0.023678335578191656,-0.012476024664373697,-0.01313494305264229
2021-05-12,-0.003208039014132469,-0.003293807060974374,-0.003662246331510577
2021-05-13,-0.0020000469036631774,-0.0017661376271712603,-0.0015542240414460062
2021-05-14,0.005848698899527438,0.006625830991091819,0.006967841669327957
2021-05-17,-0.0012921604718336699,-0.0006700997341952952,-0.0007500792088258601
2021-05-18,0.005692811545638943,0.0016312540780865081,0.0017869576469680126
2021-05-19,-0.011321173782459004,-0.005274033297338221,-0.005861273519363608
2021-05-20,0.013012272971099303,0.005355986812538127,0.00587864720679665
2021-05-21,0.0,0.0005831990741560489,0.0006170795296291942
2021-05-24,0.010661617604940554,0.005044651083577767,0.0052575979936653194
2021-05-25,0.003685932540061998,0.0020388642788033984,0.002109898687552736
2021-05-26,0.005065167105862578,0.00344898017893569,0.003528807744395124
2021-05-27,-0.004535842807730339,-0.002699570934393103,-0.002573187127712817
2021-05-28,0.0040501695870398535,0.0038613068260879846,0.004022326522038933
2021-06-01,0.004384756587221261,0.0018177433904471574,0.0021539100269616362
2021-06-02,-0.0010310013219625436,0.0030373281429834087,0.0029810667877490094
2021-06-03,0.0,-0.0030774347410646996,-0.0031553106893031924
2021-06-04,0.0019165898870276976,0.002995068573837356,0.0029686392453496246
2021-06-07,0.005738626913499356,0.0004328478585284845,0.0003903374598481779
2021-06-08,0.0005852444439862214,0.002729761593245117,0.002654916986460698
2021-06-09,0.006141114967010974,0.0023944999940834766,0.0024590041189196388
2021-06-10,-0.003923814089964228,-0.0011039864396185095,-0.0012682677328493819
2021-06-11,0.0025533289893358013,0.00246615979656295,0.002495690317321664
2021-06-14,0.004729657283409683,-0.00036933208963008113,-0.00024423617114599505
2021-06-15,0.003476301616167854,-0.0008920867644698349,-0.0009194754513671688
2021-06-16,-0.0002886235465444642,0.0005477502214032981,0.0004757687904306529
2021-06-17,-0.004607853193978717,-0.004148065128309564,-0.004140880170991235
2021-06-18,-0.011156864487066653,-0.00044875016120737854,-0.0008048057607618064
2021-06-21,0.0028206135638220164,-0.0009535659774797534,-0.0010042375777025159
2021-06-22,0.0020726572716718294,0.0002449569658617978,0.00030032671965196656
2021-06-23,-0.008716171880765455,-0.0002004142985129187,-0.0001356481279845001
2021-06-24,0.01490306299375499,0.0039709733364095,0.004414033220895508
2021-06-25,0.0019087638035617527,0.0010242250056722302,0.0013383078007651594
2021-06-28,-0.006008913998592047,0.0004502810536106683,0.00027310223034482384
2021-06-29,0.007077694407566337,0.001563103285660894,0.0017232706772416506
2021-06-30,-0.011347115403815389,-0.0020133544262618264,-0.0022802272147390834
2021-07-01,0.004339492292816383,0.00276068642052274,0.0031172526722558214
2021-07-02,0.0012077294685990392,0.002216904142595677,0.0021200660142381977
2021-07-05,0.0006892986386350941,0.0005493028548684276,0.00045595673908960244
2021-07-06,-0.021009126915791154,0.0001678913959464179,-0.0003851914393392386
2021-07-07,-0.009146877748460902,0.0038821260206189923,0.0038969105997705977
2021-07-08,0.005325758920646351,-0.004971216015680846,-0.0055789426639938355
2021-07-09,0.007063393960798026,0.002426388242644739,0.0030138446622041126
2021-07-12,-0.002104155707522426,0.0011546485519859928,0.0011858307565184578
2021-07-13,0.010015814443858684,0.002457567587368592,0.00267491953226906
2021-07-14,0.0022616562282533614,-0.0010266683941428933,-0.0011563266500490554
2021-07-15,-0.003471619510501789,-0.004008724180287637,-0.004355487954964099
2021-07-16,0.006793241595540955,0.0023235239863776957,0.0023202751102120445
2021-07-19,-0.018339100346020598,-0.004494345173038594,-0.005522575878008973
2021-07-20,0.018329221008107188,0.007010249472189534,0.007703751513719492
2021-07-21,0.006057459328487225,0.0019284516239812532,0.002394725188238578
2021-07-22,-0.0005160846378806649,0.0010324928500242692,0.0008536947659105731
2021-07-23,0.00912220309810663,0.0020311915148745197,0.0023372351551833592
2021-07-26,0.0010233668770254223,-0.0020541924518128196,-0.0023577335005469102
2021-07-27,-0.004430056227636814,-0.004303793952464052,-0.005141019718691853
2021-07-28,-0.001198014718466478,0.0020244904582429335,0.002453939795066029
2021-07-29,0.006168608636052175,0.0028148385019479694,0.0030316531605902863
2021-07-30,-0.005279291553133669,-0.0011760901116384392,-0.001406336266894126
2021-08-02,-0.0016685137736515143,0.004438621537233622,0.0045297067487317655
2021-08-03,0.00509592921503077,-0.0011718251079247954,-0.0013663621087887101
2021-08-04,0.006485103184024066,0.0014431562584762414,0.001659984013813398
2021-08-05,0.0021086818221112136,0.0011713149477572404,0.0014216472039025874
2021-08-06,-0.004208699946111505,-0.00330127209688158,-0.003081210636090903
2021-08-09,0.011739938766909708,0.00015859953318986264,0.00017490774967354739
2021-08-10,-0.00603385491104913,0.0008207311963090991,0.0010727283452798275
2021-08-11,-0.003035031291725776,0.0017013947554296305,0.0017375720195078603
2021-08-12,-0.005386504429353733,0.00010515125775500955,0.0001574141015225905
2021-08-13,0.0009417552289265885,0.002910124040611084,0.0028973538626244633
2021-08-16,-0.003528524295789426,-0.001960488431815066,-0.0024156311341869685
2021-08-17,0.005665630187029036,0.00018057325346365616,0.0003254826881140538
2021-08-18,0.0,-0.0003555790317745222,-0.0002913264166025664
2021-08-19,0.0025822941004343125,-0.0040367693512717295,-0.004543128641988026
2021-08-20,0.0032777267423957923,0.0035118750873224247,0.003900308440474065
2021-08-23,0.0043174392901170755,0.0019534909811076417,0.0022793982527820056
2021-08-24,0.006971166680101115,0.0037057428730684627,0.004061834376269058
2021-08-25,-0.009692089120354797,-0.0016291561364144558,-0.0013893109090012956
2021-08-26,0.002563339996953573,-0.0011824551807774197,-0.0012535186503894735
2021-08-27,0.0026728037350982614,0.003755562511161603,0.00389580484023222
2021-08-31,-0.020630449872736545,-0.00025827556812019203,-0.000272824531447613
2021-09-01,-0.012556578717272115,0.0032231283751487094,0.003338128716688038
2021-09-02,-0.00015251293005469346,0.0014071348202255862,0.0014506799076192678
2021-09-03,-0.004348921697341801,-0.001855272269506325,-0.001881049407596036
2021-09-06,0.00601548033725785,0.00552903485686862,0.005985551613020945
2021-09-07,-0.003922751354965226,-0.004759997823118756,-0.004782481969478503
2021-09-08,3.825889164277285e-05,-0.0007111713730669766,-0.0009718120997067592
2021-09-09,-0.004817820668605921,-0.0025761589889921055,-0.002941491304771948
2021-09-10,-0.0072229361390449,-0.0014677652767288718,-0.0015551147789830688
2021-09-13,-0.0044116981963714386,0.0014719820104456272,0.0014280151480698944
2021-09-14,-0.0005440590190849415,-0.0005684028492545234,-0.0007882976289291799
2021-09-15,-0.0005446592045468268,-0.0016049945600085103,-0.0015994993291353898
2021-09-16,0.004083076064442359,-0.00182311126079715,-0.0017170772595240802
2021-09-17,-0.0012825304347505728,-0.003280523362066634,-0.0032466918570399628
2021-09-20,-0.011090298350151073,-0.003963464321487198,-0.004676134515446906
2021-09-21,0.001692066894623645,0.0037961290863810504,0.003956662160231383
2021-09-22,0.007110122063057833,0.0043671103098925634,0.00480854170693279
2021-09-23,0.006319158193607954,-0.0038055514271415625,-0.003385584793791474
2021-09-24,0.002248113429930809,-0.0022681365293540923,-0.0020778293611350973
2021-09-27,-0.0009283209694502803,0.00039160883889599596,0.0005801216578378288
2021-09-28,-0.007161287140487138,-0.005286751326762484,-0.005495594597893061
2021-09-29,0.010332153704387004,0.0027310324462272995,0.0029749589050842573
2021-09-30,-0.0065990601859571285,-0.00314683513955627,-0.003264400078110463
2021-10-01,-0.024588379549678185,-0.004029166334312273,-0.004820848520473153
2021-10-04,0.012939297124600513,-0.002975010171919479,-0.00336052566454792
2021-10-05,0.008673710771171628,0.001317687168521653,0.001962606232883024
2021-10-06,-0.008130081300812941,-0.005292939644727435,-0.005790150876978539
2021-10-07,-0.004255989911727598,0.007215518297317036,0.008075087316194107
2021-10-08,0.009656482507519382,-0.003463836644315932,-0.0033373782190548873
2021-10-11,-0.0017246785826278144,0.0002584310563347181,0.0003610728473744107
2021-10-12,-0.0014135385581905968,0.0010879184587209156,0.0008117290930969023
2021-10-13,-0.0029883611198490145,0.004418944075449405,0.004192778231955074
2021-10-14,0.01530209812273231,0.007922231048659967,0.00844660571502942
2021-10-15,-0.0003107520198880609,-0.0013717644853685762,-0.0011495433498911467
2021-10-18,-0.006994093876282359,-0.001650331748626721,-0.0015408999180527294
2021-10-19,-0.007982469870089104,0.0003933349120051055,0.0004644007097567293
2021-10-20,0.00631113916061854,0.0004744322295626713,0.000681476603425768
2021-10-21,-0.016306052053935316,-0.004160779844622486,-0.004313524103129351
2021-10-22,0.009882052916799333,0.005076071983803665,0.005457468746113747
2021-10-25,0.022411616161616132,0.0033885269078330893,0.003587448033611329
2021-10-26,-0.007100957085520054,0.0013213866552159725,0.0013311514454035223
2021-10-27,0.00046641791044765846,0.005108985394514098,0.004740127640957104
2021-10-28,-0.01243201243201253,-0.00036317680213249215,-0.0006335834144647334
2021-10-29,0.0007867820613691734,-0.002043575714441914,-0.0017766650145020213
2021-11-01,0.005031446540880724,0.003417393380795497,0.003967897212849625
2021-11-02,0.005006257822277593,0.002275112393070211,0.0024532849199514484
2021-11-03,-0.009806973848069611,-0.003697300535738246,-0.003827752873917012
2021-11-04,0.006445527432793474,0.011742734355701945,0.012552195796751597
2021-11-05,0.005623242736644718,0.007994763245238179,0.00809183599756036
2021-11-08,-0.003883193538365859,-0.0015418019727974075,-0.0015855144991665515
2021-11-09,-0.01153906128177129,5.0316241335668366e-06,-0.0003896361930507686
2021-11-10,0.011200504811484269,-0.0015824266376298635,-0.0011145062266672001
2021-11-11,0.008892355694227971,0.002536430409969981,0.003303787989575202
2021-11-12,-0.0004638936137312255,0.0006538548525856225,0.0004589090403794849
2021-11-15,-0.003712871287128716,-0.0006825568147665884,-0.0005444152764466637
2021-11-16,0.011024844720496807,-0.0015104579304289212,-0.0013950240674622805
2021-11-17,-0.007986484410996697,-0.004970522616195572,-0.005399487414526449
2021-11-18,-0.006038086391082165,0.0014450850074256838,0.0011930290636592566
2021-11-19,-0.006074766355140149,0.0016908574682177324,0.0014931462433460663
2021-11-22,0.00611189468735307,-0.0023443663104842916,-0.001920580933357674
2021-11-23,0.010280373831775824,-0.003922754959908681,-0.004077244449726236
2021-11-24,0.010638297872340274,0.0010082791973269334,0.0012551789132320135
2021-11-25,-0.0038138825324179892,0.003186775562292299,0.0032914173897333754
2021-11-26,-0.03522205206738138,-0.011453470001768107,-0.01350278250840986
2021-11-29,-0.004761904761904634,0.002046596469943207,0.0023001861582128136
2021-11-30,-0.02551834130781494,-0.001980432060177062,-0.002543261169388411
2021-12-01,-0.0055198625874968155,0.00540725202445036,0.005898005957127639
2021-12-02,-0.0003328601987165891,-0.004940318798227317,-0.005736965859573728
2021-12-03,0.004550004149639131,0.0024887452674964283,0.0024567526897028014
2021-12-06,-0.00198857816760567,0.004473433366976476,0.004651907632360119
2021-12-07,0.00022141555151011794,0.01082248478875969,0.012123006280270188
2021-12-08,-0.0057547322581698035,-0.000919586048529264,-0.0006052631046092882
2021-12-09,-0.007791670644908377,-0.0018520976373557207,-0.002077650933165809
2021-12-10,0.008077152682636868,-0.0017749354572489384,-0.0021436839991515466
2021-12-13,-0.00467386193873276,-0.0029699487268117775,-0.003327249034900448
2021-12-14,-0.025715483085193003,-0.006402259868233839,-0.0069968296891348425
2021-12-15,-0.01560719431676072,-0.0024360066604017794,-0.002585190186700559
2021-12-16,0.005362538843297404,0.005637655936975072,0.006160294017349965
2021-12-17,0.0034787125796269525,-0.0009974108209229726,-0.0014089462567264954
2021-12-20,0.0028888081641262886,-0.00798902479377317,-0.008835279442804489
2021-12-21,-0.011406815685272242,0.002936225741674514,0.003774983037422075
2021-12-22,0.003263420496498748,0.0023874941713986075,0.0026243158519394516
2021-12-23,-0.0062732373136829,0.0009508648067830805,0.0012177551894965166
2021-12-24,0.0016366698308811767,-0.0006699823161767648,-0.0007325048295236947
2021-12-29,-0.01750692960064204,-0.0002688851668619652,-2.206606557519919e-05
2021-12-30,0.004157671703845844,0.001952750067922615,0.0019947352537674767
2021-12-31,0.002484338180814616,-0.0005312789517094574,-0.0007581272927201788
