ticker,gross_pnl_gbp,cost_gbp,net_pnl_gbp
IUSA,521.4826760122085,4.69378451203986,516.7888915001686
ISF,-3.43003864179218,4.330197420789848,-7.760236062582038
IEUX,49.112436561594905,8.32632551810029,40.7861110434946
IJPN,173.4664388117792,4.488688667924165,168.97775014385502
IEEM,-1272.263450955335,37.68597494635971,-1309.9494259016947
CPJ1,-136.01491390860156,8.811832563993528,-144.8267464725951
MIDD,63.746602034779244,4.591611460802124,59.154990573977116
WLDS,6.196276111137877,12.775197442985377,-6.578921331847511
IGLS,0.0,0.0,0.0
IGLT,0.0,0.0,0.0
GLTL,0.0,0.0,0.0
INXG,0.0,0.0,0.0
IGTM,0.0,0.0,0.0
XGSG,0.0,0.0,0.0
SLXX,0.0,0.0,0.0
CRHG,-25.56551487456227,3.9961563983083317,-29.561671272870598
GHYS,2.2697168921822595,4.123167953337431,-1.853451061155173
IWDP,-52.1367514068138,4.401392716480979,-56.53814412329478
SGLN,7253.802115501403,29.36783063657798,7224.434284864825
CMOP,853.1503818997589,51.25189592947099,801.8984859702881
