period,portfolio,final_value_gbp,total_return_pct,cagr_pct,annualised_vol_pct,max_drawdown_pct,mean_cash_pct,total_cost_gbp,sharpe_zero_rf
development,walk_forward,10731.465990815299,7.314659908152987,3.595293810716149,16.863578796016153,-16.186492620588623,0.0,347.62995044277136,0.29210460574550917
development,equal_weight,11196.988840495042,11.969888404950414,5.819922268496969,9.972330246970245,-18.070060758521766,5.72485260270102e-15,16.19356214712262,0.613691008546202
development,buy_and_hold,11250.213389232942,12.502133892329415,6.07130226403938,9.791008040405467,-17.595992333622245,4.290301194895978e-14,9.990009990009986,0.6472709485832211
validation,walk_forward,8982.82558140816,-10.171744185918396,-5.260786693618547,10.497082937813767,-15.75766095035549,0.0,148.93380544243988,-0.46140685688911487
validation,equal_weight,9441.48105096099,-5.585189490390096,-2.8538961265522023,8.15960195138742,-15.867118096866939,0.0,14.524852894735778,-0.3135464606231914
validation,buy_and_hold,9477.508857866704,-5.224911421332967,-2.6673162810834428,7.871221701489269,-14.652866687123389,0.0,9.990009990009991,-0.30361517608882205
final_evaluation,walk_forward,17254.97191787057,72.54971917870571,22.8030656255481,18.759367694710413,-26.060583382036175,0.0,178.8440561671706,1.1818225406940517
final_evaluation,equal_weight,12766.25890389191,27.662589038919094,9.632138065994855,6.581078980109574,-8.24186552413445,0.0,16.32176029406413,1.420605167279994
final_evaluation,buy_and_hold,12953.533955661873,29.535339556618734,10.234972158121437,6.8559529127874095,-8.305449795313669,0.0,9.990009990009991,1.4457921827200708
