Date,Original,Original benchmark,Capped,Capped benchmark,Drawdown,Drawdown benchmark,Cash only
2023-12-29,10000.0,10000.0,10000.0,10000.0,10000.0,10000.0,10000.0
2024-01-02,10084.266677059468,9959.544992661798,10052.194104627371,9977.361093988759,10084.266677059468,9959.544992661798,10004.085245979228
2024-01-03,9997.228607171672,9894.11249536332,10007.232966618263,9942.026224931524,9997.228607171672,9894.11249536332,10005.1068182167
2024-01-04,10142.667746454537,9894.985814950336,10088.275455413406,9943.027170673264,10142.667746454537,9894.985814950336,10006.12849477254
2024-01-05,10259.052309955887,9886.13722966956,10152.472670506027,9938.581602190001,10259.052309955887,9886.13722966956,10007.150275657397
2024-01-08,10124.603935817127,9871.495966901699,10075.70342354165,9931.168329022026,10124.603935817127,9871.495966901699,10010.216244392632
2024-01-09,9936.064041774665,9843.207593592933,9963.527916759944,9914.496252014065,9936.064041774665,9843.207593592933,10011.238442700114
2024-01-10,9877.744312338815,9783.801255184211,9928.896633126938,9878.968994816345,9877.744312338815,9783.801255184211,10012.260745389898
2024-01-11,9868.239284873842,9718.365621963992,9923.555721896679,9839.706665551354,9868.239284873842,9718.365621963992,10013.283152472637
2024-01-12,9879.87106681787,9782.167811946643,9930.975142976027,9878.790391146671,9879.87106681787,9782.167811946643,10014.305663958994
2024-01-15,9799.730640857313,9742.542540218088,9883.759833145772,9855.937033627528,9799.730640857313,9742.542540218088,10017.37382494639
2024-01-16,9690.023111933213,9734.491710777613,9817.528952545417,9851.453269803545,9690.023111933213,9734.491710777613,10018.39675415384
2024-01-17,9449.473364696894,9585.518226950107,9671.59825999824,9761.072727358176,9449.473364696894,9585.518226950107,10019.419787818228
2024-01-18,9183.371318928552,9522.716086339913,9508.25827705818,9723.037386691814,9183.371318928552,9522.716086339913,10020.442925950212
2024-01-19,9410.47570197889,9486.626038483511,9653.499454436278,9701.307936537043,9403.786688184227,9486.893382716496,10021.46616856047
2024-01-22,9288.846268340672,9496.788509068498,9579.45090350769,9708.749079911491,9282.523088911144,9495.96595685317,10024.536523367546
2024-01-23,9078.072629114762,9509.004003799753,9449.072935852231,9716.642157005968,9071.8922588692,9508.180176933995,10025.560183997579
2024-01-24,9041.435936700036,9561.819130677146,9426.860155897346,9749.446241096972,9045.913819680623,9558.67663493042,10026.583949159236
2024-01-25,9107.518325484307,9664.51744893877,9468.564118192686,9812.750484249982,9104.317529866445,9648.59468923692,10027.60781886319
2024-01-26,9187.137077271505,9737.523281870584,9518.621138113802,9857.666234624636,9177.34712702268,9715.936983920668,10028.63179312012
2024-01-29,9215.56059646376,9873.769502603156,9537.531938657554,9941.772370051181,9206.987248028092,9848.570208900092,10031.70434331552
2024-01-30,9183.070246471894,9901.141236202742,9517.850879648631,9958.795585633708,9174.40597993531,9875.243597624014,10032.728735891122
2024-01-31,9279.966249850793,9926.062204165539,9583.100664196718,9974.600090841395,9268.199696865373,9899.462938319577,10033.753233073088
2024-02-01,9325.907580894911,9864.383767014593,9614.330604761466,9934.639592220794,9313.318654116338,9837.953868653736,10034.777834872106
2024-02-02,9256.13643679978,9875.401230905656,9567.850039806544,9942.170815495609,9243.640413662213,9848.941997006086,10035.802541298855
2024-02-05,9401.77948192438,9921.424941996342,9666.727442874599,9973.383874963467,9389.086839024543,9894.84465858151,10038.877288452344
2024-02-06,9633.677722501548,9979.190228985295,9822.467128237233,10011.536770066074,9620.67201101692,9952.4580118581,10039.902413496873
2024-02-07,9527.982420207403,9950.027806132322,9752.357613567305,9992.82907191869,9515.119400085883,9923.372291732143,10040.927643222565
2024-02-08,9711.75727403008,9999.730745905124,9874.977216261923,10025.661214296453,9698.646153152464,9972.94450330582,10041.952977640114
2024-02-09,9658.84660019843,9928.947719437077,9840.65570597072,9979.872577602266,9645.806910084653,9902.347649680285,10042.978416760205
2024-02-12,9891.409590208947,9975.285834272661,9995.75812659824,10011.211510530968,9878.055934106558,9948.563886447271,10046.055362442665
2024-02-13,9692.522445697916,9917.328503276736,9865.594101560468,9973.730664913664,9679.437292330831,9890.758994271688,10047.08122047986
2024-02-14,9592.070772914807,9910.16118096574,9802.522639423943,9969.411731570091,9579.121231876888,9883.61052338362,10048.10718327307
2024-02-15,9615.597394887052,9957.40045864262,9818.05823989529,10000.696155120228,9602.61609230735,9930.72555276198,10049.133250832989
2024-02-16,9786.390206625152,10020.42268957029,9931.872000500494,10042.268314987818,9773.17832937842,9993.58202321771,10050.15942317032
2024-02-19,9658.128305477188,9999.609861727955,9848.785279723692,10029.773891655863,9645.089585079673,9972.82393707707,10053.238568953759
2024-02-20,9545.230946992418,9949.383190474226,9774.233909407016,9997.321427263094,9532.344640918294,9922.729371536027,10054.265160507732
2024-02-21,9357.183021680126,9881.801675847706,9649.341926866997,9953.461957347965,9344.550585117973,9855.32560916603,10055.291856892618
2024-02-22,9279.798038484638,9849.806599755184,9597.863598966736,9932.8477271323,9267.270073630347,9823.41468621812,10056.318658119128
2024-02-23,9770.202229995037,9905.84720605503,9929.591752938943,9969.973508535893,9757.012206931053,9879.307895048667,10057.345564197965
2024-02-26,10007.911398944834,9889.764895626055,10089.57047061031,9960.554036192198,9994.400462418962,9863.267884159513,10060.42691165552
2024-02-27,9698.645011709228,9844.023310600447,9899.357666305845,9932.741318204611,9685.551592721327,9817.646608215473,10061.454237250751
2024-02-28,9715.734397595972,9766.979131833874,9910.020829281679,9886.39994275597,9702.617907499749,9740.805070314585,10062.481667751857
2024-02-29,9434.87065879376,9726.100517044899,9737.9245155906,9861.940699615609,9422.133341933202,9700.033974069134,10063.509203169548
2024-03-01,9670.23248042824,9830.404346049167,9884.875935884336,9925.929779073262,9657.177419084746,9804.063464135135,10064.536843514537
2024-03-04,9876.305852252823,9835.344750475972,10012.760608857516,9930.177989434347,9862.972586583233,9808.990874357236,10067.620394220465
2024-03-05,9856.865137936811,9837.82008959573,10001.543575417196,9932.084961458728,9843.558117729106,9811.459702863593,10068.648454381815
2024-03-06,9951.206834847932,9859.542506948303,10059.441645318342,9945.664370793414,9937.77245093486,9833.124986120802,10069.67661952405
2024-03-07,10013.496087127643,9871.540065401105,10097.64687882331,9953.3506930457,9999.9776111298,9845.090988709562,10070.704889657889
2024-03-08,9934.649162167856,9896.730589395846,10050.239198976795,9969.018529690364,9921.237131536673,9870.215256827862,10071.733264794057
2024-03-11,9679.729508732265,9896.731630503813,9896.51353679612,9970.241956799891,9666.661626157502,9870.216295197506,10074.819020323737
2024-03-12,9769.186101700763,9926.217001456791,9952.168417244293,9988.490317395195,9755.997450435989,9899.624114008446,10075.847815576442
2024-03-13,9925.903361352914,9954.161798404772,10048.680007435869,10005.825026245915,9912.503137776672,9927.495410817473,10076.876715885095
2024-03-14,9822.857994693299,9910.549463654428,9986.4862375323,9979.888944296114,9809.596884999337,9883.99778481489,10077.905721260426
2024-03-15,9843.865080588936,9910.68783796803,9999.783135827985,9980.354638474457,9830.57561079137,9884.13579517767,10078.934831713163
2024-03-18,9613.553714414564,9876.960609192984,9859.663287861484,9961.156218684278,9600.575170855805,9850.497275438747,10082.02279364311
2024-03-19,9614.831853093548,9868.213645253643,9860.998262572444,9956.267007610148,9601.85158401486,9841.773317680707,10083.052324512777
2024-03-20,9746.848141500983,9919.50216870305,9949.698131847836,9988.887439667287,9733.689647054189,9892.926942543907,10084.081960513515
2024-03-21,9665.589990730099,9940.291342667551,9895.836192154993,10002.907183702915,9652.54119686652,9913.661437020924,10085.111701656053
2024-03-22,9723.664710858464,9932.234540638574,9934.94027254861,9997.989682315549,9710.537514636377,9905.62582591595,10086.14154795113
2024-03-25,9607.998505162312,9898.435601927671,9859.230550276836,9976.901754684917,9595.027461278209,9871.91578485195,10089.231717858982
2024-03-26,9734.322889930572,9927.28917917798,9943.838471307365,9996.182385724294,9721.181304893953,9900.693471698003,10090.261984871602
2024-03-27,9657.89947686602,9934.70302197076,9893.455010435819,10001.406168208292,9644.861065392979,9908.087814672024,10091.292357090462
2024-03-28,9848.155279528024,9994.911250593968,10020.476023482039,10041.22953125344,9834.860017852081,9968.13768418537,10092.322834526303
2024-04-02,10069.999891247457,10019.162125715093,10170.312912765115,10058.913561636042,10056.405133667917,9992.32477488557,10097.476800336322
2024-04-03,10098.939101341517,10075.035220389746,10190.665409273748,10095.806956648366,10085.305275087696,10048.050912678416,10098.50790929972
2024-04-04,10260.332559905302,10113.114711364535,10296.95555113575,10121.00701179606,10246.480848351797,10086.030247338487,10099.539123555334
2024-04-05,10531.43638217495,10133.295341051582,10474.453286243757,10134.670439738456,10517.218673522893,10106.157798125394,10100.570443113917
2024-04-08,10922.102770803918,10329.92803001221,10753.470438348118,10273.984566375957,10907.357652528695,10302.273305659082,10103.665033714993
2024-04-09,11112.863918907628,10410.427885207919,10885.391893552807,10330.47318632251,11097.861268200219,10382.561430901855,10104.69677459298
2024-04-10,11282.966891647713,10441.5862417286,11002.67481853691,10352.536208060066,11267.73459757358,10413.63783500978,10105.728620827713
2024-04-11,11098.782267281702,10440.566877799276,10877.18987374715,10352.143813926145,11083.798627164388,10412.621152201766,10106.760572429945
2024-04-12,11066.529247930837,10436.412662348637,10855.51459182257,10349.572015652999,11051.589150215119,10408.477863129063,10107.79262941044
2024-04-15,10996.931091203542,10354.723767626703,10808.58410846129,10293.65908369611,10982.08495278067,10327.003825760516,10110.8894327291
2024-04-16,10974.086679602475,10185.11090716357,10793.711953582399,10175.314826455404,10959.271381719933,10157.837079428593,10111.921911330257
2024-04-17,11050.503688469917,10234.732569041746,10846.777623839813,10210.405775600062,11035.585225669623,10207.32822688399,10112.95449536349
2024-04-18,11075.604096083138,10232.82563313826,10864.39403085933,10209.378181517866,11060.651747090164,10205.426306585181,10113.987184839565
2024-04-19,11238.055586108338,10250.916679788736,10976.683897933875,10222.511226746552,11222.883923446125,10223.469770336942,10115.01997976925
2024-04-22,11014.316041209546,10252.785433533121,10832.48296821725,10224.964875098385,10999.44643265922,10225.333608903014,10118.118997387648
2024-04-23,10874.628208724816,10291.24047244762,10743.41566505133,10250.308613024292,10859.947182323449,10263.687503740164,10119.152214239466
2024-04-24,11233.1407126016,10322.70863925102,10974.691515614773,10271.113774105761,11217.975685144414,10295.07290327076,10120.185536598747
2024-04-25,11121.66469614761,10300.556152997262,10900.154433289401,10254.354217763233,11106.650164165696,10272.978682275496,10121.218964476264
2024-04-26,11340.935029751388,10360.739727991928,11043.440641803625,10294.423597712235,11325.624477207219,10333.003963004043,10122.252497882793
2024-04-29,11495.351747569815,10445.843860165229,11141.26728504818,10354.018315734378,11479.832728504525,10417.884255098932,10125.353731384217
2024-04-30,11536.578066068212,10428.30332416022,11169.753144673625,10342.14908623453,11521.003390417827,10400.389854044759,10126.387687014565
2024-05-01,11589.4059811655,10438.53905239231,11205.910524032002,10349.585230518043,11573.759986477684,10410.598660361882,10127.421748227816
2024-05-02,11626.013530271674,10480.463195500739,11231.112484637171,10379.072173246606,11610.318114455647,10452.412534988143,10128.455915034752
2024-05-03,11722.758084997418,10550.07157565696,11296.916749008873,10427.772773775,11706.932061556481,10521.83783184541,10129.490187446158
2024-05-07,11530.60579317433,10643.025462455245,11168.63727750857,10493.56004961421,11515.039180245198,10614.54723221537,10133.62833335215
2024-05-08,11618.544664478055,10646.03350437475,11228.701169406879,10495.962903864094,11602.859331821996,10617.547362411664,10134.663133947672
2024-05-09,11831.494234088448,10704.312990973312,11373.193848341072,10536.597061483411,11815.521414063302,10675.673562859267,10135.698040212385
2024-05-10,12053.617030658948,10814.606942005923,11523.085255734126,10613.105219035315,12037.344339173535,10785.677419791647,10136.733052157075
2024-05-13,11987.071218853964,10835.275873331993,11479.421977266991,10628.309093277621,11970.888365917619,10806.291987891274,10139.83872217893
2024-05-14,11677.650552719824,10853.656001318896,11270.931204268014,10641.287454152798,11661.885425601915,10824.623772640496,10140.874156951459
2024-05-15,11632.39543725172,10862.21921054816,11240.932842728867,10647.516724549158,11616.69140569793,10833.16445899834,10141.909697457932
2024-05-16,11552.236669085225,10860.627220026106,11187.002728872529,10646.747375111541,11536.640853919998,10831.576655714598,10142.94534370915
2024-05-17,11570.59422553954,10897.601936344321,11199.846493596535,10672.50996845839,11554.973627203268,10868.454121485891,10143.98109571591
2024-05-20,11857.162155347025,11003.057146287785,11395.186855863236,10745.97537336533,11841.15468297124,10973.631964139875,10147.088986377445
2024-05-21,11971.939888749159,11034.707694922854,11472.874539921573,10768.027964996614,11955.77746349572,11005.19926580318,10148.125161514376
2024-05-22,11982.01627107129,10989.784132445622,11479.994509600796,10737.612507529528,11965.840242443828,10960.39386085239,10149.16144246086
2024-05-23,12180.085616949826,10990.51392954037,11613.239028038486,10738.436521737396,12163.64218963614,10961.121738441767,10150.197829227696
2024-05-24,12325.863935908656,11041.669990465025,11711.224682078237,10774.106014074478,12309.223704133401,11012.143249181889,10151.234321825692
2024-05-28,12149.264177265148,11060.108967996059,11595.566472782499,10788.016731545747,12132.862359683864,11030.533728689721,10155.381350745438
2024-05-29,11976.671129581278,10941.620979812624,11480.500232556826,10707.169317446362,11960.502317031629,10912.357386485051,10156.418372661363
2024-05-30,11850.416306801233,10981.979450953044,11396.05978627672,10735.253592704561,11834.417941493633,10952.6097071588,10157.455500473305
2024-05-31,11978.162937516947,11036.320609603597,11482.41078126382,10772.871620777993,11961.992110988405,11006.80793821108,10158.492734192081
2024-06-03,11793.90670098985,11057.496932899125,11359.951849295967,10788.369774458484,11777.984625096376,11027.928563742636,10161.605070897556
2024-06-04,11841.783398528736,10925.77711135027,11392.351233542937,10698.470415131986,11825.796687868247,10896.555190414705,10162.64272835182
2024-06-05,11852.885236586033,10960.701294431978,11402.551860254622,10722.71810030799,11836.883538160035,10931.387516242494,10163.680491767002
2024-06-06,11789.099422762527,10932.216654991678,11364.367155789114,10704.130966927672,11773.183836817694,10902.97779682972,10164.718361153919
2024-06-07,11730.198479744924,10869.11588021035,11324.93961090907,10661.059787395765,11714.362411580641,10840.042989105626,10165.756336523396
2024-06-10,11590.45786275575,10830.764164622757,11231.2633384995,10635.612246448301,11574.810448000851,10801.79214583535,10168.870898635409
2024-06-11,11311.545440935563,10680.330081802924,11046.062248834338,10526.494433936434,11296.274565088466,10651.753733308324,10169.909298043358
2024-06-12,11327.599203383346,10763.423095937093,11062.555072299745,10585.88608783153,11312.306654546073,10734.628196987593,10170.947803487987
2024-06-13,11117.271719659062,10628.215553732067,10918.837784581787,10492.564785868366,11102.263118307828,10599.776276373168,10171.986414980125
2024-06-14,11223.642162053375,10567.786309059722,10999.408635872318,10447.373189916943,11208.489957882517,10539.505972124998,10173.025132530604
2024-06-17,11230.64215386975,10515.121811662671,11003.821598512306,10411.75373612746,11215.480499530786,10486.979992387744,10176.141921640385
2024-06-18,11195.071163298819,10561.169073880033,10979.711423210772,10444.044159618541,11179.957530707517,10532.906141534293,10177.181063532533
2024-06-19,11268.63009747925,10559.54646116175,11030.890562035076,10443.234275959745,11253.417158444176,10531.28779659654,10178.220311537183
2024-06-20,11204.311735742687,10542.961683906786,10985.347984822374,10431.464819543651,11189.185628142086,10514.746640464866,10179.259665665168
2024-06-21,11283.492684412648,10578.534619453687,11043.900864251804,10458.219645318406,11268.259680504823,10550.226012415264,10180.299125927328
2024-06-24,11156.56929646839,10547.040772031081,10951.563799412412,10435.558597773179,11141.507642382701,10518.814999810393,10183.418143627236
2024-06-25,11072.020501083618,10520.717904045528,10889.511138424932,10416.22385899251,11057.072990035602,10492.56136598167,10184.458028534482
2024-06-26,10678.05923917434,10445.267197081968,10596.807012336618,10360.174880947381,10663.643585912747,10417.622451109648,10185.498019630104
2024-06-27,10739.427281680093,10468.558983901372,10642.775230288025,10377.836149627023,10709.773852502964,10434.617770205738,10186.538116924941
2024-06-28,10581.070941295233,10465.90158672107,10525.317813140315,10376.115637020059,10580.802527073682,10432.539446811312,10187.578320429844
2024-07-01,10642.970496217562,10476.960311666286,10569.578444529614,10385.113155404306,10626.44821139327,10441.752850563742,10190.699568313386
2024-07-02,10507.925944348339,10426.31375726306,10475.58395593133,10350.139388513231,10527.218327237362,10403.7581953169,10191.740196767005
2024-07-03,10617.2053531966,10488.709704948158,10552.25770144616,10393.95555237835,10602.899379632738,10447.54774202774,10192.780931484927
2024-07-04,10702.349637993046,10549.68768606608,10611.928128743044,10436.728729420232,10666.24054240947,10492.197586598078,10193.821772478002
2024-07-05,10925.70080536958,10653.820110812941,10767.4536484563,10509.454415740369,10841.436295769396,10572.694121111488,10194.862719757086
2024-07-08,11011.74583096494,10723.861609822645,10827.946386680347,10558.959234136655,10916.412794290252,10635.432715755993,10197.986199418903
2024-07-09,10980.327182489666,10698.022850419677,10806.658875077836,10541.414333687148,10885.78175307403,10610.500623556301,10199.027571950552
2024-07-10,11234.801179299371,10684.811377985603,10982.458601754044,10532.592035881482,11123.10759563662,10598.105570098889,10200.069050822487
2024-07-11,11419.48913360325,10753.286961113183,11109.434935216344,10580.333453133511,11304.019280396156,10664.67079532384,10201.110636045563
2024-07-12,11503.647323217498,10818.89515744907,11167.49598377332,10626.023283234543,11387.338924115347,10729.751438282925,10202.152327630645
2024-07-15,11140.504999074328,10810.674970174616,10921.584895179474,10621.351425145152,11027.781387862191,10721.597304858407,10205.27804066652
2024-07-16,11318.018064205047,10848.348097533482,11043.830059014368,10647.752669324587,11203.542118900052,10758.967702087466,10206.320157808237
2024-07-17,11356.322630939252,10888.127464647992,11070.403604456007,10675.52570332581,11241.468559111017,10798.427413953208,10207.362381366274
2024-07-18,11122.526782728373,10888.848058708094,10910.390297059499,10676.35149649712,11009.980644882085,10799.142217532199,10208.404711351497
2024-07-19,11054.25872533326,10825.808037699138,10863.800338392602,10633.19758168564,10942.386500949293,10736.608767518703,10209.447147774777
2024-07-22,10907.439457312677,10804.686480524097,10763.578564403584,10619.591324316769,10799.467008300313,10716.215443506693,10212.575095781638
2024-07-23,10763.388326549783,10743.51930001037,10664.1474556861,10577.665292793065,10662.864976796998,10662.244273993061,10213.617958065837
2024-07-24,10935.115754221248,10692.777089937712,10783.84645624929,10542.857735327152,10806.356239199302,10621.825508236463,10214.660926842447
2024-07-25,10941.058703100716,10617.068697303283,10788.276555544411,10490.694532384978,10815.532161208454,10553.84331191621,10215.704002122344
2024-07-26,11007.057121190468,10658.323008030377,10834.304022428785,10519.653090569485,10875.508061134702,10591.552944769239,10216.747183916399
2024-07-29,10890.713342484876,10604.531404403928,10754.918821187131,10483.318554697156,10766.494608227667,10540.035410128188,10219.877368492309
2024-07-30,10744.675371028805,10556.559769261215,10653.948235530062,10450.327673008702,10634.30249105999,10495.386411579371,10220.92097645179
2024-07-31,10926.773367966465,10600.050915261618,10780.810885733785,10480.93424632459,10786.837855455282,10533.604548716654,10221.964690979825
2024-08-01,10912.956223622165,10549.765728524679,10771.511413871578,10446.05487417235,10777.226660888366,10487.54602964061,10223.0085120873
2024-08-02,10809.98925815292,10362.22438796077,10700.587009919875,10315.415078669364,10685.46554217384,10318.798891310316,10224.052439785093
2024-08-05,10377.654444681933,9963.633339233053,10399.024368162052,10035.281887046607,10310.690375905482,9972.783292084274,10227.184862529262
2024-08-06,10731.731282582323,10158.704811041938,10648.126310185966,10173.73339879079,10539.181924731964,10103.86097902774,10228.2292166972
2024-08-07,10902.719014951217,10313.808991054204,10767.412185366733,10283.377989916482,10671.774854781987,10220.196687887756,10229.273677509893
2024-08-08,10981.303446594551,10287.887957672878,10822.338073270641,10265.49305527543,10734.93057629819,10197.384157959492,10230.318244978234
2024-08-09,11040.812860746846,10331.961591891182,10863.60610861804,10294.415075707819,10787.466267251952,10238.047298026044,10231.36291911311
2024-08-12,11202.345348283343,10326.977715425162,10968.335060302265,10292.29395031759,10937.24923740672,10232.395035911406,10234.497581625888
2024-08-13,11170.078867965458,10365.691513544116,10948.096741430092,10317.836955427334,10906.14203773256,10269.746566083048,10235.542682535845
2024-08-14,11073.88412427451,10409.15032004331,10887.00548248984,10346.44946021693,10812.176650087033,10312.817828767018,10236.587890166811
2024-08-15,11223.658858472887,10482.750595801619,10983.229721715297,10394.5710342829,10957.01007146134,10385.034267026458,10237.633204529684
2024-08-16,11080.511889203231,10473.578784679286,10892.074811927216,10388.985067330632,10817.586336946495,10376.074495641253,10238.678625635364
2024-08-19,11257.61458816563,10539.2438353926,11006.541049480204,10432.624261005327,10989.501462228785,10440.883436241364,10241.815529518248
2024-08-20,11175.066429586368,10492.007763173002,10954.217241341377,10402.466909213887,10909.06147115098,10394.05619804308,10242.861377704165
2024-08-21,11332.57669019114,10515.99040024234,11055.26801625844,10418.397372738957,11062.892961588603,10417.8221592014,10243.907332687399
2024-08-22,11336.912269601145,10480.599474423565,11058.630405201131,10395.898581744514,11067.127287400315,10382.750844534417,10244.953394478858
2024-08-23,11485.381309888136,10533.637920733912,11153.318648586277,10430.603793421058,11212.128965947364,10435.310307120284,10245.999563089445
2024-08-27,11494.231059501632,10507.790878256636,11160.479052960374,10415.337907878546,11220.772037568202,10409.69668612372,10250.185305941275
2024-08-28,11302.057038349678,10374.649341976881,11039.422507446598,10329.545900677955,11033.086068922403,10277.757534781023,10251.232008811156
2024-08-29,11480.935642245695,10370.14585858425,11153.298921207352,10326.927408920154,11207.787122899335,10273.294721796345,10252.278818565628
2024-08-30,11362.014272357745,10352.07137708417,11078.638478745885,10315.535625195153,11091.643055317714,10255.383468729004,10253.325735215612
2024-09-02,11219.88794378432,10302.960361848058,10989.492274033339,10284.662522634939,10952.835960121001,10206.715969067467,10256.467126647776
2024-09-03,11209.548023153488,10220.080653298544,10982.310989030115,10234.406794943501,10942.737519095068,10124.584737033489,10257.514470988965
2024-09-04,11192.523541981374,10145.942210826222,10972.790230906667,10190.030118944305,10926.11062946489,10051.115829771423,10258.561922280249
2024-09-05,11192.47687020801,10170.142154940342,10973.23087067782,10205.118865279266,10926.065047669084,10075.097227148786,10259.609480532554
2024-09-06,11278.676656620224,10006.07797489365,11024.548933958404,10105.92348609095,11010.251715111739,9912.51469065459,10260.657145756799
2024-09-09,11294.938553696174,10020.376433073174,11035.462776098233,10115.775789726858,11026.133830115748,9926.684021206336,10263.800783370434
2024-09-10,11149.585786580694,9923.376703473785,10950.54340160876,10057.135121823696,10884.175646965461,9830.560284306352,10264.848876591697
2024-09-11,11004.493618801567,9761.157627215369,10864.90919672201,9958.236474860007,10742.471977086941,9669.806188693694,10265.897076839527
2024-09-12,11134.208343078464,9822.025654970514,10945.087684423674,9997.07050075042,10866.12509497427,9728.52420917451,10266.94538412486
2024-09-13,11232.751358695068,9868.398366471823,11008.812078476494,10028.298790282899,10958.134175936506,9773.206201184785,10267.993798458621
2024-09-16,10497.750105426278,9756.967742288338,10532.363560880684,9955.145448303256,10240.621279784405,9662.811746446183,10271.139683859807
2024-09-17,10886.140958499815,9799.01084992365,10786.801656618054,9983.524652568729,10502.420334865632,9694.633962952212,10272.188526496613
2024-09-18,10771.310871313004,9766.20135409886,10713.284128214445,9962.039587776071,10399.014887872278,9663.600028811765,10273.237476236516
2024-09-19,10904.87361719378,9842.896405587522,10800.169668921157,10013.851996131678,10505.86253020601,9727.220583728373,10274.286533090455
2024-09-20,10846.588019946457,9788.58950986375,10763.10728389566,9978.076155606002,10451.692960002878,9678.864924481832,10275.335697069366
2024-09-23,10724.918770988828,9771.171261087957,10685.667563162464,9967.582427341462,10347.01456403747,9663.348251071326,10278.483831865331
2024-09-24,10641.969567272507,9746.602244625,10631.968600234963,9951.586702746838,10280.017991538503,9645.848364925661,10279.533424453533
2024-09-25,10766.998762024852,9728.65240207459,10713.746988571926,9939.950823620478,10375.309558371608,9632.963391763462,10280.583124221417
2024-09-26,10915.74581887853,9688.047975933221,10810.640001840113,9913.170241888587,10491.040858926192,9597.863895437675,10281.632931179922
2024-09-27,10964.325414253357,9723.038241979184,10842.783539637201,9936.904827523353,10522.778136724364,9626.711357591745,10282.682845340001
2024-09-30,10874.434881330153,9573.624106097586,10786.061684900058,9838.105775207076,10442.203766164612,9488.926329946722,10285.833231139126
2024-10-01,10760.069168145856,9539.657695328702,10712.454978545891,9815.515568919127,10343.396928048967,9460.588787615823,10286.883574214962
2024-10-02,10670.876903017135,9496.911399554321,10654.994375895298,9787.08580689087,10273.149889125365,9426.221597547656,10287.934024547114
2024-10-03,10654.327372073869,9499.102360607323,10644.716887743973,9788.898083137341,10259.3344330281,9428.308775195981,10288.984582146537
2024-10-04,10589.196100366937,9551.756025101582,10602.72324727517,9824.737854864075,10211.829065986247,9468.524349871508,10290.035247024178
2024-10-07,10646.627096948172,9561.526145921816,10641.130660036339,9832.384650537522,10257.074680632933,9476.978309053555,10293.187885435993
2024-10-08,11125.390577632092,9561.195226148364,10953.2537485285,9832.511353796597,10607.185229139342,9476.554537006672,10294.238979536081
2024-10-09,10919.532725873096,9573.96754340335,10819.95163784132,9841.45523916555,10433.389922438191,9488.332564503746,10295.29018096918
2024-10-10,10908.28323497117,9577.183137032938,10813.08218680915,9843.96805486701,10418.923499635384,9491.367177110938,10296.34148974624
2024-10-11,11090.493122824684,9601.268023153823,10931.146793050219,9860.510173047756,10575.75189386514,9513.055624699915,10297.392905878236
2024-10-14,11181.9839494143,9611.650503670739,10991.241085746104,9868.528425253653,10667.057849796922,9523.06166927803,10300.547798513417
2024-10-15,11102.946433247269,9613.951075635967,10940.822297636278,9870.422669759753,10591.634817265682,9525.358643756726,10301.599644174763
2024-10-16,11160.85143280007,9692.354966650599,10982.825380664895,9924.7072428336,10646.89123749108,9603.09754291651,10302.651597245862
2024-10-17,11175.060477622676,9698.793111462775,10993.13930200934,9929.67571619415,10660.45035928114,9609.481082372584,10303.703657737682
2024-10-18,11169.438141290122,9673.048092413743,10989.598181295672,9911.40498522592,10655.085189135672,9583.954420644306,10304.755825661192
2024-10-21,11117.87126852317,9622.958380742213,10954.96909484766,9876.127753465638,10605.876989928138,9534.28954669447,10307.912974131577
2024-10-22,11149.186653082654,9569.526778534066,10976.957564273358,9837.776676685755,10635.760005883518,9481.311126574832,10308.965571891564
2024-10-23,10848.201994819015,9492.395925302479,10782.190303818741,9786.131304221017,10348.542413899888,9404.834461496182,10310.018277138106
2024-10-24,10810.228080127456,9494.06871462744,10758.051528515478,9787.552186647046,10313.605448557068,9409.21748826148,10311.071089882178
2024-10-25,10644.707149190737,9426.335316936793,10650.744845191439,9742.120114690806,10178.507623887961,9351.829998664825,10312.124010134758
2024-10-28,10677.18499133307,9396.218494357729,10672.996657148002,9722.776395951181,10210.246929164754,9331.787256981901,10315.283416053328
2024-10-29,10304.392789273654,9322.988215061281,10428.914839499672,9673.482874222509,9933.833318383666,9275.755468175226,10316.33676644973
2024-10-30,10711.72468102479,9739.280787491773,10697.892572730505,9957.373324724407,10162.290816588267,9507.978253830202,10317.390224409542
2024-10-31,10757.952573368097,9650.35020265554,10728.52901601011,9897.644610393194,10191.77354243991,9444.71481194963,10318.443789943747
2024-11-01,10820.520594211363,9686.032373447864,10769.913907689675,9921.946218765548,10242.184003007229,9473.432669658383,10319.497463063331
2024-11-04,10726.854733377191,9723.155288795133,10709.888840117908,9947.931726743484,10168.587369967927,9505.34277768974,10322.659128044224
2024-11-05,10565.048637583557,9727.33270044659,10598.590270004199,9950.694534418877,10043.061315256444,9508.71816546449,10323.713231615196
2024-11-06,10418.455586641401,9718.25393139516,10495.42534471821,9944.451051233536,9937.301080030806,9503.521690811387,10324.767442826487
2024-11-07,10550.301150365161,9744.483308948258,10589.045427365734,9963.667049518006,10021.966591330007,9520.556441348035,10325.821761689094
2024-11-08,10543.189369127813,9742.875047270294,10584.36951935888,9962.814891020033,10017.01741175623,9518.30756345877,10326.876188214004
2024-11-11,10382.125235619636,9779.571239375335,10471.86706222222,9990.167175255532,9910.508577406503,9544.405787634412,10330.040113872512
2024-11-12,10284.168731967404,9692.60209364792,10402.389219494931,9927.846088468848,9864.044973855509,9491.718524516447,10331.094971156594
2024-11-13,10198.924971597613,9650.734915663536,10342.191042067061,9897.877423695394,9818.401823666756,9469.609614027875,10332.14993615796
2024-11-14,10398.021987981278,9661.489214495617,10484.007553326668,9905.938858491661,9922.277938339123,9475.883024723245,10333.205008887619
2024-11-15,10454.568787679804,9614.087313079666,10524.416224797984,9871.960002734018,9954.000521955611,9450.74730844653,10334.260189356559
2024-11-18,10294.734495569339,9596.83510713873,10412.037507489524,9860.372713763072,9858.715362575562,9440.381457752,10337.42637730913
2024-11-19,10256.037202226868,9559.017299764742,10385.512036136171,9833.268763973349,9847.79114721591,9419.694512829648,10338.481988845248
2024-11-20,10041.373208858417,9498.507520808591,10232.759901985806,9789.64330812293,9734.128421945428,9387.223083993198,10339.537708175672
2024-11-21,10005.257501678218,9508.228864606263,10207.369760224867,9797.00951893452,9713.075722442483,9390.588609208035,10340.593535311413
2024-11-22,10196.716329137298,9569.692677450861,10344.924589735849,9841.984347873278,9791.068041342398,9416.317810152901,10341.649470263477
2024-11-25,10089.288845748957,9573.768287827383,10269.492297801857,9845.855206698006,9736.498508430466,9417.72456102783,10344.817922127711
2024-11-26,10033.52141017109,9508.439700583898,10229.913587956004,9798.702511416568,9713.305924625723,9387.63432278894,10345.874288455178
2024-11-27,10214.463081807517,9509.06457908652,10365.6318283367,9799.461462476682,9786.142960756884,9388.03575141729,10346.930762654025
2024-11-28,10400.98440520313,9544.629522855917,10499.253502696,9825.614058507974,9878.05969313119,9404.838420433887,10347.987344735273
2024-11-29,10511.389426769958,9593.123688414897,10577.831816465949,9861.170828713224,9942.374977017584,9435.571253100743,10349.044034709934
2024-12-02,10297.178609927218,9587.970872323294,10427.28193304313,9858.37044171056,9805.00722541654,9431.393815251318,10352.214752104592
2024-12-03,10387.56530468341,9573.56687777541,10491.79800572585,9848.220779887852,9854.882144844569,9422.772395041055,10353.271873763098
2024-12-04,10231.036539148034,9606.192756068886,10381.194276234943,9872.182811225664,9762.687913582186,9440.974045254301,10354.329103370124
2024-12-05,10144.037671922473,9593.926454912647,10319.472735956138,9863.580437867282,9720.237616762779,9433.731267443523,10355.386440936685
2024-12-06,10071.211248395133,9610.69698085328,10267.751049755067,9876.060798455212,9685.342785190087,9441.412062143636,10356.443886473808
2024-12-09,10229.464486557057,9650.93894502393,10381.942518528533,9906.170171617843,9756.428129393878,9461.765174597134,10359.616871018805
2024-12-10,10630.751829358933,9678.15899607251,10668.38425323663,9926.2040891707,9961.633631165265,9476.87341148791,10360.67474854844
2024-12-11,10694.757554461998,9699.190359777971,10714.19431475344,9941.725938255384,9997.859434797816,9489.353982919778,10361.732734103774
2024-12-12,10816.249758918628,9729.498143175633,10800.082249715306,9963.94517667705,10083.125688627877,9512.19428018984,10362.790827695842
2024-12-13,10948.361466128055,9719.666248290569,10893.325698842416,9957.156982287153,10190.417931198826,9505.450162606463,10363.849029335672
2024-12-16,10879.114967715843,9682.531839930116,10846.204267655456,9931.2307828804,10128.40475994235,9471.400301638998,10367.024282652086
2024-12-17,10739.165485267475,9563.613084925062,10748.596583271734,9845.329397586736,10013.059497600543,9367.226413010809,10368.082916593316
2024-12-18,10591.397613624258,9555.26189851503,10644.950324886096,9839.547713813607,9897.78137244467,9361.44564681915,10369.141658637489
2024-12-19,10376.652638601392,9466.603814655042,10493.820191301951,9775.290156080733,9752.806155340813,9295.53833684186,10370.200508795639
2024-12-20,10362.164494956873,9438.653750006539,10484.327810586601,9755.2061609781,9737.919308641485,9276.798673329167,10371.259467078813
2024-12-23,10396.227694124824,9504.434776590058,10509.483793031854,9804.06912967715,9758.184675476698,9317.04376933926,10374.436990788876
2024-12-24,10411.762514065687,9566.913421069843,10521.074274579001,9849.899803030043,9766.265438177992,9354.938780756276,10375.496381682557
2024-12-27,10384.486437829875,9566.482596916954,10502.705979156572,9850.47206648786,9750.873771664274,9355.818334435946,10378.675203489216
2024-12-30,10475.846903059091,9620.408135139658,10568.468635368119,9890.588341192371,9805.787392059156,9389.94294238645,10381.854999216323
2024-12-31,10546.89388048599,9684.00054879991,10619.144652045012,9937.040373574273,9848.880930026133,9431.785697614641,10382.915147603693
2025-01-02,10663.487971777868,9758.536342805444,10702.201828572532,9991.667425262762,9925.287813472127,9482.159733632634,10385.035769162263
2025-01-03,10656.958224258411,9788.376623000153,10697.97095207506,10013.53268320543,9919.651066570465,9504.589739667786,10386.096242355572
2025-01-06,10635.896148614693,9837.148716330988,10684.112628629828,10049.651597782717,9905.392504670104,9541.557488886108,10389.278311724274
2025-01-07,10687.53526618535,9791.742834759265,10720.810398184321,10017.165960914605,9942.42154470221,9508.322147313416,10390.339218146966
2025-01-08,10521.808279885581,9685.78608974444,10604.486702198905,9940.975721640332,9822.194914408734,9428.074544315896,10391.400232904658
2025-01-09,10439.174819918107,9655.236292391886,10546.334755046955,9919.173128253728,9769.618206359934,9405.902567815174,10392.461356008407
2025-01-10,10483.496020151644,9596.584980094405,10578.030958335105,9876.961193770292,9797.654923002825,9369.419103258557,10393.522587469282
2025-01-13,10525.52738084949,9563.553567387848,10608.813760134537,9853.838445617914,9825.33937262542,9348.148330631058,10396.7069321053
2025-01-14,10444.264810874736,9547.23021984288,10551.78144326288,9842.227687770715,9771.85263425126,9336.206538096043,10397.76859710533
2025-01-15,10496.45392455124,9615.970312276255,10589.010893029956,9892.511397908142,9805.851864004662,9382.258084104978,10398.83037051782
2025-01-16,10391.587369171395,9666.113905395841,10515.148830299555,9929.290065253266,9738.414155335426,9414.333031302684,10399.89225235384
2025-01-17,10486.19780538316,9676.149221627948,10582.617029499776,9936.87396527321,9795.64353570235,9421.054427776751,10400.95424262446
2025-01-20,10536.925175934377,9679.096237447737,10619.841447584227,9939.909578856887,9821.35959188769,9423.41163227579,10404.140864154673
2025-01-21,10672.640936983882,9698.304515059393,10716.410786409553,9954.132669221273,9910.61481228789,9436.381512189273,10405.203288274444
2025-01-22,10555.709904740243,9698.167149080069,10633.970901649262,9954.33075780997,9828.439511842338,9436.136964124924,10406.265820884193
2025-01-23,10501.244431449293,9667.52622942792,10595.737892049265,9932.431564459741,9794.871008961694,9416.152581428158,10407.328461994995
2025-01-24,10576.291653315202,9653.5999392433,10646.635502134222,9921.60501342927,9843.435212181404,9406.318343230578,10408.391211617936
2025-01-27,10475.59208415584,9597.391002628314,10575.234720824157,9882.115266192988,9775.866645942162,9367.910038342901,10411.580111670384
2025-01-28,10512.002788416636,9624.545811145752,10602.30734924926,9902.14852074988,9794.960968294985,9385.94954696966,10412.643295452688
2025-01-29,10301.58641683663,9533.221975629993,10463.827740568622,9840.01149769169,9660.654336232114,9325.08671020752,10413.70658780254
2025-01-30,10172.774806583691,9581.275556406163,10378.775443250275,9872.846890385172,9585.838183260945,9353.702723124834,10414.769988731032
2025-01-31,10271.852532721408,9623.956408720887,10445.114117606972,9902.04181260067,9636.309914750105,9374.347112654204,10415.833498249247
2025-02-03,10216.383792826124,9559.217461019067,10409.853649361283,9859.32359217997,9615.687047670843,9343.789123304181,10419.024678453137
2025-02-04,10235.528715167553,9573.252249645813,10422.978968126326,9869.167752937443,9625.601867954565,9351.30225846885,10420.088622441153
2025-02-05,10398.980982614441,9652.867812552835,10532.03340022066,9923.342940348331,9708.66861311573,9393.510605552307,10421.152675074345
2025-02-06,10579.935257093823,9697.750585898479,10652.082026444901,9953.978166043104,9812.1921630692,9419.086075295356,10422.216836363814
2025-02-07,10582.994967359664,9702.546069995831,10654.47806523802,9957.553219644431,9819.380128560371,9421.966625034998,10423.281106320652
2025-02-10,10607.43787597975,9762.25219706562,10671.927779677946,9998.776542918724,9836.779318531673,9464.760461573629,10426.474568306354
2025-02-11,10877.878699025574,9785.464804511887,10849.908846969436,10014.742514752335,10021.032880649876,9481.372252429173,10427.539273043649
2025-02-12,10825.821864558116,9802.550701324504,10816.085399671601,10026.55751664821,9987.47466309286,9494.916682272045,10428.604086503809
2025-02-13,10851.583771961055,9834.967503498088,10833.261926340716,10048.65191438716,10007.89715634766,9522.401103264208,10429.669008697932
2025-02-14,10987.788331073734,9871.052709355956,10922.38030155347,10073.184988329573,10117.014801133815,9552.704747494758,10430.734039637126
2025-02-17,11020.667783603392,9859.728138506609,10944.99332786988,10066.682235319664,10142.205975923083,9541.14494423849,10433.92978503618
2025-02-18,11051.457098199786,9834.001605278685,10965.509727231198,10049.81363827932,10170.486338869023,9516.954045436094,10434.99525106671
2025-02-19,11003.324488508872,9747.809227867423,10934.702171128241,9992.42101042722,10127.189565429078,9435.108499445427,10436.060825897845
2025-02-20,10905.40867657067,9718.233158632882,10871.51150058753,9972.889234391927,10040.655637053915,9407.75256004203,10437.126509540692
2025-02-21,11010.59871641005,9732.406251837614,10943.22363965805,9981.511912368649,10130.016720184363,9421.49699592194,10438.192302006368
2025-02-24,10998.701672592075,9666.781731974239,10936.310063712035,9934.888306086574,10109.813155556943,9358.760814521815,10441.390332451474
2025-02-25,10827.886686738522,9597.742967157721,10817.020203949463,9885.046886072127,9960.136136871339,9295.314378818803,10442.456560319586
2025-02-26,10874.036159009038,9625.289596137998,10849.673913063218,9905.331020361537,10000.848754392402,9320.929958614151,10443.5228970661
2025-02-27,10789.595078628954,9576.517232964034,10790.7622521875,9870.17671768587,9932.453849931415,9279.079650443899,10444.58934270213
2025-02-28,10824.216772724101,9501.985157650455,10815.605124380823,9816.140758135147,9957.916854545623,9216.49271943111,10445.655897238794
2025-03-03,10829.374677938356,9504.5221437629,10820.181296779023,9818.888229302265,9962.745477487975,9218.846237787287,10448.856214363826
2025-03-04,10535.53904122267,9309.141328928124,10629.47597668992,9683.901286890623,9730.832762448978,9055.658351152546,10449.923204614255
2025-03-05,10569.559133343224,9356.590304111098,10652.65804346448,9716.599581969725,9747.062691118474,9090.643079951678,10450.990303820938
2025-03-06,10540.31028863033,9337.914311927807,10634.016861350421,9704.250117172678,9726.98046278271,9077.281192962268,10452.057511994992
2025-03-07,10841.977942988895,9390.670805548547,10832.997699219131,9740.568283275135,9923.050410507054,9113.744455605738,10453.124829147553
2025-03-10,10705.132066808052,9273.192473148341,10744.772080695193,9661.596939889716,9849.803164747827,9014.872384148512,10456.327434587549
2025-03-11,10443.191046800586,9172.693270872684,10572.023236888857,9593.192651441304,9652.683453365173,8937.539759982144,10457.39518776542
2025-03-12,10470.710026210438,9182.894869467376,10590.600030583153,9600.53379921924,9667.902285139822,8943.648156576784,10458.463049977448
2025-03-13,10435.626890106427,9206.571198976786,10567.82941974683,9617.126847074715,9646.504994132643,8958.959166172963,10459.531021234767
2025-03-14,10724.249942108605,9328.217018581261,10758.948026465208,9700.908829439453,9819.289669889833,9036.046567461195,10460.599101548514
2025-03-17,11031.070511153093,9330.09403923419,10961.81580851021,9703.25035703436,10025.342750310107,9034.853281072683,10463.80399693968
2025-03-18,10993.481622084822,9353.548445504213,10937.982105422989,9719.602568301956,9988.701969558424,9052.680198531454,10464.872513590506
2025-03-19,10936.606105314922,9348.899167240876,10901.994881514458,9716.771787134421,9938.152311380503,9048.131728271781,10465.941139353454
2025-03-20,11007.170472498823,9381.314540414733,10951.50293832816,9740.313049849432,9997.17721658719,9077.058301758585,10467.00987423966
2025-03-21,10971.375416692981,9342.055470122557,10926.762076961839,9711.763914688165,9966.723604744635,9040.785371546239,10468.078718260274
2025-03-24,10769.511036228252,9324.128441330598,10786.077839530952,9699.462587261822,9794.12903005955,9024.62971498715,10471.28590523999
2025-03-25,11044.163282069941,9375.434072552347,10979.564604195079,9737.481210214619,10008.93773652878,9068.001721774364,10472.355185909677
2025-03-26,10997.1656652222,9419.197145331114,10947.27441073774,9769.953814392124,9961.796044421382,9103.555392250291,10473.4245757695
2025-03-27,10988.159617527133,9413.466907826185,10941.314723780139,9766.046066390809,9953.855970997642,9097.754784712211,10474.494074830614
2025-03-28,11364.48782649549,9432.768331189089,11204.940129085468,9780.517845214528,10275.844777070837,9115.526175494115,10475.563683104165
2025-03-31,11159.9658772291,9216.537590093041,11064.944811025118,9622.636119149465,10086.008157151618,8906.614578385594,10478.77316331098
2025-04-01,11181.627792401274,9262.715471869742,11080.407979860807,9656.919871243288,10105.61503274637,8951.368975478397,10479.84320854582
2025-04-02,11051.433725980523,9212.27182313766,10989.8979069755,9620.009077961515,9987.765199452018,8902.480615102386,10480.913363048874
2025-04-03,11012.40594280808,9020.964417591893,10963.752615316856,9478.325596395562,9951.523805899833,8718.566455290034,10481.983626831296
2025-04-04,10216.12506455561,8580.565215091936,10397.631910501359,9149.39847108613,9246.883028592481,8306.88126172227,10483.053999904247
2025-04-07,10299.77652705677,8422.321087068403,10460.729350460542,9032.136346475263,9233.284568011706,8151.72532987281,10486.265774977881
2025-04-08,10687.991855347458,8665.544089166815,10754.271513704169,9226.704292480406,9429.785766193,8283.95474685439,10487.336585324563
2025-04-09,10277.617046360841,8428.872148337448,10439.194325600374,9033.514397662326,9201.875053502214,8136.339394365505,10488.407505017585
2025-04-10,10786.605661142561,8715.44983108331,10839.38837899814,9270.328914032214,9588.791251191185,8365.19786877899,10489.478534068114
2025-04-11,10663.431929598924,8694.847081200227,10746.500023245817,9253.858669667456,9496.09296515498,8350.193275249678,10490.549672487317
2025-04-14,10379.098900520014,8769.02946535663,10531.346024285102,9314.491313998205,9300.691781419751,8407.254373174672,10493.763744068665
2025-04-15,10938.769437763889,8967.389252434461,10962.323574020442,9474.621392693647,9602.427656761523,8524.977675141052,10494.83532007426
2025-04-16,10880.001447287093,9000.003864567096,10917.465969217583,9500.998317009571,9568.6336729578,8553.766202915122,10495.907005504383
2025-04-17,11030.097934418212,9027.11590989054,11031.333343562244,9522.968422538486,9687.508497014745,8576.226974394527,10496.978800370209
2025-04-22,10967.570980050394,9069.869416509055,10985.608967270431,9558.36585750913,9634.986877049707,8615.111084704122,10502.339416626015
2025-04-23,11439.75272093949,9095.857685069019,11341.944889920997,9579.395693405198,10022.372183548056,8638.860937799018,10503.411868340761
2025-04-24,11289.808934979246,9082.431513362544,11230.792509826219,9568.897151556857,9887.297277601521,8626.2400309428,10504.48442956946
2025-04-25,11453.133823480583,9158.508882054079,11353.299337327087,9629.964369763613,10030.515063834588,8698.695540594801,10505.55710032329
2025-04-28,11482.823121193884,9212.679028062237,11376.487611700906,9673.913599110036,10056.54810127027,8750.286557004702,10508.775769847438
2025-04-29,11514.020495754246,9244.046771006162,11400.066000391555,9699.153425572598,10083.903514779862,8780.160830690731,10509.848878813656
2025-04-30,11802.186034885714,9299.716001590756,11606.57412635203,9741.399218859533,10336.58142756628,8833.179558664606,10510.922097360944
2025-05-01,11990.436096703806,9391.7298278943,11737.311356490187,9809.938942666517,10501.648468009327,8920.812457042992,10511.995425500487
2025-05-02,12123.806035440162,9470.80380263074,11829.53482795762,9868.701288533059,10618.593880184293,8996.121591233268,10513.068863243476
2025-05-06,12412.946084848181,9543.432113180426,12044.032360264882,9925.914332952589,10872.126292170728,9065.291949792205,10517.363710473768
2025-05-07,12493.592369864393,9566.505287446422,12098.51477417311,9942.18681297049,10942.84097593649,9087.266572704286,10518.437696401901
2025-05-08,12352.599126705603,9656.440553559638,12002.484043254497,10008.958385558151,10819.211070342217,9172.919874523657,10519.51179200065
2025-05-09,12522.253011666102,9751.227196179241,12118.727859530558,10078.9089575386,10967.972055701966,9263.193570923486,10520.585997281218
2025-05-12,12561.644167323655,9843.542499874167,12146.604825107175,10147.464352751591,11002.512185044969,9351.113592864318,10523.809271325823
2025-05-13,12604.54652559449,9917.200772841454,12176.141800988464,10201.571684958053,11040.131111909579,9421.26487565497,10524.88391544567
2025-05-14,12517.627514957814,9890.428658057253,12117.493522565828,10182.388140493238,10963.916189558602,9395.767424798856,10525.958669303345
2025-05-15,12429.841896231985,9847.763933499567,12058.082043461896,10151.572112998372,10886.941382025538,9355.134037168911,10527.033532910054
2025-05-16,12373.249565737686,9909.71805381413,12019.887080292614,10197.102600197068,10837.31840492662,9414.138421050724,10528.108506277009
2025-05-19,12441.654266227715,9883.381881247577,12067.60027923784,10178.817054353989,10897.299057008388,9389.056156494235,10531.334085051409
2025-05-20,12380.095872417347,9916.628649140053,12025.91926344008,10203.380121998267,10843.321587983583,9420.719991693515,10532.409497571425
2025-05-21,12081.126345115932,9866.917943844323,11820.971424134454,10167.37304545712,10581.170199677603,9373.376093928331,10533.485019907735
2025-05-22,11854.263370421775,9873.551583594412,11664.420805623857,10172.549482914492,10382.245431965943,9379.69389530071,10534.560652071554
2025-05-23,11639.598543287562,9835.83545829356,11515.747014954535,10145.23668567007,10194.016608240501,9343.773496068397,10535.636394074098
2025-05-27,11729.544264925305,9900.768544958626,11579.931950544264,10193.926161676607,10272.885501710523,9405.615012867656,10539.940460695849
2025-05-28,11699.149369002631,9915.490211977945,11559.032911719769,10204.974986421135,10246.233741461017,9419.6357573763,10541.016752060277
2025-05-29,11629.639430491601,9974.837838108617,11510.927231459505,10248.593522691534,10185.283961574725,9476.157746501616,10542.093153330743
2025-05-30,11066.161635572927,9973.240185499068,11113.539404143972,10247.757054014088,9691.198535709236,9474.63616073129,10543.169664518473
2025-06-02,11207.279788256852,10002.883121678924,11214.880184065274,10270.231570111415,9805.529925607547,9497.287182829523,10546.399857697475
2025-06-03,10946.758067301382,10041.062265181989,11031.998638371693,10298.300875349018,9592.387079601489,9530.573140378685,10547.476808666503
2025-06-04,11285.944946219452,10094.063089714577,11296.77155263147,10338.864908406784,9819.551557902752,9571.199574035414,10548.553869608926
2025-06-05,11435.915329467993,10109.033302726315,11403.488945431915,10349.304259764356,9944.009389845982,9585.13024371299,10549.63104053597
2025-06-06,11553.948860647024,10141.674830705253,11486.600564379141,10373.309190471455,10046.825626319722,9615.556651395778,10550.708321458875
2025-06-09,11195.789975370104,10224.601123022065,11237.822249441895,10434.356224101846,9735.039975708898,9694.388685776636,10553.940824315043
2025-06-10,11041.748743833738,10242.800236447492,11116.872214437737,10448.037818186162,9617.078507842509,9710.704828896254,10555.018545333702
2025-06-11,10928.403432586312,10288.23079998962,11031.105654188375,10483.484327071475,9536.411286786471,9745.900480497847,10556.096376404386
2025-06-12,11036.557486050313,10287.892750932559,11113.470350358397,10483.52604759974,9614.079889246128,9743.81760632552,10557.17431753834
2025-06-13,10970.743264405044,10231.76333019756,11063.88087731081,10440.27971117949,9564.680288273223,9699.879975505142,10558.252368746798
2025-06-16,11013.487794928218,10245.373518306827,11097.892752699463,10451.674473923822,9596.65888573088,9710.612624985924,10561.487182931614
2025-06-17,10965.343863036924,10280.623087169895,11062.005609765165,10479.268214273634,9562.260099109744,9738.226435457922,10562.565674550508
2025-06-18,10996.758090826374,10284.949234723963,11086.142416936626,10482.886766356858,9585.840603650706,9741.975711596238,10563.644276300121
2025-06-19,11114.456234079467,10324.89701777258,11175.824423986602,10514.081806455448,9669.464501433924,9773.254213786775,10564.7229881917
2025-06-20,11185.384770888526,10335.772418360199,11229.888392717128,10522.7687284916,9722.161258498763,9781.367540323723,10565.80181023649
2025-06-23,10923.21374775068,10289.387321934184,11032.484276156074,10487.721154509096,9513.139616342414,9741.174435252624,10569.038937402618
2025-06-24,11322.661136418876,10331.693683991707,11336.38994957997,10520.691784791064,9791.974242333436,9772.880583039547,10570.118200172748
2025-06-25,11490.546197844544,10301.516490138518,11463.405313441765,10497.60662500349,9938.27287858987,9745.726666437618,10571.197573152347
2025-06-26,11605.746450124752,10340.072524231242,11550.279962705334,10527.702463397467,10038.050062841905,9782.257447692793,10572.277056352661
2025-06-27,11573.211047605184,10387.507418208423,11526.114447688313,10564.63831874439,10009.87993284382,9827.254718799646,10573.356649784953
2025-06-30,11555.827551066368,10403.127742799408,11513.947365001024,10577.47906496538,9994.828838024318,9842.07234087956,10576.59609158624
2025-07-01,11780.398074653658,10432.049676626006,11682.736384388792,10600.05837407807,10189.26798565645,9869.508024539078,10577.676126059001
2025-07-02,11704.072724098936,10419.728518296975,11625.852001110705,10590.820433444474,10123.18346188403,9857.82003008265,10578.756270820033
2025-07-03,11682.009666705444,10495.127721362624,11609.602392329989,10649.230090176132,10104.080678467824,9929.344593270318,10579.836525880593
2025-07-04,11745.931002144856,10536.758429488118,11657.883496580469,10681.565299946476,10159.425475192764,9968.835968414895,10580.916891251947
2025-07-07,11549.676874621757,10518.746458207224,11511.227088595731,10668.516159740251,9989.503418346938,9951.749602437088,10584.158649343419
2025-07-08,11686.779997464262,10574.717850229354,11614.561135497115,10711.849009132571,10108.210958042593,10004.844717539308,10585.239456070602
2025-07-09,11540.246130645426,10554.932607262024,11504.812399526607,10696.901381439437,9981.338028735678,9986.076205363306,10586.320373164912
2025-07-10,11614.512491144646,10578.09389035295,11560.892091006268,10714.976927777927,10045.639824013819,10008.047268565406,10587.40140063762
2025-07-11,11534.488603999116,10577.76002011177,11501.031462066023,10715.113898459376,9976.353008637328,10007.730555361688,10588.482538499995
2025-07-14,11463.373353201941,10483.03556156497,11448.601369492057,10643.09273445301,9914.779528165482,9917.873829490887,10591.726614537863
2025-07-15,11433.985076162473,10415.957096848078,11426.717980501815,10591.66946292639,9889.334374248334,9854.242415721219,10592.80819407165
2025-07-16,11377.730752967309,10443.904099019199,11386.69845752015,10611.844252394863,9840.62788117003,9880.753267844588,10593.889884051478
2025-07-17,11231.012604524522,10443.51341211507,11283.759933993559,10611.879171022729,9713.595395919121,9880.382657691902,10594.971684488628
2025-07-18,11419.59208110653,10484.650463282456,11417.358363488162,10641.804364387373,9868.786243585644,9917.344291046067,10596.053595394376
2025-07-21,11660.457308352577,10494.43420934639,11593.056454743939,10648.196246851705,10069.757619301534,9924.47290067162,10599.299991036038
2025-07-22,11547.881385914478,10458.067170861086,11513.129586413745,10621.521227868814,9972.424960589458,9889.988842694116,10600.382343929004
2025-07-23,11429.027997322342,10470.230545844552,11430.068758719548,10630.663886812441,9869.681154382552,9901.522451711118,10601.464807346987
2025-07-24,11480.228512176045,10473.422627511078,11466.741263161202,10633.28509701345,9913.941873799164,9904.549165686836,10602.54738130127
2025-07-25,11382.951462069406,10500.888268565404,11398.615983937987,10653.350139360697,9829.849902699796,9930.591932870084,10603.63006580314
2025-07-28,11354.598527696993,10471.007288957791,11379.665014313148,10632.83953267668,9805.339968083028,9902.258955183912,10606.878782707174
2025-07-29,11041.09250018001,10373.78794545964,11158.733134056965,10563.203684676473,9534.327023338887,9810.076117600654,10607.961909512296
2025-07-30,10976.990343666506,10320.162596221267,11113.21712287513,10523.288025426744,9479.962375938761,9761.507966649227,10609.04514692146
2025-07-31,11284.460666881947,10359.208730682854,11348.371187327451,10553.803975692319,9694.821503745323,9790.976755134152,10610.128494945962
2025-08-01,11214.817639630184,10268.611709094239,11295.862614396292,10483.832415498466,9635.764313117754,9710.222932685527,10611.211953597098
2025-08-04,11162.321798641888,10294.169575159356,11256.748434473748,10504.427363908713,9596.042910820988,9733.28865884027,10614.46299342327
2025-08-05,11319.300551671276,10374.056232598146,11375.21265759971,10564.420968931832,9721.399717381142,9802.886045302905,10615.546894693915
2025-08-06,11488.65774969828,10399.088754993803,11502.508364990392,10582.467377789848,9862.91470183457,9823.755702920238,10616.630906647688
2025-08-07,11415.835043268326,10408.015023211046,11447.608744697965,10589.628646716337,9800.639517216681,9832.143257596721,10617.71502929589
2025-08-08,11546.554348965019,10401.547369399752,11547.193712243781,10584.936441765842,9912.969740721788,9826.017165489915,10618.799262649827
2025-08-11,11804.626026777547,10387.665352580761,11742.871648666394,10575.00884595876,10134.73796063664,9812.868332473805,10622.052627059093
2025-08-12,11814.948009481812,10375.395440420974,11751.205378586481,10565.782910682901,10143.607929422298,9801.246460248145,10623.137303349025
2025-08-13,11753.019545920235,10337.526459453093,11705.063377189657,10536.763598395166,10090.391066480952,9765.377543470693,10624.222090401225
2025-08-14,11814.22710096604,10311.142268524534,11751.312838615338,10516.581557785,10142.988432546863,9740.386843312719,10625.306988227008
2025-08-15,11784.776895079784,10321.475912205207,11729.554875164573,10524.838530292202,10117.681045925114,9750.174711792837,10626.391996837678
2025-08-18,12781.753087871199,10423.67468760385,12479.188403328877,10604.759406756979,10974.410607039103,9846.975821192638,10629.647687492181
2025-08-19,12977.134547107278,10434.424882489311,12624.362835672648,10613.32930430218,11142.30736629116,9857.158240572107,10630.73313935556
2025-08-20,13041.784070240552,10423.230815297682,12672.437606507623,10604.942183440584,11197.862511921188,9846.555392165954,10631.818702060405
2025-08-21,13015.509632237188,10442.945367286586,12657.85637240696,10619.184841779253,11175.284151573276,9865.228712823684,10632.904375618038
2025-08-22,13147.425834268062,10527.379593567315,12748.905031601527,10680.486722218968,11288.643438070678,9945.203514316252,10633.990160039775
2025-08-26,12941.31920185756,10504.924785573678,12609.30848865841,10665.681955898033,11111.530237169325,9923.934665284887,10638.33440659422
2025-08-27,12815.015746759469,10517.281925627292,12522.944957294021,10674.889849872434,11002.994141286834,9935.639158431031,10639.420745506328
2025-08-28,12835.988581627347,10497.701176282788,12537.939169359823,10661.134129663016,11021.016685597917,9917.092573581713,10640.50719535048
2025-08-29,12735.783268556814,10521.45171109344,12469.133710467953,10678.565049471901,10934.90745399446,9939.588715140575,10641.59375613801
2025-09-01,12584.244244930045,10525.988651728861,12365.255269365034,10682.785908590595,10804.685727395452,9943.88603558377,10644.854104274158
2025-09-02,12474.32036316325,10458.839900245588,12289.352136608493,10634.798758712204,10710.22505755906,9880.28377016485,10645.941108948497
2025-09-03,12488.926383255997,10479.202018266364,12300.092899373663,10649.788708985197,10722.776419641885,9899.570455415756,10647.028224622867
2025-09-04,12570.459787660517,10488.36811048478,12357.037652874253,10656.71048176506,10792.840357253112,9908.252437094516,10648.115451308608
2025-09-05,12528.089805932403,10485.648246635412,12328.015701472272,10655.074923659264,10756.430645453775,9905.67622385704,10649.202789017054
2025-09-08,12388.914358917536,10502.939865812968,12232.431242202078,10668.47802932103,10636.833286458632,9922.05457979308,10652.465468391993
2025-09-09,12372.861643307593,10465.63666690117,12221.62291929256,10641.941570224955,10623.038738405596,9886.72156308385,10653.553250304638
2025-09-10,12176.088602759017,10370.556391511982,12085.199027078897,10573.655568374163,10453.946154362802,9796.662987491221,10654.641143296683
2025-09-11,12025.612030146782,10372.011705228086,11972.141051851604,10573.266353285364,10324.637421672747,9798.041438276898,10655.729147379474
2025-09-12,11957.147613216863,10354.63146931846,11920.89061878302,10560.069545691824,10265.804030973548,9781.57914593416,10656.817262564353
2025-09-15,11919.634746373065,10341.682161456763,11893.55395651687,10550.8316902845,10233.568174009673,9769.313760541016,10660.082274844983
2025-09-16,11881.184276561029,10332.528214464839,11864.874284634927,10543.997616836421,10200.526608559192,9760.643282634132,10661.170834551682
2025-09-17,12127.806813621548,10395.218202416754,12051.125495965869,10592.857565187787,10412.456260906345,9820.022275761354,10662.259505417207
2025-09-18,12458.269293527968,10466.89813841481,12299.371372350295,10648.712934669604,10696.43192393815,9887.916409514452,10663.348287452907
2025-09-19,12432.432527740013,10491.021853747754,12280.254844117337,10667.618902047636,10674.229667581209,9910.766021928737,10664.437180670138
2025-09-22,12463.440711531071,10552.889789121658,12304.557153141759,10716.19751024766,10700.875868245112,9969.366379487905,10667.704527524551
2025-09-23,12291.093353326576,10571.552057569485,12175.565498284448,10730.867028118932,10552.772957040906,9987.042993347706,10668.793865581447
2025-09-24,12070.96326546305,10592.374383414313,12010.676960639794,10747.185900727038,10363.609008165386,10006.765580376767,10669.883314876652
2025-09-25,11950.517265649567,10572.116535113184,11920.306861342822,10731.869531952883,10260.106387637186,9987.577657801841,10670.972875421521
2025-09-26,12004.614854100757,10595.09706271823,11961.781646645944,10749.850859860071,10306.593960305647,10009.344460369519,10672.062547227419
2025-09-29,11979.322374133591,10600.761840328729,11943.504903027235,10755.010767077927,10284.859423996326,10014.710050662165,10675.332230324899
2025-09-30,11996.666501952106,10628.154056294867,11956.880061983753,10776.387682211614,10299.763718724023,10040.65553664376,10676.422347288535
2025-10-01,11932.205429278929,10656.987504020988,11908.647618293257,10798.864155162995,10244.370513851598,10067.966135198603,10677.512575570014
2025-10-02,11853.819974673874,10671.027783937696,11846.823930715083,10809.227508591961,10177.011697656113,10081.264872555494,10678.60291518071
2025-10-03,12015.217925132109,10729.967270883695,11977.061161700389,10857.811892207763,10315.705476164132,10137.091448770063,10679.693366131985
2025-10-06,12254.57546944864,10761.200792820746,12170.208179248184,10884.095707688632,10521.392116802426,10166.675360731595,10682.965387143013
2025-10-07,12252.424136943799,10709.158864304773,12168.747497758592,10841.616653437646,10519.543416536553,10117.382045855746,10684.056283570324
2025-10-08,12190.227868520651,10702.315953725058,12119.348402475833,10836.237267563181,10466.09642137823,10110.900546120973,10685.14729139508
2025-10-09,12545.59935855543,10723.798730454342,12404.66510783642,10854.071599795085,10771.477094348435,10131.24870207755,10686.238410628652
2025-10-10,12582.601398264884,10627.476197462827,12434.361632027922,10775.250735554744,10803.273983250909,10040.01347917584,10687.329641282418
2025-10-13,12658.953570334637,10665.147837157827,12496.055596436498,10806.817390983128,10868.885542825139,10075.695477332481,10690.604001878663
2025-10-14,12324.980460362727,10590.51641388148,12230.211086882693,10745.756663269882,10581.893097068745,10005.005740189777,10691.695678326994
2025-10-15,12119.33947596421,10528.807247121971,12065.64508665269,10695.205077453795,10405.180040543786,9946.5557658221,10692.787466252417
2025-10-16,12241.842054885228,10550.128514263122,12164.176283975485,10712.991792207145,10510.449937090143,9966.750942378983,10693.879365666322
2025-10-17,12084.697943430761,10407.043821479274,12038.21940633835,10595.039113659812,10375.411601559701,9831.223320393496,10694.971376580084
2025-10-20,12110.746729330514,10394.55123388566,12060.039253198735,10585.33503755579,10397.796052735974,9819.390533419099,10698.248078434415
2025-10-21,12627.861514327109,10358.621725590932,12475.41037227977,10555.893912276599,10842.167268416928,9785.358655350581,10699.340535461499
2025-10-22,12582.469821216504,10380.838130267557,12440.02099567674,10574.451951539084,10803.16091540865,9806.401692423991,10700.433104045385
2025-10-23,13025.04710143589,10450.041342668967,12792.60947096918,10631.831795879163,11183.479965936576,9871.949911650287,10701.525784197467
2025-10-24,13030.74007966672,10509.78480537776,12797.311980530916,10681.363434591725,11188.372101552652,9928.538001351337,10702.618575929137
2025-10-27,13065.941623617853,10445.163105047885,12828.886303434238,10626.670195270064,11218.621774030129,9867.329319947541,10705.89762071562
2025-10-28,12953.284404151931,10403.38044039924,12734.329567118211,10590.181762465623,11121.812270566339,9827.75342213574,10706.990858879593
2025-10-29,12991.943074870343,10407.674610783015,12767.031611017608,10594.104498682893,11155.032748885991,9831.820794327621,10708.084208680133
2025-10-30,13509.44940083171,10438.371080323206,13202.539252464381,10621.195303548266,11599.740426682414,9860.896018512609,10709.177670128645
2025-10-31,13652.89588214053,10469.768623775588,13322.953978681333,10648.8762913848,11723.008005049518,9890.635289132675,10710.271243236526
2025-11-03,13599.365419701806,10409.619685072934,13278.884173616032,10596.663878187055,11677.007779644984,9833.663138801854,10713.552632630419
2025-11-04,13383.605109329943,10265.987104018779,13098.750349895663,10470.756184690212,11491.598902936355,9697.616565467031,10714.646652489815
2025-11-05,13149.04878982862,10225.003794833936,12902.367626599207,10434.893342199892,11290.038089232026,9658.797804865535,10715.740784065603
2025-11-06,13293.402587397517,10203.747033055555,13024.00133458169,10416.352678405307,11414.085349869287,9638.663726796898,10716.835027369192
2025-11-07,13511.6808772928,10146.384984236056,13207.268252425727,10366.028339003693,11601.657996894191,9584.331275732638,10717.92938241199
2025-11-10,13709.594448020163,10234.292938523678,13375.36075485601,10443.877978721304,11771.73067045826,9667.596339006788,10721.213118089754
2025-11-11,13662.280786496109,10249.439390373644,13335.885364989264,10457.385864713962,11731.072716170798,9681.942825418491,10722.307920203506
2025-11-12,13865.005300431023,10267.95077869175,13506.31024807691,10473.8256246692,11905.279567955518,9699.476527938228,10723.402834113533
2025-11-13,13651.112862731023,10184.61144234342,13328.051658736167,10400.587140487405,11721.475806540466,9620.538789362661,10724.497859831248
2025-11-14,13477.90100173852,10084.57472943983,13183.280235577022,10312.478732192076,11572.630003881568,9525.785552330182,10725.592997368067
2025-11-17,13765.040684639986,10123.388517080453,13424.201215491315,10347.17341326543,11819.377174264657,9562.549375467646,10728.87908100736
2025-11-18,13677.482505980457,9986.605917198418,13351.328245448063,10226.351902871467,11744.13597942239,9432.990999024058,10729.974665934802
2025-11-19,14002.685086138925,10057.276583309122,13624.180141123497,10289.028799686637,12023.591663306099,9499.929167850976,10731.070362738456
2025-11-20,14034.626754473693,10099.451659253173,13651.143736934784,10326.409319109656,12051.04003337908,9539.876751610967,10732.166171429744
2025-11-21,13816.75450530442,9971.831448721257,13470.102772843375,10213.699927497202,11863.816308520527,9418.996849546224,10733.262092020093
2025-11-24,13415.52207649934,9952.770574960692,13135.03136859542,10197.316640307432,11519.026046606226,9400.942682860217,10736.55052529977
2025-11-25,13169.439494723878,9943.421736436207,12929.06862914338,10189.205983347134,11307.560392956058,9392.087606688907,10737.646893600637
2025-11-26,13438.901490864368,10007.035685748824,13168.918240878735,10247.299775302887,11539.11663207143,9452.341761816935,10738.74337385771
2025-11-27,13454.961309449183,10113.148088435259,13183.876529105026,10346.619383989957,11552.917283909681,9552.849798836536,10739.839966082416
2025-11-28,13401.61345652095,10176.427090966508,13142.889332071953,10403.312176270936,11507.073979971192,9612.786697520934,10740.936670286197
2025-12-01,13106.563423992491,10129.237079043614,12895.851826969207,10362.167959038292,11253.529224637534,9568.089043474618,10744.227454886317
2025-12-02,12765.764132074522,10066.760287499003,12591.741139856005,10304.60255824063,10960.670849579104,9508.911986707846,10745.324607120741
2025-12-03,12780.853182325258,10115.169571624245,12603.583398377488,10348.118158602421,10973.63729300314,9554.764516645657,10746.421871391423
2025-12-04,12724.873172076166,10072.968734227943,12556.745754032674,10311.058036721792,10925.532102569676,9514.792532034033,10747.5192477098
2025-12-05,13138.88920598509,10121.477218199725,12908.257085189025,10354.02513852434,11281.307674333151,9560.739022541913,10748.616736087317
2025-12-08,12808.632638277297,10055.467240975278,12612.824934098446,10290.89951481299,10997.508957419856,9498.21538659953,10751.909873689141
2025-12-09,12699.202579289245,10043.52510098903,12515.21213024614,10279.84121318478,10903.472643325918,9486.903975139187,10753.007810417654
2025-12-10,12629.990250796352,10029.236744170952,12457.844554217823,10267.586492742113,10843.996551276652,9473.370263153942,10754.105859262538
2025-12-11,12560.70495117185,10019.668273427815,12399.684548434,10259.29944023524,10784.457753090554,9464.307154720567,10755.204020235231
2025-12-12,12761.919741105654,10038.30440997409,12570.280023893909,10275.938383454451,10953.25086134967,9482.096859512274,10756.302293347193
2025-12-15,12766.657747561778,10065.9337561185,12575.00946598894,10300.787562157053,10954.86423654534,9507.545497657158,10759.597785633177
2025-12-16,12916.397946241634,10016.626765814772,12701.572920022982,10257.37115596086,11083.459783122766,9460.844867730195,10760.696507416718
2025-12-17,12895.911949613037,10035.347901727157,12684.689071618724,10274.06092254763,11065.866424608346,9478.576099612557,10761.795341396793
2025-12-18,12838.524259479542,10052.20952916694,12636.331924816377,10289.099606448464,11016.581929374777,9494.546146700008,10762.894287584857
2025-12-19,12815.08969166071,10086.712591724669,12616.826238866852,10319.706305177731,10996.456344196427,9527.224815213103,10763.993345992367
2025-12-22,12647.141657751614,10103.724206292172,12475.214312430226,10335.172451979843,10852.222727937544,9543.336918664605,10767.291194646177
2025-12-23,12702.625831579611,10130.942242600211,12522.46750409125,10359.333975677773,10899.872485127797,9569.115766110384,10768.390702046083
2025-12-24,12641.665410558737,10155.60665097949,12471.16492121921,10381.232728780948,10847.519731910908,9592.476012005935,10769.490321722742
2025-12-29,12523.361423970102,10191.0594650112,12372.17943141108,10413.248607360607,10745.920377596609,9626.05421265582,10774.990104658697
2025-12-30,12753.026578057721,10291.793627847339,12567.057810503049,10502.274760138696,10932.212209332836,9715.785455512783,10776.090398236702
2025-12-31,12721.082421331377,10271.52669827095,12540.172161833454,10484.549287427822,10906.191522026964,9697.593841374544,10777.190804171742
