Date,Original,Original benchmark,Capped,Capped benchmark,Drawdown,Drawdown benchmark
2024-01-02,0.0084266677059468,-0.004045500733820151,0.005219410462737217,-0.0022638906011241966,0.0084266677059468,-0.004045500733820151
2024-01-03,-0.00863107578122635,-0.006569827973736619,-0.004472768585756959,-0.0035415044844396837,-0.00863107578122635,-0.006569827973736619
2024-01-04,0.014547945735534418,8.826659161442763e-05,0.008098391340091826,0.00010067824396098324,0.014547945735534418,8.826659161442763e-05
2024-01-05,0.011474748696370662,-0.0008942494154368097,0.006363547008242376,-0.0004471041270384113,0.011474748696370662,-0.0008942494154368097
2024-01-08,-0.013105340539913635,-0.0014809892304470385,-0.007561630496913274,-0.0007459085677116173,-0.013105340539913635,-0.0014809892304470385
2024-01-09,-0.018621952546259868,-0.002865662246493761,-0.011133268027680443,-0.0016787629063984566,-0.018621952546259868,-0.002865662246493761
2024-01-10,-0.005869500155258112,-0.006035262168745725,-0.0034758053495038688,-0.003583364832126845,-0.005869500155258112,-0.006035262168745725
2024-01-11,-0.0009622670079746376,-0.006688160512821728,-0.0005379158860855382,-0.003974334698852999,-0.0009622670079746376,-0.006688160512821728
2024-01-12,0.0011787089477914847,0.00656511521221792,0.0007476575218878789,0.003972041741056032,0.0011787089477914847,0.00656511521221792
2024-01-15,-0.00811148500001313,-0.004050765892623764,-0.004754347800744352,-0.002313376093051267,-0.00811148500001313,-0.004050765892623764
2024-01-16,-0.011194953508895877,-0.0008263581510925544,-0.0067009803676375546,-0.0004549302424198265,-0.011194953508895877,-0.0008263581510925544
2024-01-17,-0.02482447610884264,-0.015303673602450996,-0.014864299688094329,-0.009174336006079642,-0.02482447610884264,-0.015303673602450996
2024-01-18,-0.02816051598838265,-0.0065517731147413105,-0.01688862363272836,-0.00389663531137896,-0.02816051598838265,-0.0065517731147413105
2024-01-19,0.024729957568222938,-0.0037898901457507073,0.01527526631544518,-0.0022348417773763174,0.024001574323947894,-0.0037618157780429096
2024-01-22,-0.01292489747491099,0.0010712418244127608,-0.007670643301746827,0.000767024758220769,-0.012895188214493425,0.0009563271948647145
2024-01-23,-0.02269104613608408,0.0012862763785452813,-0.013610171289433537,0.0008129860015446688,-0.022691118354832063,0.0012862535666537944
2024-01-24,-0.004035734666544388,0.005554222803596298,-0.002350789342582371,0.0033760720587359128,-0.0028636185756261145,0.005310843616418426
2024-01-25,0.0073088378048487,0.010740458155304111,0.004423950457061787,0.006493111668862017,0.006456363762691986,0.009406956395816346
2024-01-26,0.0087420907586222,0.007554007048725442,0.005286653741398695,0.004577284467463638,0.008021424661064813,0.0069794925429782495
2024-01-29,0.003093838586840425,0.013991876249090485,0.001986716381433773,0.008532053472365186,0.00322970468428041,0.013651099754858897
2024-01-30,-0.003525596696128619,0.002772166556285205,-0.0020635379399518428,0.0017122918277436838,-0.003538754558366386,0.0027083513807737436
2024-01-31,0.01055159121930127,0.0025169793429140608,0.006855516583854637,0.0015869896185525256,0.01022341033688634,0.0024525309635288206
2024-02-01,0.004950592470619908,-0.006213787087195777,0.0032588555269408293,-0.004006225638789496,0.004868146859872358,-0.006213374407185945
2024-02-02,-0.007481432074028405,0.0011168932749661131,-0.004834508700158779,0.0007580771506510153,-0.007481569464320659,0.0011169119614762302
2024-02-05,0.01573475565307847,0.004660439612990341,0.010334338713157143,0.0031394611948540874,0.015734755881174012,0.0046606692972075425
2024-02-06,0.02466535627888411,0.005822277276365639,0.01611090064170906,0.003825471432858718,0.024665356276163397,0.0058225626843593226
2024-02-07,-0.010971438461894079,-0.00292232357373734,-0.007137668546467357,-0.0018686140376888982,-0.010971438461904293,-0.0029224659969729894
2024-02-08,0.01928790857473861,0.004995256369250578,0.012573329194166538,0.003285570296606588,0.019287908574738832,0.004995500533118147
2024-02-09,-0.005448105048211693,-0.0070784932381336985,-0.0034756039978182107,-0.0045671438237803175,-0.005448105048211804,-0.007078837509035929
2024-02-12,0.024077718555519656,0.004666971379542195,0.01576139083226069,0.0031402137336939973,0.024077718555519656,0.004667199981458703
2024-02-13,-0.02010705781589517,-0.005810092257887756,-0.013021926240033066,-0.0037438870987668293,-0.02010705781589517,-0.005810375531118628
2024-02-14,-0.010363831845207061,-0.0007227069576879463,-0.006393072884130491,-0.0004330308776802072,-0.010363831845207061,-0.0007227423994666804
2024-02-15,0.002452715636614977,0.004766751702041994,0.0015848573926129372,0.003138041079301379,0.0024527156366156433,0.004766985634135468
2024-02-16,0.0177620593629384,0.006329185131142223,0.01159228819225433,0.004156926600185296,0.0177620593629384,0.006329494267238944
2024-02-19,-0.013106150320997156,-0.002077040908064487,-0.008365665684436419,-0.0012441833796958957,-0.013106150320997156,-0.0020771417187964714
2024-02-20,-0.011689362049657759,-0.005022863086485474,-0.007569600534409027,-0.003235612760898565,-0.011689362049657648,-0.005023107382333469
2024-02-21,-0.019700720323749032,-0.006792533098054165,-0.012777674823171492,-0.004387122114081765,-0.019700720323749255,-0.006792865132787873
2024-02-22,-0.008270115377265963,-0.003237777597856706,-0.005334905560443248,-0.00207106133564372,-0.008270115377266296,-0.00323793695037633
2024-02-23,0.05284642935941308,0.005689513365799481,0.03456270768506431,0.003737677494257907,0.05284642935941286,0.005689794294132966
2024-02-26,0.024330015219134138,-0.0016235169081898482,0.016111308667248858,-0.0009447840895094872,0.024330015219134138,-0.0016235966182602812
2024-02-27,-0.030902190767617355,-0.004625143823776656,-0.018852418431342666,-0.002792286240958841,-0.030902190767617466,-0.004625371274495027
2024-02-28,0.0017620384977603543,-0.007826492922219042,0.0010771570575864864,-0.004665517198530811,0.0017620384977605763,-0.007826879594197811
2024-02-29,-0.028908132654563712,-0.0041853897952681685,-0.017365888190928658,-0.0024740293010585557,-0.0289081326545636,-0.004185598207863017
2024-03-01,0.024945951051815518,0.010724115879892082,0.015090630458108878,0.006488487550948996,0.024945951051815518,0.010724652134631807
2024-03-04,0.02131007421400244,0.000502563704695369,0.012937407996081118,0.0004279911762061772,0.02131007421400266,0.0005025885685181475
2024-03-05,-0.0019684196304610158,0.0002516779210652853,-0.0011202738064463036,0.000192038050718768,-0.0019684196304607937,0.00025169036631589314
2024-03-06,0.009571166450073498,0.0022080519012077637,0.00578891342766874,0.0013672264572224258,0.009571166450073276,0.0022081610599578028
2024-03-07,0.006259467149409614,0.0012168473785012512,0.003797947724340167,0.0007728314535586644,0.0062594671494100584,0.001216907402850076
2024-03-08,-0.007874065588455714,0.00255183323248942,-0.0046949235218295415,0.0015741268571607403,-0.007874065588455936,0.0025519589556979305
2024-03-11,-0.025659653327905207,1.0519716164836268e-07,-0.01529572173728222,0.00012272292461723566,-0.025659653327905096,1.0520233018063152e-07
2024-03-12,0.00924164181321352,0.002979303880697115,0.0056236855778799555,0.001830282622465207,0.009241641813213963,0.0029794502907953824
2024-03-13,0.01604199756465552,0.0028152514642667548,0.00969754390654698,0.0017354683540646842,0.016041997564655963,0.002815389401461088
2024-03-14,-0.01038145979345595,-0.004381316642585897,-0.006189247727815705,-0.00259209829092244,-0.01038145979345595,-0.0043815307086605415
2024-03-15,0.002138592037774112,1.396232510697537e-05,0.001331489172408995,4.6663262581736475e-05,0.002138592037774112,1.3963010290440891e-05
2024-03-18,-0.02339643669319702,-0.003403116849855392,-0.014012288672988316,-0.0019236210020201483,-0.023396436693196687,-0.003403283851617478
2024-03-19,0.0001329517384469625,-0.0008855926722234342,0.00013539759644776161,-0.0004908276676717227,0.00013295173844674046,-0.0008856362794792405
2024-03-20,0.013730483322488718,0.005197346276960113,0.008995019258045467,0.0032763717598378594,0.01373048332248894,0.005197602425093706
2024-03-21,-0.008336864347449513,0.0020957880356227143,-0.005413424505858799,0.001403534089287506,-0.008336864347450068,0.002095890791212751
2024-03-22,0.0060083988855375026,-0.0008105197072438841,0.003951569087675244,-0.0004916072194869336,0.0060083988855375026,-0.0008105593635634456
2024-03-25,-0.011895330529752557,-0.0034029541461804147,-0.007620551326410041,-0.0021092167826429753,-0.011895330529753223,-0.003403120777670021
2024-03-26,0.013147835597641544,0.0029149633750902293,0.008581594739982323,0.0019325269019836444,0.013147835597641766,0.0029151065986818825
2024-03-27,-0.007850922342385713,0.0007468144282860578,-0.005066802021867711,0.0005225777484270111,-0.007850922342385713,0.0007468510155534958
2024-03-28,0.019699501233962247,0.0060603954129336834,0.012838893279671915,0.00398177639977626,0.019699501233962025,0.00606069209685689
2024-04-02,0.022526514400173392,0.002426322206681153,0.014953070985045835,0.0017611419326248878,0.022526514400173614,0.0024264402706408728
2024-04-03,0.0028738044097909032,0.005576623471462705,0.0020011671895647787,0.00366773158813416,0.0028738044097909032,0.0055768941711049624
2024-04-04,0.01598122901269372,0.003779588869101458,0.01043014735478165,0.002496091224396757,0.0159812290126935,0.00377977131984375
2024-04-05,0.02642251805063811,0.0019954910295212347,0.017237884948277715,0.001350006765776568,0.026422518050638333,0.0019955869944190407
2024-04-08,0.03709526169575428,0.019404614426270284,0.026637872591479095,0.0137462907615864,0.037095261695754056,0.01940554575251796
2024-04-09,0.017465606404440503,0.007792876674632021,0.012267802841977593,0.005498219272338067,0.01746560640444006,0.007793243574568232
2024-04-10,0.015306852849216401,0.0029929947994697947,0.010774341073890747,0.0021357222790885366,0.015306852849216623,0.002993134624316607
2024-04-11,-0.016324130535413928,-9.76253900246693e-05,-0.011404948965532347,-3.790318874863363e-05,-0.01632413053541415,-9.762993721529334e-05
2024-04-12,-0.0029059962232022007,-0.0003978917523599357,-0.001992728101298913,-0.00024843146688957596,-0.0029059962232017567,-0.0003979102871544127
2024-04-15,-0.006289068159315514,-0.007827296348355661,-0.004323192877160653,-0.005402439045047003,-0.00628906815931507,-0.007827661108562367
2024-04-16,-0.0020773442528289054,-0.01638024000151661,-0.0013759577322665084,-0.011496811413557295,-0.0020773442528287944,-0.01638100936013398
2024-04-17,0.006963404891769054,0.004871980514544516,0.00491635041639249,0.003448635225852925,0.006963404891768832,0.004872213156049243
2024-04-18,0.00227142656306345,-0.00018632005190377665,0.0016241143342698994,-0.00010064184566016543,0.002271426563063672,-0.00018632890571701477
2024-04-19,0.014667506044446776,0.0017679424334064997,0.010335584916710161,0.0012863707265209356,0.014667506044446332,0.0017680264606014795
2024-04-22,-0.01990909754667547,0.00018230113488981736,-0.013137021258648907,0.00024002403102407754,-0.01990909754667536,0.00018230978405009424
2024-04-23,-0.012682388262883815,0.0037506918645469067,-0.00822224262223581,0.002478613690657161,-0.01268238826288337,0.003750869781280919
2024-04-24,0.03296779411632178,0.003057762267595132,0.021527217951343935,0.002029710701103582,0.03296779411632156,0.003057906772703234
2024-04-25,-0.009923851156687924,-0.0021459954967172346,-0.006791724598301574,-0.0016317175246154392,-0.009923851156688035,-0.0021460966039633655
2024-04-26,0.019715603697325168,0.005842750051622492,0.013145337471240248,0.003907547866796923,0.019715603697325168,0.005843025921207445
2024-04-29,0.013615871831849535,0.00821409806708795,0.008858348264601856,0.005789029124018796,0.013615871831849091,0.00821448364858779
2024-04-30,0.0035863468472909776,-0.0016791880330413456,0.0025567881010872817,-0.0011463404002106659,0.0035863468472911997,-0.0016792662143093606
2024-05-01,0.004579166785397826,0.0009815334205303117,0.0032370795388274587,0.0007190134488981315,0.004579166785397826,0.0009815791965868126
2024-05-02,0.0031587079756862924,0.0040162845488249665,0.002248988205922231,0.002849094149359077,0.0031587079756860703,0.004016471673763178
2024-05-03,0.008321386731044322,0.006641727455910962,0.0058591047379958905,0.0046921921069134065,0.008321386731044322,0.006642035666395207
2024-05-07,-0.01639138933260087,0.008810735181433715,-0.01135526394948061,0.006308852069030646,-0.016391389332601203,0.008811141347319085
2024-05-08,0.007626561247612962,0.00028263034135500575,0.0053779069376052036,0.00022898370415025404,0.007626561247612518,0.0002826432565290471
2024-05-09,0.01832842027637538,0.005474291112705476,0.012868156054225643,0.003871408273018684,0.018328420276376045,0.005474541197092453
2024-05-10,0.018773858328944515,0.010303692644789031,0.01317935923644864,0.007261182818841805,0.018773858328944293,0.010304160789918138
2024-05-13,-0.005520816833297637,0.0019112050430412086,-0.0037892003311705835,0.0014325566296127246,-0.005520816833298192,0.0019112909924228205
2024-05-14,-0.02581286625272272,0.001696323028760105,-0.01816213163100522,0.0012211124800074469,-0.02581286625272261,0.0016963991690917002
2024-05-15,-0.003875361337778993,0.0007889700233933983,-0.002661569039458467,0.0005853869114238464,-0.003875361337778993,0.0007890053767440897
2024-05-16,-0.006890994086204638,-0.00014656217953223916,-0.004797654661839124,-7.225623190076913e-05,-0.00689099408620486,-0.00014656874173302192
2024-05-17,0.0015890910981284367,0.0034044733852973685,0.0011480970404036395,0.002419761870848136,0.0015890910981284367,0.0034046258401205787
2024-05-20,0.024766915529277567,0.00967691888173694,0.017441342823616868,0.006883610802338014,0.024766915529277567,0.009677350750927571
2024-05-21,0.00968003405016904,0.002876523152999022,0.006817587551744664,0.0020521721728437026,0.00968003405016904,0.0028766502983206266
2024-05-22,0.0008416666317878629,-0.0040711148604236636,0.0006205916097528075,-0.0028246079566246474,0.000841666631788085,-0.004071294291782213
2024-05-23,0.01653055223741795,6.640686349723701e-05,0.011606670920117246,7.674091491849389e-05,0.01653055223741773,6.640980229533078e-05
2024-05-24,0.01196857916630445,0.0046545649505214115,0.008437409563617715,0.003321665334136581,0.01196857916630445,0.004654770921956208
2024-05-28,-0.014327576514050588,0.0016699446321939426,-0.009875842402095714,0.0012911249855067641,-0.014327576514050588,0.0016700181873494646
2024-05-29,-0.014206049450043334,-0.010713094104795595,-0.00992329615769616,-0.007494186940123715,-0.014206049450043112,-0.010713565191981633
2024-05-30,-0.010541729117718446,0.0036885276153215685,-0.00735511907753339,0.0026229411738580843,-0.010541729117718779,0.003688691567561797
2024-05-31,0.010779927675823142,0.0049482116492065575,0.007577267635177076,0.003504158308751615,0.010779927675823808,0.00494843078511753
2024-06-03,-0.01538267908762414,0.0019187847149981785,-0.010664914737911313,0.001438627900345546,-0.015382679087624362,0.0019188692716471945
2024-06-04,0.004059443469640822,-0.011912263900969444,0.0028520705612831154,-0.008332988320379542,0.004059443469640156,-0.011912787843027739
2024-06-05,0.0009375140283918171,0.003196494192200472,0.0008953925754722203,0.002266462796560953,0.0009375140283920391,0.0031966364799793645
2024-06-06,-0.005381458822078189,-0.00259879716408018,-0.0033487858624530187,-0.001733434862918104,-0.005381458822077967,-0.0025989124775387396
2024-06-07,-0.004996220737936596,-0.0057720018522059435,-0.0034694008332842863,-0.004023790409981354,-0.0049962207379369294,-0.005772258634002991
2024-06-10,-0.011912894503061544,-0.0035285036989457508,-0.008271679640510676,-0.002386961658122355,-0.011912894503061544,-0.0035286615845268043
2024-06-11,-0.024063969268757868,-0.01388951698451768,-0.01648978250116484,-0.010259664416433334,-0.024063969268757424,-0.01389014068233796
2024-06-12,0.0014192368789578413,0.007780004316134681,0.001493095285349133,0.0056421113664986144,0.0014192368789578413,0.007780358592042846
2024-06-13,-0.01856770176521283,-0.012561760417655887,-0.012991328565479576,-0.008815634438994802,-0.01856770176521294,-0.012562328022899583
2024-06-14,0.009568034772975187,-0.00568573758848212,0.00737906843934466,-0.004307011381267545,0.009568034772975187,-0.0056859977679445395
2024-06-17,0.0006236827328691685,-0.004983493785439386,0.0004011999904791619,-0.0034094171943489515,0.0006236827328691685,-0.004983723134288853
2024-06-18,-0.0031673158207320418,0.004379146817518498,-0.0021910729000543805,0.003101343376864296,-0.0031673158207313756,0.004379349362722662
2024-06-19,0.006570653558825246,-0.000153639498329472,0.0046612462615467365,-7.75450243620801e-05,0.006570653558825246,-0.0001536465735103576
2024-06-20,-0.005707735650223422,-0.001570595604267977,-0.004128640109026693,-0.001126993429917289,-0.005707735650223533,-0.0015706679421504388
2024-06-21,0.007067006928892061,0.00337409322099691,0.005330088724574633,0.0025648196334449036,0.007067006928891839,0.0033742488681429705
2024-06-24,-0.011248590440404493,-0.0029771465099418526,-0.008360910331808524,-0.002166816945307848,-0.011248590440404493,-0.002977283384062779
2024-06-25,-0.007578386611333587,-0.002495758625998379,-0.0056661004879329235,-0.0018527746837428971,-0.007578386611333143,-0.002495873710983254
2024-06-26,-0.035581695488255405,-0.007171631028577208,-0.02687945513508616,-0.0053809306332006646,-0.03558169548825496,-0.007142099269963231
2024-06-27,0.005747115756823407,0.0022298890377749903,0.00433793102940272,0.001704726887585828,0.004325938523597861,0.0016314009435309806
2024-06-28,-0.014745324516046932,-0.00025384555643137574,-0.011036352324104493,-0.0001657872202025512,-0.012042394844699711,-0.0001991758050170489
2024-07-01,0.005850027399471491,0.001056643314824246,0.004205158663621811,0.0008671374432398515,0.004314009660684182,0.0008831410414888996
2024-07-02,-0.012688614698050382,-0.004834088599804054,-0.0088929269120408,-0.0033676827943732723,-0.00933801042285387,-0.003638723860888149
2024-07-03,0.010399712505305247,0.005984468637502127,0.007319281277051504,0.004233388770951807,0.007189083577716193,0.004209012348110219
2024-07-04,0.008019462934359733,0.005813678024586322,0.005654754554440533,0.004115197224611622,0.005973947361832543,0.004273715294041969
2024-07-05,0.0208693581252144,0.009870664217330294,0.014655726822348614,0.006968245338707435,0.01642525805257611,0.007672037611665905
2024-07-08,0.007875469695552084,0.006574308396536166,0.005618109926363246,0.004710503175325842,0.006915734822895647,0.005934021539432344
2024-07-09,-0.002853194121764435,-0.002409464085148305,-0.0019659786668964063,-0.001661612670383783,-0.00280596215931328,-0.002344248030712981
2024-07-10,0.023175447560024987,-0.001234945243508756,0.01626772240230845,-0.0008369178486298257,0.0218014514663194,-0.001168187430279577
2024-07-11,0.01643891612823345,0.0064086843188138065,0.011561740232011397,0.00453273202734783,0.016264491123910707,0.006280860742957195
2024-07-12,0.007369698296450178,0.0061012224981202845,0.005226282785357972,0.004318373357835803,0.007370798089816333,0.006102452125162694
2024-07-15,-0.03156758147568117,-0.000759799143519202,-0.02202025314816869,-0.0004396619473591157,-0.031575202832657356,-0.0007599554818599197
2024-07-16,0.015934023201414016,0.0034848080682106097,0.011192987557039347,0.0024856765511902523,0.015937995581895903,0.003485525166303738
2024-07-17,0.0033843881956108213,0.0036668593924962245,0.0024061892748836744,0.0026083470253055463,0.0033852186932010753,0.0036676113320877057
2024-07-18,-0.020587284793575966,6.618163338378835e-05,-0.014454152993310987,7.735386474250205e-05,-0.020592319678847892,6.619515523786923e-05
2024-07-19,-0.006137819106097675,-0.005789411393112509,-0.0042702375807264215,-0.004042009559692694,-0.006139351749379629,-0.005790594174412633
2024-07-22,-0.013281692754676944,-0.00195103747466141,-0.009225296016794005,-0.0012796016686744682,-0.013061089793947711,-0.0018994194958192878
2024-07-23,-0.013206686255436306,-0.005661171254157438,-0.009237737070672325,-0.00394798916863226,-0.012648960490209804,-0.00503640205799849
2024-07-24,0.01595477394863365,-0.004723052908054859,0.011224432244639315,-0.0032906654259166057,0.013457102074775351,-0.0037908309655956263
2024-07-25,0.000543473796989602,-0.007080330207731911,0.00041080882531985274,-0.00494772899831375,0.0008491226650355621,-0.0064002365946925766
2024-07-26,0.006032178409850486,0.003885659206252612,0.0042664337206594904,0.0027604042892594993,0.005545348951146556,0.0035730711304433616
2024-07-29,-0.010569925950653092,-0.005046910624299961,-0.007327208196974522,-0.003453967118450141,-0.010023757262119126,-0.004864020876796271
2024-07-30,-0.013409403669305542,-0.004523692119275613,-0.009388316856298151,-0.0031469883812385024,-0.012278101831459276,-0.004236133638214623
2024-07-31,0.01694774301219537,0.004119821888096675,0.01190757148421695,0.002928766855314846,0.014343711261131098,0.003641422586891929
2024-08-01,-0.0012645219113638362,-0.004743862754898687,-0.000862594841962494,-0.0033278876989873973,-0.000891011313575607,-0.004372531630841836
2024-08-02,-0.009435295382781983,-0.017776825134308893,-0.006584443094992842,-0.012506137204581491,-0.008514353608942371,-0.016090240543723988
2024-08-05,-0.039994009535663344,-0.03846578049311655,-0.028181878384640147,-0.027156754186462906,-0.03507335874035444,-0.03353254607156164
2024-08-06,0.034119158600606214,0.019578347091594228,0.023954356986273684,0.013796474608540166,0.022160644971013,0.013143541086218846
2024-08-07,0.015932912208341365,0.015268105816371058,0.011202522557105521,0.010777222758630911,0.012580950874267804,0.011513985505292368
2024-08-08,0.007207782896685666,-0.0025132357409186623,0.005101122438551542,-0.0017392081336102816,0.0059180147984383424,-0.0022321028278545763
2024-08-09,0.0054191576110893536,0.004284031319123471,0.003813227332947866,0.002817401977348366,0.004893901323382188,0.00398760500111317
2024-08-12,0.014630488676317555,-0.00048237466058054235,0.009640348760541206,-0.00020604622745734602,0.013884907395675716,-0.000552084000991826
2024-08-13,-0.002880332583464762,0.003748802329758938,-0.0018451587010157589,0.0024817601628017716,-0.002844152034843561,0.003650321360791242
2024-08-14,-0.00861182314180653,0.0041925622079732605,-0.005580080299169232,0.002773110770523113,-0.00861582283821627,0.004193994701506831
2024-08-15,0.01352504076415828,0.007070728493236089,0.008838448679044042,0.00465102296696096,0.013395399100618821,0.007002590316101287
2024-08-16,-0.012754037794154072,-0.0008749431781774897,-0.00829946309944296,-0.0005373927345193596,-0.012724614982146276,-0.000862757999138597
2024-08-19,0.015983259684506645,0.00626959056338694,0.010509130677990086,0.004200525209332007,0.015892188879059743,0.0062459980050582065
2024-08-20,-0.0073326509743937285,-0.00448192232358946,-0.004753882977731494,-0.0028906774591855866,-0.007319712486893004,-0.00448498812234055
2024-08-21,0.014094794120217191,0.00228580054558436,0.009224828455628664,0.0015314120837011114,0.01410125800871409,0.0022864953494088347
2024-08-22,0.0003825766662368668,-0.0033654391523558758,0.0003041435936013137,-0.002159525135153162,0.0003827503191446979,-0.0033664727743509815
2024-08-23,0.013096073847646883,0.005060630972472557,0.008562384302183812,0.0033383561222390945,0.0131020159777262,0.005062190490060292
2024-08-27,0.0007705229260326352,-0.0024537621923002018,0.0006419976510763092,-0.0014635668121284473,0.0007708680168669879,-0.0024545145513389377
2024-08-28,-0.016719171570254265,-0.012670744766652975,-0.010846895096466858,-0.00823708342056717,-0.016726653746944375,-0.012674639359912643
2024-08-29,0.01582708380333364,-0.00043408535982125684,0.010315432141847936,-0.00025349534074192714,0.015834287241629053,-0.00043422049698838006
2024-08-30,-0.01035816013551738,-0.0017429341637580364,-0.006694023265126026,-0.0011031145348384674,-0.010362800997916866,-0.001743477000551663
2024-09-02,-0.012508902485644513,-0.0047440761802345355,-0.008046675129220193,-0.0029928744063282275,-0.012514565651313814,-0.004745556303178189
2024-09-03,-0.0009215707574478094,-0.00804426161401317,-0.0006534683153827103,-0.004886473190620744,-0.0009219932684741972,-0.00804678334176101
2024-09-04,-0.0015187482257936757,-0.007254193483139826,-0.0008669175488618119,-0.0043360281536904965,-0.0015194451663638198,-0.007256485986366745
2024-09-05,-4.169906204776197e-06,0.0023851845014746242,4.015749521135703e-05,0.0014807361861384205,-4.171822650556045e-06,0.0023859437880846546
2024-09-06,0.007701582715945676,-0.01613194560579423,0.004676659398255456,-0.009720159117970528,0.00770512229932363,-0.01613706873776799
2024-09-09,0.001441826693950432,0.001428977289143818,0.000989958156583759,0.0009749038422335321,0.0014424842787390535,0.001429438542482453
2024-09-10,-0.012868840890499111,-0.00968024806725154,-0.007695134876753884,-0.0057969521193536044,-0.012874701625927631,-0.009683368252141
2024-09-11,-0.013013233904505705,-0.016347164992903007,-0.007820087254680863,-0.009833679846766863,-0.013019237696520136,-0.01635248561257363
2024-09-12,0.011787432368107753,0.006235738636720445,0.007379581941269642,0.0038996890652729377,0.011510676327671332,0.006072305828576985
2024-09-13,0.00885047347599377,0.00472129814462896,0.005822191277965683,0.0031237440538340877,0.008467515343145715,0.004592884907264505
2024-09-16,-0.06543376861091466,-0.011291662541925152,-0.04327883101277774,-0.007294691104589579,-0.06547765200098765,-0.011295623203490646
2024-09-17,0.03699753272587225,0.004309034194413863,0.024157739548832602,0.0028507071456509436,0.025564762911214567,0.0032932667365410673
2024-09-18,-0.010548282226416683,-0.0033482456879866396,-0.006815507575269386,-0.002152052059803289,-0.009845868256679102,-0.003201145526385285
2024-09-19,0.012399859912732625,0.007853109792424595,0.008110075273546569,0.005200983985165442,0.010274785014332766,0.006583525262523704
2024-09-20,-0.005344912677889613,-0.005517369429281382,-0.0034316484056864383,-0.003572635239615596,-0.005156127833139457,-0.004971169187571456
2024-09-23,-0.0112172831432229,-0.0017794441945125916,-0.007194922311056562,-0.001051678510054721,-0.01001544882403227,-0.0016031501143546345
2024-09-24,-0.007734250066368964,-0.002514439242386257,-0.005025325990172247,-0.0016047747496672482,-0.006474966482778788,-0.0018109547220057642
2024-09-25,0.01174868937201734,-0.001841651285227175,0.007691744719332094,-0.0011692486307884886,0.009269591445417502,-0.001335805071231655
2024-09-26,0.013815089993165719,-0.004173694820539531,0.009043802637073606,-0.00269423684353165,0.011154491333822625,-0.0036436862571074258
2024-09-27,0.004450414674443071,0.003611694134141752,0.0029733242242473423,0.0023942477588525524,0.0030251791242590365,0.003005612755957454
2024-09-30,-0.0081984554021306,-0.01536702131197043,-0.005231300111248061,-0.00994263848060839,-0.0076571385914284695,-0.014312782686307868
2024-10-01,-0.010516933931035477,-0.0035479156474558238,-0.0068242430374019225,-0.0022961946948037992,-0.009462259148380503,-0.002986380265327493
2024-10-02,-0.008289190685945136,-0.004480904571168454,-0.005363906104218996,-0.0028964104665353263,-0.0067914863378304435,-0.0036326692597774546
2024-10-03,-0.001550906368209204,0.00023070248429446494,-0.0009645700212264074,0.0001851701601711664,-0.0013448120826008436,0.00022142251025258908
2024-10-04,-0.0061131284437202504,0.005543014749752828,-0.003945021827415074,0.003661267225620879,-0.004630453110965771,0.004265407045357605
2024-10-07,0.005423546418150238,0.001022861219922122,0.0036224101926869423,0.0007783205808042926,0.004430706228465198,0.0008928486498702703
2024-10-08,0.04496855918069631,-3.460951404643531e-05,0.029331759797327273,1.2886320417404562e-05,0.03413356726040773,-4.4715945638262866e-05
2024-10-09,-0.01850342694241036,0.0013358494364863471,-0.012170092444456326,0.0009096237011207986,-0.016384677267981762,0.0012428596755371668
2024-10-10,-0.001030217243204068,0.00033586844900090895,-0.0006348874063488719,0.00025532968858699157,-0.001386550575637524,0.00031982570030741897
2024-10-11,0.016703809749765375,0.00251481941780507,0.010918682037309946,0.0016804319242551546,0.015052264683126149,0.002285070968625069
2024-10-14,0.008249482288693155,0.0010813655542036837,0.005497528652171457,0.0008131680881799941,0.008633519096145514,0.00105182235580914
2024-10-15,-0.007068290969168389,0.0002393524363322186,-0.004587178801419567,0.00019194802147537438,-0.007070649994897704,0.00024120126052595836
2024-10-16,0.0052152822587170355,0.008155220512129135,0.0038391157342618776,0.005499721226747356,0.00521698691266459,0.008161256921358717
2024-10-17,0.001273114771588757,0.0006642497962909832,0.0009390954501200532,0.000500616616589733,0.0012735287219158842,0.0006647375419801538
2024-10-18,-0.0005031146224051541,-0.002654455946545009,-0.00032212097167005904,-0.0018400128554483253,-0.0005032780008957793,-0.0026564037651422012
2024-10-21,-0.004616783057003082,-0.005178275885014294,-0.0031510784904721367,-0.0035592564134818705,-0.00461828303894829,-0.005182085783176915
2024-10-22,0.00281667090786919,-0.005552513072806908,0.002007168549296834,-0.0038832098710372964,0.0028175902835529953,-0.005556619595007528
2024-10-23,-0.02699610901037508,-0.008060048842185585,-0.01774328262764946,-0.005249699618322334,-0.02700489591949673,-0.008066043193572181
2024-10-24,-0.0035004800527954627,0.00017622414173668055,-0.002238763611389194,0.00014519347654950998,-0.0033760276515747423,0.00046603975681258625
2024-10-25,-0.015311511441742587,-0.007134285597310885,-0.009974546323710198,-0.004641821682261127,-0.013098990972939317,-0.006099071433756209
2024-10-28,0.0030510789716560183,-0.003194966184255299,0.002089225897342617,-0.0019855758820357394,0.003118267082917292,-0.0021431892673183794
2024-10-29,-0.0349148396662623,-0.007793590510950854,-0.022869099043974828,-0.005069901818291256,-0.027072176872778186,-0.0060044005787586174
2024-10-30,0.03952992671000932,0.04465226843877912,0.025791536067786724,0.0293472841367608,0.02299791942168139,0.02503545791517725
2024-10-31,0.0043156348505852815,-0.009131124440979965,0.002863783036828993,-0.0059984407919009275,0.002901188952742606,-0.006653721768356657
2024-11-01,0.005815978497447194,0.0036975000951267045,0.0038574618773745684,0.002455292074928117,0.004946191196007588,0.0030406273011460705
2024-11-04,-0.008656317412701897,0.003832623505268584,-0.0055734027297014155,0.0026189930286850682,-0.007185638631144853,0.0033683786167140184
2024-11-05,-0.015084206863561378,0.0004296353937975894,-0.010392131213985967,0.0002777268432558877,-0.012344492911789628,0.0003551042664839965
2024-11-06,-0.013875284058861181,-0.0009333256434226334,-0.009733834657045137,-0.0006274419502824147,-0.010530677042166148,-0.0005464958118094332
2024-11-07,0.012655000794245641,0.0026989804689465657,0.008920084662851435,0.0019323337392349593,0.008519970424297307,0.0017924671601601272
2024-11-08,-0.0006740832452069023,-0.00016504329957522934,-0.00044157974757297325,-8.552659314475797e-05,-0.0004938331742254665,-0.00023621286246455764
2024-11-11,-0.015276604438102859,0.003766464408811343,-0.010629112762067794,0.002745437362301484,-0.010632789179813584,0.002741897548660388
2024-11-12,-0.009435110965157478,-0.008892940559321438,-0.006634713973588613,-0.006238242633321067,-0.004688316768820422,-0.005520224547265751
2024-11-13,-0.008288833311808519,-0.00431949827093614,-0.005786956838247703,-0.003018647197629565,-0.004627224461134283,-0.0023292842525267643
2024-11-14,0.019521372785672897,0.0011143502464903143,0.0137124242515696,0.0008144609648295109,0.010579737572155468,0.0006624782806332608
2024-11-15,0.005438226593854845,-0.004906272766400432,0.003854315371843997,-0.003430149957822093,0.003197106935889593,-0.002652598835500175
2024-11-18,-0.015288463384431683,-0.0017944715269504474,-0.010677905064574444,-0.0011737576902395297,-0.009572549164517219,-0.0010968286799144522
2024-11-19,-0.003758940394152588,-0.003940654075201944,-0.0025475773914829247,-0.00274877538370244,-0.0011080769611343522,-0.0021913251085171614
2024-11-20,-0.020930500653979833,-0.006330125478237303,-0.014708194802419694,-0.004436516167467319,-0.011541951242803883,-0.0034471849158402845
2024-11-21,-0.0035966900571267058,0.0010234601358556361,-0.002481260383722317,0.0007524493569115442,-0.0021627719083181507,0.0003585219169421894
2024-11-22,0.01913582208423592,0.006464275704741729,0.013476030823042384,0.00459066910691841,0.008029621216656402,0.0027398922491010946
2024-11-25,-0.01053549789174435,0.0004258872791311763,-0.007291719845772038,0.0003933006483154422,-0.005573399416847424,0.00014939500803712313
2024-11-26,-0.005527390129321574,-0.006823706745289315,-0.003854008425939859,-0.004789090870375712,-0.0023820250970778556,-0.003195064587406704
2024-11-27,0.018033715605869416,6.571830103552223e-05,0.013266802227976049,7.745424041893934e-05,0.007498686512745323,4.2761425780746265e-05
2024-11-28,0.018260511776464927,0.0037401096052724903,0.012890837391505316,0.002668778904987068,0.009392539302041536,0.0017897960192643225
2024-11-29,0.010614862715455864,0.005080780290408704,0.0074841810181811574,0.003618783517602253,0.006510922780828654,0.00326776827979125
2024-12-02,-0.02037892500654548,-0.000537136417601447,-0.014232584336278165,-0.00028398118755945667,-0.01381639215163144,-0.0004427329026901461
2024-12-03,0.008777811688053472,-0.0015022985300739977,0.006187237776536403,-0.0010295476197329512,0.0050866784981802304,-0.0009141194164029587
2024-12-04,-0.01506885982847228,0.0034079125063839477,-0.01054192326525405,0.0024331330372637794,-0.009355183543276913,0.0019316661222577025
2024-12-05,-0.008503426499618882,-0.0012769159923934348,-0.00594551442121638,-0.0008713750062043779,-0.004348218154177408,-0.0007671642540335588
2024-12-06,-0.007179234332786,0.00174803569940285,-0.005012047371457107,0.0012652971876232488,-0.0035899154885385975,0.0008141841740414435
2024-12-09,0.015713426544115228,0.004187205595059584,0.01112137100131494,0.0030487229450169018,0.0073394763386680495,0.0021557275881545213
2024-12-10,0.03922857773534716,0.0028204562482094797,0.027590379564988776,0.0020223675957289355,0.02103285126993848,0.0015967672640342379
2024-12-11,0.006020808888257623,0.0021730748290036406,0.004294001830962513,0.00156372455625986,0.0036365324176566016,0.0013169503157801632
2024-12-12,0.011359977431740997,0.003124774571220623,0.008016275646932858,0.002234947790721975,0.008528450953540156,0.0024069391142087504
2024-12-13,0.012214187925948528,-0.0010105243600833091,0.008633586946022342,-0.0006812757667301605,0.010640772106208951,-0.0007089970394552614
2024-12-16,-0.006324827566795865,-0.0038205435672221677,-0.0043257158088982894,-0.0026037752998042674,-0.006085439446660734,-0.0035821408123745124
2024-12-17,-0.012864050326122367,-0.012281783005829161,-0.008999248213939492,-0.008649621297869947,-0.011388295104278967,-0.010998784267428952
2024-12-18,-0.01375971641799656,-0.0008732250391012553,-0.009642771275549022,-0.0005872514305663712,-0.01151277740669554,-0.000617126771231935
2024-12-19,-0.020275414336879294,-0.00927845670810612,-0.014197354517552663,-0.006530539777012678,-0.014647243826527268,-0.007040291901890483
2024-12-20,-0.0013962251748336207,-0.0029524912202657516,-0.0009045686453840185,-0.0020545676682691694,-0.0015264167524928762,-0.0020159847481259208
2024-12-23,0.003287266785287013,0.006969322990948212,0.0023993891549110025,0.0050089119484226785,0.002081077712076329,0.004338252604942028
2024-12-24,0.0014942746925061812,0.00657363072590833,0.0011028592626816103,0.004674658322651348,0.00082810102186337,0.004067278458186774
2024-12-27,-0.0026197366871327787,-4.503272204181563e-05,-0.001745857404201634,5.8098403969752965e-05,-0.0015760032953384684,9.402024965443623e-05
2024-12-30,0.0087977836724209,0.005636924300691515,0.006261496450729709,0.004072523066279254,0.005631661498322282,0.0036474209663628354
2024-12-31,0.006781979355402035,0.006610157569924002,0.004795019829769931,0.004696589401910201,0.004394704498883462,0.004456124545689555
2025-01-02,0.011054827384544108,0.007696797788262266,0.00782145636480469,0.005497316065431246,0.007757925391610021,0.005340880044669927
2025-01-03,-0.0006123463107697846,0.003057864329901072,-0.00039532766857153234,0.0021883492526366677,-0.0005679177276866065,0.0023654954847043275
2025-01-06,-0.001976368415874452,0.004982653938369497,-0.0012954160660292313,0.0036070102050862474,-0.0014374055906474226,0.003889462904856922
2025-01-07,0.0048551731653927455,-0.004615756341707411,0.0034347980810456313,-0.0032325137396086445,0.0037382708473843174,-0.0034832197585565883
2025-01-08,-0.01550656743319656,-0.010821030209115956,-0.010850270797170047,-0.00760596755325349,-0.012092288558971709,-0.008439722776977465
2025-01-09,-0.007853541688783938,-0.003154085488724645,-0.0054837116387623785,-0.002193204570366536,-0.005352847149436291,-0.0023516971993066127
2025-01-10,0.0042456612709436126,-0.006074560012963803,0.0030054235925880413,-0.004255590051473024,0.002869786316177514,-0.003878784018181869
2025-01-13,0.004009288563381119,-0.0034419965826461008,0.002910069172673113,-0.0023410791739226777,0.0028256199917389146,-0.0022702338739549743
2025-01-14,-0.00772052240561405,-0.00170682868349592,-0.005375937231170136,-0.0011782979710167618,-0.005443754800285139,-0.0012774500481432804
2025-01-15,0.004996915974608829,0.007200003650326359,0.003528262025446427,0.005108976517572916,0.0034793023417312163,0.004932575754512669
2025-01-16,-0.009990665050657044,0.005214616049258325,-0.006975350528633295,0.003717829160439612,-0.0068772922133146785,0.0034186809731917567
2025-01-17,0.009104522037936658,0.0010381955282467992,0.00641628571207753,0.0007637907614848061,0.005876663228126189,0.0007139535484583792
2025-01-20,0.004837537064690478,0.00030456494130981504,0.003517505923221753,0.0003054897943042256,0.002625254389016174,0.0002502060164402131
2025-01-21,0.012880015638667697,0.001984511481282869,0.009093293840775063,0.0014309074193834537,0.009087868086402384,0.0013763465313409995
2025-01-22,-0.010956147867622779,-1.416391691055896e-05,-0.007692863441259745,1.9900135479256065e-05,-0.008291645069654408,-2.5915449055724515e-05
2025-01-23,-0.005159811493729127,-0.003159454686760599,-0.0035953652641711464,-0.0021999664149242593,-0.003415445843686249,-0.0021178563614268064
2025-01-24,0.007146507478785757,-0.0014405226170711716,0.0048035927845242465,-0.001090020199002617,0.004958125857428497,-0.0010444008964952678
2025-01-27,-0.009521254940789814,-0.005822588150404817,-0.006706417374366946,-0.003980177318370415,-0.006864327826897831,-0.004083245270485425
2025-01-28,0.003475765757991578,0.0028293948334501273,0.00256000260417788,0.0020272233238796122,0.001953210190397625,0.0019256705661052642
2025-01-29,-0.020016772808685634,-0.00948863845710013,-0.013061270921413515,-0.0062751051378378,-0.013711808806344816,-0.006484462382582157
2025-01-30,-0.012504055690142235,0.005040644275252415,-0.008128220325015145,0.003336926252696326,-0.007744418790616714,0.0030687127966315675
2025-01-31,0.00973949861483181,0.004454610668846559,0.006391763143872575,0.002957092573159459,0.00526523925443434,0.0022070820658359747
2025-02-03,-0.005400071673399398,-0.006726853796132803,-0.003375785831411071,-0.004314082007444098,-0.002140120778774013,-0.003259745876998066
2025-02-04,0.001873943141688983,0.001468194303977155,0.0012608552634021386,0.000998462081646334,0.00103110887808322,0.0008040779886535621
2025-02-05,0.015969108386621578,0.008316459321331182,0.010462885172062952,0.005489336970157854,0.0086297715509831,0.004513633065943434
2025-02-06,0.017401154476761826,0.0046496827903597104,0.011398428172638253,0.0030871880452916223,0.010663001702789332,0.0027226742819592697
2025-02-07,0.0002891993373768109,0.0004944944763094483,0.00022493619436736445,0.00035915827237031905,0.0007325544966623188,0.0003058205134358616
2025-02-10,0.002309640011685987,0.0061536556115331376,0.001637782191964865,0.004139904890788415,0.0017719234558091213,0.0045419218982292175
2025-02-11,0.025495395420437106,0.0023777922325387557,0.016677499226560588,0.0015967925440756314,0.018731086278522602,0.001755120050104475
2025-02-12,-0.0047855685752518085,0.001746048568356251,-0.003117394604405521,0.0011797609253030306,-0.0033487783102493784,0.0014285305420216332
2025-02-13,0.002379672206438199,0.0033069762311155326,0.00158805390623451,0.0022035875924775183,0.002044810519546969,0.0028946458312244516
2025-02-14,0.012551583434725178,0.003669072200292778,0.00822636578148872,0.0024414293729577707,0.010903154087364308,0.0031823532638382
2025-02-17,0.0029923631161217212,-0.0011472505702064817,0.002070338670884242,-0.0006455508379368258,0.0024899810155902813,-0.0012101078764420459
2025-02-18,0.002793779397125329,-0.00260925381172028,0.0018745008559371001,-0.0016756858561760568,0.0027883838104920677,-0.0025354293372309433
2025-02-19,-0.004355317969677919,-0.00876473086652696,-0.002809496035232173,-0.005710815137257241,-0.004257099611301274,-0.008599972806416667
2025-02-20,-0.008898748013880464,-0.0030341247497938095,-0.005778910989231889,-0.0019546590375757456,-0.008544713004145055,-0.002899377299689143
2025-02-21,0.009645676100646261,0.0014584022603061353,0.006596335667459208,0.0008646118265294156,0.008899925100575246,0.00146096910948601
2025-02-24,-0.0010805083469479504,-0.006742887438652145,-0.0006317677654836817,-0.004670996407297956,-0.0019944255952868417,-0.006658833668076292
2025-02-25,-0.01553046813509007,-0.00714185617620422,-0.010907688156939654,-0.005016807283471092,-0.01480512215038643,-0.006779362883659101
2025-02-26,0.004262094128398841,0.0028701153046646333,0.00301873422607013,0.002052001828943162,0.004087556330716113,0.00275575184995569
2025-02-27,-0.007765385285216753,-0.005067106052947579,-0.005429809351669701,-0.0035490285588035686,-0.006838909990609321,-0.004489928403718535
2025-02-28,0.003208803837664087,-0.007782795509104878,0.002302235153803567,-0.00547466991689205,0.0025636167052902614,-0.006744950293620433
2025-03-03,0.00047651532878134617,0.00026699537731889045,0.0004231083092969268,0.00027989321208954365,0.00048490291823921616,0.00025535943311894016
2025-03-04,-0.027133204405078826,-0.02055661630111405,-0.017624965317898367,-0.013747680924690031,-0.023277992553662252,-0.01770155206253987
2025-03-05,0.0032290794032885373,0.0050970302744814955,0.0021809228249254353,0.0033765622046733057,0.0016678869183865963,0.0038633004296899642
2025-03-06,-0.00276727196885862,-0.0019960254298069247,-0.0017499089934174261,-0.0012709657007955455,-0.0020603364287440362,-0.0014698505784347393
2025-03-07,0.028620377019068277,0.005649708474337878,0.018711728640558256,0.003742501034488921,0.020157329242568522,0.00401698062099709
2025-03-10,-0.012621855246379377,-0.012510110814532238,-0.008144155567419542,-0.008107467766641063,-0.007381525108616671,-0.010848677175319676
2025-03-11,-0.024468733162071876,-0.010837605556734187,-0.01607747865743081,-0.007080018849264125,-0.02001255335620722,-0.008578338202806624
2025-03-12,0.002635112130624284,0.001112170470922269,0.0017571654240671197,0.0007652455282269877,0.0015766425831920117,0.0006834539211775237
2025-03-13,-0.0033505976210008726,0.002578307804451896,-0.0021500774999119177,0.0017283463818256184,-0.002213229962002017,0.0017119423000691025
2025-03-14,0.02765747137585084,0.013212934215725669,0.01808494432747554,0.008711747666115377,0.01791163492500991,0.008604504145894198
2025-03-17,0.028609979317971934,0.00020121965957597965,0.018855726558580033,0.00024137198236529045,0.020984519995588036,-0.00013205845937191985
2025-03-18,-0.0034075468042984447,0.0025138445734194104,-0.0021742477253373638,0.0016852302750018922,-0.0036548157668274683,0.001973127499050431
2025-03-19,-0.005173567276052227,-0.0004970603713045918,-0.0032901154492370743,-0.0002912445388216778,-0.005060683393295351,-0.000502444597613283
2025-03-20,0.006452126601652841,0.003467293057073828,0.004541192447049092,0.002422745252304903,0.005939223243650149,0.0031969664407538456
2025-03-21,-0.0032519761454840035,-0.004184815477942583,-0.00225912931819916,-0.0029310285013589565,-0.003046221066485333,-0.003996110744966641
2025-03-24,-0.018399186318753813,-0.0019189597888058518,-0.012875199115711333,-0.0012666419338858148,-0.017317082476624668,-0.0017869749026379056
2025-03-25,0.02550275912413924,0.00550245865279253,0.017938565578953902,0.003919662827786663,0.021932394989891524,0.004805959707708141
2025-03-26,-0.004255425752717978,0.004667844970174695,-0.0029409356947542875,0.0033348053235204844,-0.0047099595729673815,0.0039207833839018935
2025-03-27,-0.0008189426229657792,-0.0006083573171381529,-0.0005443991567212203,-0.0003999760976922673,-0.0007970523978140243,-0.0006371804518284785
2025-03-28,0.03424852041356208,0.0020504053981278414,0.024094490649497313,0.001481846258489794,0.0323481479952461,0.0019533820379249445
2025-03-31,-0.0179965830742993,-0.022923359665379284,-0.012494071047908006,-0.01614247103923161,-0.018474064569641402,-0.02291821591935661
2025-04-01,0.001941037760372799,0.005010328588724855,0.0013974917272323584,0.0035628232918001324,0.0019439678502388702,0.005024849419375643
2025-04-02,-0.011643570045251073,-0.005445881273723252,-0.008168478367386212,-0.003822211820529553,-0.011661817010886422,-0.0054615512453947135
2025-04-03,-0.0035314678746789507,-0.020766582795057942,-0.0023790295305700093,-0.014727998738643167,-0.003628578849067643,-0.0206587543139779
2025-04-04,-0.07230762127621171,-0.04881952550894997,-0.05163566934414421,-0.034703083573592086,-0.07080732469228479,-0.04721936750484612
2025-04-07,0.008188179174840604,-0.018442156671125143,0.006068443324624306,-0.012816375303954408,-0.0014705993942745188,-0.0186780004385535
2025-04-08,0.03769162634459833,0.028878381574867218,0.02806134767559998,0.02154174145976806,0.021281830613351094,0.016221034398326895
2025-04-09,-0.038395875908278865,-0.027311838517472986,-0.029297864360435022,-0.020938125759110582,-0.024169235478060935,-0.017819430091036925
2025-04-10,0.049523991065802964,0.03399952896454694,0.0383357221750682,0.02621510366233215,0.04204753872871936,0.02812794099665661
2025-04-11,-0.011419137346176944,-0.0023639341952957915,-0.008569520023131383,-0.001776662351195335,-0.009667358857633923,-0.0017936926017391164
2025-04-14,-0.02666430760341576,0.008531764097013061,-0.02002084385570324,0.006552147217192106,-0.02057700829722653,0.006833506248786536
2025-04-15,0.0539228446137876,0.02262049498881047,0.040923311107764704,0.01719150013643711,0.03244230455465247,0.01400258595029591
2025-04-16,-0.005372449873009555,0.0036370242458003688,-0.004091979633694343,0.00278395549781707,-0.0035193166782077068,0.0033769622480088746
2025-04-17,0.013795631173242562,0.0030124481868483155,0.010429835519132125,0.002312399686418498,0.012423385419477517,0.0026258341584963762
2025-04-22,-0.005668757860500029,0.004736120267567756,-0.00414495463673914,0.0037170589463331183,-0.005421581821706156,0.0045339413737168766
2025-04-23,0.04305253567521716,0.002865340984144815,0.03243661081622351,0.0022001497127823733,0.04020610629175736,0.0027567669019454843
2025-04-24,-0.013107257614562329,-0.0014760753929246029,-0.009800116397457814,-0.0010959503275941307,-0.013477338844815834,-0.0014609457134557857
2025-04-25,0.014466576843059409,0.008376321756966343,0.010908119564463803,0.006381844975397177,0.014485028841755287,0.008399431199699992
2025-04-28,0.0025922422780422227,0.005914734233026131,0.002042426054740032,0.004563799787714151,0.00259538391299019,0.005930891151338491
2025-04-29,0.002716873214112514,0.003404844871766066,0.0020725543327095863,0.002609060563129706,0.0027201593662280477,0.003414090897642108
2025-04-30,0.025027360272437127,0.0060221710213754776,0.018114643016398535,0.0043556165608793496,0.025057549630068454,0.006038468884140391
2025-05-01,0.015950440135552135,0.009894261963247608,0.011264067132550792,0.007035921869857242,0.01596921009133978,0.009920878183940607
2025-05-02,0.011123026523865986,0.008419532523346707,0.007857291049575554,0.005990082732417967,0.011135909998436055,0.008441959132412746
2025-05-06,0.023848950450280126,0.0076686532699064,0.018132372525784035,0.005797423870353535,0.023876269762944657,0.007688908810030259
2025-05-07,0.006496949593187473,0.002417701932843297,0.004523602418071704,0.0016393935583223218,0.006504218389799643,0.0024240391852559107
2025-05-08,-0.01128524438646461,0.009401057482425923,-0.007937398326248402,0.006715984505597072,-0.0112977887429907,0.009425639837247646
2025-05-09,0.01373426622367413,0.009815898735550332,0.009684979863930021,0.006988796364802541,0.013749707293125635,0.00984132616818667
2025-05-12,0.0031456923622974475,0.009467044694753568,0.0023003211145380398,0.006801866700235859,0.0031491810124595343,0.00949132945000808
2025-05-13,0.0034153457699777068,0.007482902925265877,0.002431706333298589,0.0053321036985747305,0.0034191215816823384,0.007501917508967448
2025-05-14,-0.006895845912439524,-0.0026995636568654113,-0.004816655339696663,-0.001880449900979575,-0.006903443589429847,-0.002706372360042675
2025-05-15,-0.007012959813745168,-0.0043137386692465585,-0.004902951174951542,-0.0030264047166220776,-0.007020740235717082,-0.0043246480881059535
2025-05-16,-0.004552940493270041,0.006291186581332431,-0.00316758196134459,0.004485067602524095,-0.004558027397928877,0.006307166059554392
2025-05-19,0.005528434557680484,-0.0026576106831229795,0.003969521396208098,-0.0017932099499249343,0.005534639644296124,-0.002664318648683106
2025-05-20,-0.004947765987796782,0.0033639060285182154,-0.0034539605914417626,0.0024131554298612024,-0.004953288768384301,0.0033724194073947444
2025-05-21,-0.024149209374663583,-0.005012863449317728,-0.01704217655349538,-0.0035289361084879234,-0.024176299317405836,-0.005025507371721916
2025-05-22,-0.018778296676441264,0.0006723112311102231,-0.01324346476220839,0.0005091224089279756,-0.018799883562757636,0.000674015563770114
2025-05-23,-0.01810866018632884,-0.0038199147471431605,-0.012745921391796866,-0.002684951033199212,-0.01812987613892303,-0.0038295918431100473
2025-05-27,0.007727562192393123,0.006601684924518958,0.005573666693647894,0.004799244957518711,0.007736782909129936,0.006618473449220508
2025-05-28,-0.002591310901444266,0.0014869216417361386,-0.0018047635265691087,0.0010838635251317896,-0.002594379178573414,0.0014906781204060415
2025-05-29,-0.005941452349963128,0.0059853446336903815,-0.004161739189399549,0.004274242350269075,-0.005948505706995677,0.006000443178607595
2025-05-30,-0.048451871469144536,-0.00016016827897147312,-0.03452266001903548,-8.161789962624066e-05,-0.04850973499899358,-0.0001605699072377842
2025-06-02,0.012752222254760026,0.0029722472966164926,0.009118677339058578,0.0021931156231425053,0.011797445845014298,0.002390700995159367
2025-06-03,-0.023245758638813396,0.0038168139164118653,-0.016307044096059875,0.0027330742297273503,-0.021737004284635986,0.0035047858307728497
2025-06-04,0.030985144353490535,0.005278408113887689,0.024000448417283105,0.00393890541252917,0.02368174641162435,0.004262748216537382
2025-06-05,0.01328824338264889,0.0014830710764026644,0.009446716019992918,0.001009719292210054,0.012674492435763574,0.0014554779230984138
2025-06-06,0.010321301599259147,0.0032289465274721874,0.007288262333127404,0.0023194728944653242,0.010339515223982687,0.0031743342979344558
2025-06-09,-0.0309988290234533,0.008176784771854573,-0.021658132320603873,0.00588501051202317,-0.03103324992463663,0.008198384892196042
2025-06-10,-0.013758853272100136,0.0017799338288562172,-0.010762764556999871,0.0013112063447395794,-0.012117204260149839,0.0016830502312701334
2025-06-11,-0.010265159430540627,0.004435365573221883,-0.007714990205426209,0.0033926474522913974,-0.008387913334621855,0.0036244178174236197
2025-06-12,0.009896601468930788,-3.28578415116354e-05,0.007466585739639653,3.979643309781622e-06,0.008144426674138172,-0.00021371798085723093
2025-06-13,-0.005963292605366766,-0.005455871488348363,-0.00446210512866374,-0.0041251708846711255,-0.005138255718902585,-0.004509282972605444
2025-06-16,0.0038962292246742525,0.0013301898871231899,0.003074136079899592,0.0010914231284560039,0.003343404744732048,0.0011064724004714588
2025-06-17,-0.004371361079045677,0.003440535262094979,-0.0032336898304922146,0.002640126270547105,-0.003584454447191243,0.002843673364226973
2025-06-18,0.002864864812433643,0.00042080596841120865,0.002181955788392864,0.0003453057989579733,0.0024659969815250538,0.000385006054558934
2025-06-19,0.010702985578202373,0.0038841011401151704,0.00808955935050637,0.002975806263471714,0.008723689579333449,0.00321069392046458
2025-06-20,0.006381647047345007,0.0010533180688290233,0.0048375821487038895,0.0008262178472699944,0.005449811316544428,0.0008301560933003937
2025-06-23,-0.0234387129730379,-0.00448782099184164,-0.017578457564108696,-0.003330641857366645,-0.021499503721318147,-0.00410914986124411
2025-06-24,0.036568669065040416,0.004111650260004929,0.02754644065804035,0.0031437363557089704,0.02931047343318882,0.003254858846606812
2025-06-25,0.01482735016114467,-0.002920837064686377,0.011204216194636185,-0.002194262531380997,0.014940668003796898,-0.002778496715600154
2025-06-26,0.010025655029507474,0.0037427532276081976,0.007578433012544794,0.002866923811213784,0.010039690544922042,0.003748389679445907
2025-06-27,-0.0028033873270787435,0.004587481747929667,-0.002092201669141258,0.0035084440765058567,-0.0028063348779623354,0.004599886206988479
2025-06-30,-0.001502046101752641,0.001503760619569361,-0.0010556100880751984,0.0012154458897288833,-0.0015036239116232863,0.0015078088951503421
2025-07-01,0.019433530190277715,0.0027801190701148837,0.014659526749343676,0.002134658832601888,0.019453974728652623,0.0027875921563349504
2025-07-02,-0.006479012854322952,-0.0011810870069606239,-0.004869097564685232,-0.0008714990340228379,-0.006485698861336098,-0.0011842529969444682
2025-07-03,-0.001885075213866716,0.007236196502936387,-0.0013977133700965316,0.005515121052114713,-0.0018870332132309153,0.007255616654534114
2025-07-04,0.005471775598816064,0.0039666699854215,0.004158721601213333,0.003036389438159759,0.005477469795236445,0.0039772388573704465
2025-07-07,-0.016708264971696418,-0.0017094414189553486,-0.01258002003775005,-0.0012216505577409276,-0.016725557686381065,-0.0017139780443716779
2025-07-08,0.011870732344362311,0.005321108579288802,0.008976805522650011,0.004061750363733241,0.011883227296127119,0.005335254324447369
2025-07-09,-0.012538429477634616,-0.0018709948811447275,-0.00944923658243857,-0.001395429274664961,-0.012551472247022022,-0.0018759423765067895
2025-07-10,0.0064354225775136165,0.002194356321611135,0.004874455100368991,0.0016897927440795435,0.006442201946574633,0.0022001697914442175
2025-07-11,-0.006889991052706046,-3.156241990676101e-05,-0.005177855520925867,1.2783105588720645e-05,-0.006897202825335458,-3.164585410309062e-05
2025-07-14,-0.006165444627733052,-0.00895505838350441,-0.004558729601505496,-0.006721455757621175,-0.006171942835075828,-0.00897873152896389
2025-07-15,-0.0025636674418582084,-0.006398763442416189,-0.001911446497609437,-0.004831609834626049,-0.0025663862564835327,-0.006415832149473388
2025-07-16,-0.004919922740886151,0.002683094977376399,-0.0035022762485215075,0.0019047789906105894,-0.004925153830892204,0.0026902983512029355
2025-07-17,-0.012895203061869198,-3.7408128265581375e-05,-0.009040243219807675,3.2905333922084168e-06,-0.012908981701664102,-3.750828936210926e-05
2025-07-18,0.01679095939274755,0.003939004963565695,0.01183988584267226,0.0028199711740366507,0.015976663772893085,0.003740911120015289
2025-07-21,0.021092279438295725,0.0009331494739091006,0.01538868148499617,0.0006006389748829388,0.020364345802556416,0.0007188022737083521
2025-07-22,-0.009654503203528675,-0.003465364378854696,-0.006894374114557844,-0.002505120901653002,-0.009665839277552268,-0.003474648812348602
2025-07-23,-0.010292224575246034,0.0011630614706086284,-0.007214443915598223,0.0008607673747935696,-0.01030279060639161,0.0011661902961115356
2025-07-24,0.004479866080098649,0.0003048721470411131,0.0032084237825498185,0.000246570696704973,0.004484513605280904,0.0003056816757704972
2025-07-25,-0.008473441970555329,0.0026224131338099532,-0.005941119421790653,0.0018870031381819086,-0.008482193275876293,0.0026293743155387794
2025-07-28,-0.002490824498979194,-0.0028455668552404,-0.0016625676004475842,-0.0019252729344017006,-0.002493419010399789,-0.002853100588333546
2025-07-29,-0.02761048986032011,-0.009284621891217038,-0.019414620727262077,-0.0065491299653496204,-0.027639321596834465,-0.009309273570855203
2025-07-30,-0.005805780226228352,-0.005169312262821357,-0.004078958662692478,-0.0037787455814786153,-0.005701991054748556,-0.004950843435790331
2025-07-31,0.02801043943642023,0.0037834805505760905,0.021159855139362582,0.002899849380900932,0.02266455490919439,0.0030188766515999443
2025-08-01,-0.006171586689663777,-0.008745554215958351,-0.004626969991058716,-0.006629984823956603,-0.006091622275330555,-0.00824778001911608
2025-08-04,-0.0046809357650891,0.002488931005394157,-0.00346269968551971,0.0019644484568259735,-0.004122288695115772,0.002375406446859518
2025-08-05,0.01406327069413904,0.007760379004398965,0.010523840327031353,0.0057112684913454,0.013063385368858205,0.0071504492368488215
2025-08-06,0.014961807688903539,0.002412992742125031,0.01119062220833622,0.0017082250803037713,0.014557058506750709,0.002128929941742408
2025-08-07,-0.006338660966018206,0.0008583702310414054,-0.004772838980019456,0.0006767107018461616,-0.006314075149236098,0.0008538032632459114
2025-08-08,0.011450700294918459,-0.0006214108835229659,0.008699193846220421,-0.00044309438102441145,0.011461519761825523,-0.0006230678242074017
2025-08-11,0.022350535927253556,-0.0013346107387666173,0.01694593000679734,-0.0009378984807040247,0.022371521926859428,-0.0013381650769235254
2025-08-12,0.0008744014999586547,-0.0011812001776452252,0.0007096841530267461,-0.0008724281379097754,0.0008752045509325956,-0.0011843501646913168
2025-08-13,-0.005241535003952413,-0.0036498831476196036,-0.003926576032864282,-0.002746536866510274,-0.005246344625267629,-0.0036596280812780657
2025-08-14,0.0052078153028385366,-0.0025522731218193817,0.003951235455573077,-0.0019153927505063395,0.005212619185854361,-0.002559112542933173
2025-08-15,-0.0024927746550469365,0.0010021822424288729,-0.0018515346965547463,0.0007851384465409339,-0.002495062159446282,0.0010048747177673345
2025-08-18,0.08459864804124195,0.009901566042293641,0.06390980187590345,0.007593548939943462,0.08467647450292337,0.009928141008870295
2025-08-19,0.015285967260741495,0.0010313248645648088,0.011633323229982118,0.0008081180549688316,0.015298931784488268,0.0010340656425249506
2025-08-20,0.004981802638987398,-0.0010728015504155586,0.003808094829081732,-0.0007902440997658022,0.004985964199668347,-0.0010756496088814016
2025-08-21,-0.0020146352570978854,0.0018914051063676496,-0.001150625834857033,0.0013430208380493802,-0.002016309838049457,0.0018964317889875737
2025-08-22,0.010135308240573293,0.008085288518814515,0.007193055167938667,0.005772748224377233,0.010143749810732405,0.008106735669352494
2025-08-26,-0.01567657692149116,-0.002132991196342804,-0.010949688824027692,-0.0013861509036040554,-0.01568950262916824,-0.002138603699838648
2025-08-27,-0.009759704797325575,0.0011763187558071486,-0.006849188553208041,0.0008633197588747699,-0.009767880171844046,0.0011794206170148147
2025-08-28,0.0016365828401874172,-0.0018617689896467393,0.0011973391336410621,-0.0012886053535795527,0.0016379672732402817,-0.00186667254653472
2025-08-29,-0.007806591010369179,0.0022624510273077103,-0.005487780564449984,0.0016349967645923336,-0.007813184033736542,0.002268421051023539
2025-09-01,-0.011898681096505492,0.0004312086164535156,-0.008330846674273196,0.0003952646351956801,-0.011908809210034788,0.00043234388930479817
2025-09-02,-0.008735040390771331,-0.00637932964826482,-0.006138420202661865,-0.004492007074652804,-0.00874256523694017,-0.0063961176939600906
2025-09-03,0.0011708870437445729,0.0019468811278291476,0.0008739893401845666,0.0014095189399530028,0.0011719046066138716,0.0019520375830850423
2025-09-04,0.006528455841795289,0.0008746937221402185,0.004629619789578099,0.0006499446110157514,0.006534122774665363,0.0008770058981710793
2025-09-05,-0.003370599201924618,-0.00025932192889466243,-0.00234861721856372,-0.00015347682651178918,-0.003373506008996885,-0.0002600068229822172
2025-09-08,-0.01110907162789998,0.0016490748851034631,-0.00775343425777586,0.0012579081571735262,-0.011118684528095835,0.0016534313827656355
2025-09-09,-0.0012957322284166128,-0.0035516911825059783,-0.0008835792898004291,-0.002487370646791609,-0.0012968660579270042,-0.0035610584909692156
2025-09-10,-0.015903599847898575,-0.009084996777108723,-0.011162502158228893,-0.006416686410104844,-0.015917534352150264,-0.009109043378838444
2025-09-11,-0.012358367084988053,0.00014033130539603533,-0.009355077642823062,-3.68098890948243e-05,-0.01236937045405484,0.00014070615549766075
2025-09-12,-0.005693216840713555,-0.0016756861063765838,-0.0042808076555912455,-0.0012481296841102552,-0.00569834932660207,-0.0016801615349805177
2025-09-15,-0.00313727554908938,-0.0012505812399085103,-0.0022931728123634088,-0.0008747911524022989,-0.003140120039951455,-0.0012539269181544022
2025-09-16,-0.00322580940021977,-0.000885150679455271,-0.0024113626580243297,-0.0006477284112467174,-0.003228743375589871,-0.0008875216949121301
2025-09-17,0.020757403581985523,0.00606724575541473,0.01569769783166919,0.004633911171731286,0.020776344249651135,0.006083512265310231
2025-09-18,0.027248329808094995,0.006895471995132407,0.020599393514533215,0.005272927454946563,0.02727268724268206,0.006913847224224723
2025-09-19,-0.002073864770396061,0.002304762596705423,-0.001554268722703478,0.0017754227664903421,-0.0020756693928236647,0.0023108622148442226
2025-09-22,0.0024941365032040697,0.005897226813211143,0.0019789743236529045,0.004553837988222398,0.002496311349270419,0.005912798004665598
2025-09-23,-0.013828232684176878,0.0017684509950122163,-0.010483242367188783,0.0013689107407028889,-0.013840260650410996,0.0017730930118258215
2025-09-24,-0.017909723857393756,0.0019696564640117042,-0.013542577358553687,0.0015207412938156306,-0.01792552058549779,0.0019748174752223235
2025-09-25,-0.009978159751185545,-0.0019124936079345511,-0.007524147022946681,-0.0014251515620584687,-0.009987121324883108,-0.0019174949608645742
2025-09-26,0.004526798903231377,0.0021736922335959807,0.0034793387272289422,0.0016755075016194887,0.004530905520090389,0.0021793875665812035
2025-09-29,-0.00210689641230144,0.0005346602845603954,-0.0015279282099113223,0.0004799980283562988,-0.0021087991234570724,0.0005360581118862839
2025-09-30,0.0014478388073071446,0.0025839856020468677,0.0011198688379261412,0.001987623778036962,0.001449149095117841,0.002590737610010052
2025-10-01,-0.005373248698935518,0.0027129309166387117,-0.004033865309383544,0.0020857149551591903,-0.005378104428912844,0.0027200015432429225
2025-10-02,-0.006569234419373515,0.0013174717443753536,-0.005191495252845013,0.0009596706912931019,-0.006575203044873024,0.0013208961152935128
2025-10-03,0.013615691043314948,0.005523318666147192,0.01099343011654308,0.004494713759811475,0.01362814376443744,0.0055376559311071105
2025-10-06,0.019921198750450397,0.002910868332451022,0.016126411557906284,0.0024207285723683025,0.019939173439331048,0.0029183826653869094
2025-10-07,-0.0001755534094350919,-0.004836070761795708,-0.00012002107672104412,-0.0039028556337461495,-0.000175708712815692,-0.004848518628443932
2025-10-08,-0.00507624187083211,-0.0006389774086295041,-0.004059505326399315,-0.0004961793103761547,-0.005080733359045353,-0.00064063012599469
2025-10-09,0.0291521613761192,0.002007301673971451,0.023542247972861308,0.0016458048851779594,0.029178087099066774,0.0020124968951833466
2025-10-10,0.002949403902669623,-0.008982128013832469,0.002393980323801115,-0.007261870673658466,0.0029519525153294257,-0.009005328522139755
2025-10-13,0.0060680752455755105,0.003544739973540878,0.00496157070497838,0.0029295518223277917,0.006073303303790301,0.0035539791087582095
2025-10-14,-0.026382363132648856,-0.006997692335433792,-0.0212742739100501,-0.005650204450034724,-0.02640495611308058,-0.007015866775820667
2025-10-15,-0.016684893339982132,-0.005826832644215907,-0.013455695822495284,-0.004704330034652426,-0.016699569245687162,-0.005842073046783525
2025-10-16,0.010108024382349479,0.0020250410745223935,0.008166260205332287,0.001663055044250239,0.010117066320445511,0.002030368806283267
2025-10-17,-0.012836639351326729,-0.013562364912465874,-0.01035473958093358,-0.0110102463284939,-0.012848007110895177,-0.013597974181256967
2025-10-20,0.0021555181620334096,-0.0012003973278011948,0.0018125476969539367,-0.0009159075299223218,0.002157451871394489,-0.0012035925325643015
2025-10-21,0.04269883571623345,-0.0034565713792049646,0.03444193757253866,-0.002781312558812421,0.04273705825995955,-0.003465783131111233
2025-10-22,-0.0035945669073980113,0.002144725936051861,-0.0028367304599186127,0.001758073680609984,-0.00359765276098456,0.0021504615021856743
2025-10-23,0.03517411815867133,0.006666437866864827,0.028343077187327648,0.005426271224555412,0.035204423363302206,0.0066842274345069175
2025-10-24,0.00043707928167124876,0.00571705515315557,0.0003675958038433791,0.004658805713213088,0.00043744305269699524,0.005732209969407265
2025-10-27,0.0027014232296798113,-0.006148717745087295,0.0024672621056169852,-0.005120436136882733,0.002703670578964701,-0.0061649239188553695
2025-10-28,-0.008622204408313294,-0.004000192646915424,-0.007370611452898634,-0.003433665685859122,-0.008629357991896458,-0.0040108013555193445
2025-10-29,0.002984468611375579,0.00041276683174062967,0.002568022425290195,0.00037041254864700335,0.002986966288540005,0.0004138659179950821
2025-10-30,0.039832865875340406,0.0029494071142834866,0.03411189497415679,0.002557158546882432,0.039866102395874625,0.002957257337497632
2025-10-31,0.01061823299030884,0.0030078968462394773,0.009120573240823715,0.0026062026961586326,0.010626753171437908,0.003015879141635258
2025-11-03,-0.003920813789311084,-0.0057450112666351805,-0.003307810350153484,-0.004903091346829425,-0.0039239268099723335,-0.00576021141871641
2025-11-04,-0.015865468991610787,-0.01379806231154812,-0.013565433764252455,-0.011881823840427796,-0.015878115370602686,-0.01383478073374389
2025-11-05,-0.017525645563003844,-0.003992145009494519,-0.014992477759378064,-0.0034250479963191527,-0.017539840661583317,-0.004002917659142069
2025-11-06,0.010978269217508885,-0.002078900135872863,0.00942723936432599,-0.0017767947583713362,0.010987319941424545,-0.002084532513818127
2025-11-07,0.016420046595310156,-0.005621665122985897,0.014071475665272004,-0.004831282211281485,0.01643343651947138,-0.0056369277530875506
2025-11-10,0.014647590668010135,0.008663967947618811,0.012727272530366873,0.007510073981246146,0.01465934210520592,0.008687623672292588
2025-11-11,-0.0034511350210573166,0.0014799705207724223,-0.0029513514132629703,0.0012933783811128752,-0.0034538637882274292,0.0014839765654899306
2025-11-12,0.014838262886185838,0.0018060878856938078,0.012779420220202509,0.0015720716599652018,0.014850035968542175,0.001810969434120624
2025-11-13,-0.015426783695016044,-0.008116452653949002,-0.013198170785846175,-0.006992524680695,-0.01543884462064904,-0.008138350389136573
2025-11-14,-0.012688479154354448,-0.009822339661155643,-0.010862159516334957,-0.008471484071542523,-0.012698554782311966,-0.009849057220916446
2025-11-17,0.021304480784094304,0.003848827410372957,0.018274737061579893,0.0033643396485316668,0.02132161576930458,0.0038594006694252503
2025-11-18,-0.006360909543640658,-0.01351154306201452,-0.005428477186348979,-0.011676764809901097,-0.006365918756370381,-0.01354851842919269
2025-11-19,0.02377649395758863,0.007076544994030209,0.02043631095418985,0.006128959516596533,0.023795337892320134,0.007096176476140359
2025-11-20,0.002281110239805928,0.0041934887237806695,0.0019790985976395614,0.003633046437206744,0.0022828761023836464,0.004205040169686702
2025-11-21,-0.015523907616554422,-0.012636350451263212,-0.013261963069188254,-0.010914674029420701,-0.01553589767687924,-0.012671012971350093
2025-11-24,-0.029039556912663023,-0.0019114717149586458,-0.024875192854762807,-0.0016040501782966787,-0.029062339886927746,-0.0019167823255908933
2025-11-25,-0.01834312376158187,-0.0009393202077826457,-0.015680414737682113,-0.0007953716890812812,-0.01835794561055537,-0.0009419349175966429
2025-11-26,0.020461159053006384,0.006397591392459434,0.018551190237687365,0.0057015033409570925,0.02047800153776902,0.006415416641249783
2025-11-27,0.0011950246525531671,0.01060377978241367,0.001135878281927294,0.009692271219237769,0.0011959885906598355,0.01063313616373951
2025-11-28,-0.003964920574744957,0.006257102336275633,-0.0031088881136431823,0.005479354190674579,-0.003968114962818681,0.006274242759652493
2025-12-01,-0.022016008257938036,-0.004637188622398147,-0.01879628587451565,-0.003954915178503549,-0.022033816396328842,-0.004649812323188618
2025-12-02,-0.026002185385538334,-0.006167966161426897,-0.023582055004479185,-0.0055553433437113275,-0.026023691698180307,-0.006184835498278529
2025-12-03,0.0011819935018870797,0.004808824561498337,0.0009404782380730836,0.004222928552153782,0.0011829972455137394,0.004822058506999127
2025-12-04,-0.004379990087555852,-0.00417203459590898,-0.003716216481008394,-0.0035813392650354547,-0.004383705160743379,-0.004183460988702259
2025-12-05,0.03253596545209203,0.004815708779771111,0.027993824040234427,0.004167089512009836,0.032563683711093416,0.004828953479877773
2025-12-08,-0.025135805815102885,-0.0065217730378083205,-0.022887067490277913,-0.006096723048940267,-0.025156544356908617,-0.006539623746131706
2025-12-09,-0.008543461435612576,-0.0011876265617558612,-0.007739170595194134,-0.001074570946134834,-0.008550692202936805,-0.0011908986056793358
2025-12-10,-0.00545013185361487,-0.0014226436111233198,-0.004583827699546017,-0.001192111841858856,-0.005454784360436893,-0.0014265678266282
2025-12-11,-0.005485776176282764,-0.0009540577201648803,-0.004668544829782184,-0.0008071081273804959,-0.005490484795394823,-0.0009566931494934261
2025-12-12,0.016019386707672778,0.0018599554434048926,0.013758049633726843,0.001621840098940508,0.015651515553551487,0.001879662663191839
2025-12-15,0.0003712612641546542,0.002752391740278304,0.0003762399951345863,0.0024181907068079322,0.00014729647080047314,0.002683861863249648
2025-12-16,0.011729005479797827,-0.00489840202591818,0.010064680617247301,-0.004214862789297391,0.011738670950246277,-0.004911954398584939
2025-12-17,-0.0015860456385642374,0.0018690060386674645,-0.001329272249237845,0.0016270998029617179,-0.0015873525829190882,0.001874170027123201
2025-12-18,-0.004450068390488449,0.0016802235064397042,-0.0038122453399779266,0.0014637526499217124,-0.00445374029854273,0.001684857189478306
2025-12-19,-0.0018253318952548003,0.003432385930438153,-0.0015436193086395544,0.0029746722162242722,-0.0018268447788407638,0.003441835766363033
2025-12-22,-0.013105490320398427,0.0016865370568266425,-0.011224053003153989,0.0014987002870761046,-0.013116372378907837,0.0016911644013872795
2025-12-23,0.004387091987223091,0.0026938617634761908,0.0037877659235032723,0.0023377958916690478,0.004390783195739711,0.0027012404220332353
2025-12-24,-0.004799040909267971,0.002434562135352536,-0.00409684296288082,0.0021139151565718883,-0.004803061071431802,0.002441212591270059
2025-12-29,-0.009358259592112228,0.0034909597476671106,-0.007937148649177939,0.0030840151084272627,-0.009366136852041684,0.0035004727254839274
2025-12-30,0.0183389384297441,0.009884562363902116,0.015751337924925668,0.008549315985326711,0.017336051747099734,0.00932170553735201
2025-12-31,-0.002504829463878422,-0.001969232022059786,-0.002139374949570505,-0.0016877746122345716,-0.0023801849806445174,-0.0018723770941151407
