ticker,rows_returned,expected_sessions,duplicate_extra_rows,missing_sessions,unexpected_dates,incomplete_rows,first_session,last_session,status
450.L,0,1771,0,1771,0,0,,,failed
4BB.L,221,1771,0,1550,0,0,2021-02-17,2021-12-31,downloaded
4GBL.L,0,1771,0,1771,0,0,,,failed
80M.L,1771,1771,0,0,0,0,2015-01-02,2021-12-31,downloaded
88E.L,1771,1771,0,0,0,0,2015-01-02,2021-12-31,downloaded
AAU.L,1771,1771,0,0,0,0,2015-01-02,2021-12-31,downloaded
AAZ.L,1771,1771,0,0,0,0,2015-01-02,2021-12-31,downloaded
ABDP.L,1771,1771,0,0,0,0,2015-01-02,2021-12-31,downloaded
ABDX.L,264,1771,0,1507,0,0,2020-12-15,2021-12-31,downloaded
AC8.L,0,1771,0,1771,0,0,,,failed
ACRM.L,1771,1771,0,0,0,0,2015-01-02,2021-12-31,downloaded
ACSO.L,1771,1771,0,0,0,0,2015-01-02,2021-12-31,downloaded
ADF.L,0,1771,0,1771,0,0,,,failed
ADVT.L,197,1771,0,1574,0,0,2021-03-23,2021-12-31,downloaded
AEG.L,1771,1771,0,0,0,0,2015-01-02,2021-12-31,downloaded
AEO.L,1771,1771,0,0,0,0,2015-01-02,2021-12-31,downloaded
AET.L,1771,1771,0,0,0,0,2015-01-02,2021-12-31,downloaded
AFP.L,151,1771,0,1620,0,0,2021-06-01,2021-12-31,downloaded
AFRN.L,0,1771,0,1771,0,0,,,failed
AGFX.L,0,1771,0,1771,0,0,,,failed
AGI.L,1771,1771,0,0,0,0,2015-01-02,2021-12-31,downloaded
AGY.L,1771,1771,0,0,0,0,2015-01-02,2021-12-31,downloaded
AIEA.L,1771,1771,0,0,0,0,2015-01-02,2021-12-31,downloaded
AKN.L,1771,1771,0,0,0,0,2015-01-02,2021-12-31,downloaded
ALL.L,1742,1771,0,29,0,0,2015-02-12,2021-12-31,downloaded
ALT.L,1771,1771,0,0,0,0,2015-01-02,2021-12-31,downloaded
ALU.L,1771,1771,0,0,0,0,2015-01-02,2021-12-31,downloaded
AMCO.L,0,1771,0,1771,0,0,,,failed
AMP.L,1771,1771,0,0,0,0,2015-01-02,2021-12-31,downloaded
AMS.L,1771,1771,0,0,0,0,2015-01-02,2021-12-31,downloaded
ANG.L,1132,1771,0,639,0,0,2017-07-13,2021-12-31,downloaded
ANGS.L,1298,1771,0,473,0,0,2016-11-14,2021-12-31,downloaded
ANIC.L,1771,1771,0,0,0,0,2015-01-02,2021-12-31,downloaded
ANP.L,1771,1771,0,0,0,0,2015-01-02,2021-12-31,downloaded
AOM.L,193,1771,0,1578,0,0,2021-03-29,2021-12-31,downloaded
AOTI.L,0,1771,0,1771,0,0,,,failed
APQ.L,0,1771,0,1771,0,0,,,failed
APTA.L,6,1771,0,1765,0,0,2021-12-22,2021-12-31,downloaded
ARBB.L,1771,1771,0,0,0,0,2015-01-02,2021-12-31,downloaded
ARC.L,1771,1771,0,0,0,0,2015-01-02,2021-12-31,downloaded
ARCM.L,1771,1771,0,0,0,0,2015-01-02,2021-12-31,downloaded
AREC.L,149,1771,0,1622,0,0,2021-06-03,2021-12-31,downloaded
ARS.L,1771,1771,0,0,0,0,2015-01-02,2021-12-31,downloaded
ART.L,148,1771,0,1623,0,0,2021-06-04,2021-12-31,downloaded
AST.L,1771,1771,0,0,0,0,2015-01-02,2021-12-31,downloaded
ASY.L,1771,1771,0,0,0,0,2015-01-02,2021-12-31,downloaded
ATM.L,1048,1771,0,723,0,0,2017-11-09,2021-12-31,downloaded
ATOM.L,2,1771,0,1769,0,0,2021-12-30,2021-12-31,downloaded
ATYM.L,1771,1771,0,0,0,0,2015-01-02,2021-12-31,downloaded
AURA.L,1343,1771,0,428,0,0,2016-09-12,2021-12-31,downloaded
AURR.L,0,1771,0,1771,0,0,,,failed
AUTG.L,1357,1771,0,414,0,0,2016-08-22,2021-12-31,downloaded
AVCT.L,1771,1771,0,0,0,0,2015-01-02,2021-12-31,downloaded
AVG.L,1771,1771,0,0,0,0,2015-01-02,2021-12-31,downloaded
AXL.L,48,1771,0,1723,0,0,2021-10-25,2021-12-31,downloaded
AXS.L,1771,1771,0,0,0,0,2015-01-02,2021-12-31,downloaded
AYM.L,1771,1771,0,0,0,0,2015-01-02,2021-12-31,downloaded
B90.L,1771,1771,0,0,0,0,2015-01-02,2021-12-31,downloaded
BANK.L,0,1771,0,1771,0,0,,,failed
BAY.L,65,1771,0,1706,0,0,2021-09-30,2021-12-31,downloaded
BBB.L,0,1771,0,1771,0,0,,,failed
BBSN.L,1771,1771,0,0,0,0,2015-01-02,2021-12-31,downloaded
BCE.L,1771,1771,0,0,0,0,2015-01-02,2021-12-31,downloaded
BELL.L,0,1771,0,1771,0,0,,,failed
BEM.L,1771,1771,0,0,0,0,2015-01-02,2021-12-31,downloaded
BGO.L,1771,1771,0,0,0,0,2015-01-02,2021-12-31,downloaded
BHL.L,117,1771,0,1654,0,0,2021-07-19,2021-12-31,downloaded
BIG.L,110,1771,0,1661,0,0,2021-07-28,2021-12-31,downloaded
BILN.L,1771,1771,0,0,0,0,2015-01-02,2021-12-31,downloaded
BIOM.L,0,1771,0,1771,0,0,,,failed
BION.L,0,1771,0,1771,0,0,,,failed
BKS.L,1036,1771,0,735,0,0,2017-11-27,2021-12-31,downloaded
BLU.L,1771,1771,0,0,0,0,2015-01-02,2021-12-31,downloaded
BLVN.L,0,1771,0,1771,0,0,,,failed
BME.L,1771,1771,0,0,0,0,2015-01-02,2021-12-31,downloaded
BMIN.L,1771,1771,0,0,0,0,2015-01-02,2021-12-31,downloaded
BMK.L,0,1771,0,1771,0,0,,,failed
BMN.L,0,1771,0,1771,0,0,,,failed
BMT.L,1771,1771,0,0,0,0,2015-01-02,2021-12-31,downloaded
BMTO.L,1771,1771,0,0,0,0,2015-01-02,2021-12-31,downloaded
BOKU.L,1041,1771,0,730,0,0,2017-11-20,2021-12-31,downloaded
BOOM.L,1771,1771,0,0,0,0,2015-01-02,2021-12-31,downloaded
BOR.L,1771,1771,0,0,0,0,2015-01-02,2021-12-31,downloaded
BOW.L,1771,1771,0,0,0,0,2015-01-02,2021-12-31,downloaded
BPM.L,1771,1771,0,0,0,0,2015-01-02,2021-12-31,downloaded
BRCK.L,594,1771,0,1177,0,0,2019-08-29,2021-12-31,downloaded
BTG.L,1771,1771,0,0,0,0,2015-01-02,2021-12-31,downloaded
BUC.L,1771,1771,0,0,0,0,2015-01-02,2021-12-31,downloaded
BUR.L,1771,1771,0,0,0,0,2015-01-02,2021-12-31,downloaded
BVX.L,0,1771,0,1771,0,0,,,failed
BVXP.L,1771,1771,0,0,0,0,2015-01-02,2021-12-31,downloaded
BZT.L,1771,1771,0,0,0,0,2015-01-02,2021-12-31,downloaded
C4XD.L,0,1771,0,1771,0,0,,,failed
CAM.L,1771,1771,0,0,0,0,2015-01-02,2021-12-31,downloaded
CAML.L,1771,1771,0,0,0,0,2015-01-02,2021-12-31,downloaded
CAPD.L,1771,1771,0,0,0,0,2015-01-02,2021-12-31,downloaded
CAV.L,777,1771,0,994,0,0,2018-12-05,2021-12-31,downloaded
CBOX.L,891,1771,0,880,0,0,2018-06-27,2021-12-31,downloaded
CCP.L,1771,1771,0,0,0,0,2015-01-02,2021-12-31,downloaded
CCT.L,1771,1771,0,0,0,0,2015-01-02,2021-12-31,downloaded
CDGP.L,0,1771,0,1771,0,0,,,failed
CEL.L,0,1771,0,1771,0,0,,,failed
CEPS.L,1771,1771,0,0,0,0,2015-01-02,2021-12-31,downloaded
CER.L,1464,1771,0,307,0,0,2016-03-18,2021-12-31,downloaded
CFX.L,1771,1771,0,0,0,0,2015-01-02,2021-12-31,downloaded
CGH.L,0,1771,0,1771,0,0,,,failed
CGNR.L,1771,1771,0,0,0,0,2015-01-02,2021-12-31,downloaded
CHAR.L,1771,1771,0,0,0,0,2015-01-02,2021-12-31,downloaded
CHL.L,1771,1771,0,0,0,0,2015-01-02,2021-12-31,downloaded
CHP.L,1771,1771,0,0,0,0,2015-01-02,2021-12-31,downloaded
CHRT.L,1771,1771,0,0,0,0,2015-01-02,2021-12-31,downloaded
CIC.L,1771,1771,0,0,0,0,2015-01-02,2021-12-31,downloaded
CKI.L,0,1771,0,1771,0,0,,,failed
CKT.L,1771,1771,0,0,0,0,2015-01-02,2021-12-31,downloaded
CLA.L,0,1771,0,1771,0,0,,,failed
CLBS.L,1771,1771,0,0,0,0,2015-01-02,2021-12-31,downloaded
CLON.L,1771,1771,0,0,0,0,2015-01-02,2021-12-31,downloaded
CLX.L,315,1771,0,1456,0,0,2020-10-05,2021-12-31,downloaded
CMCL.L,1771,1771,0,0,0,0,2015-01-02,2021-12-31,downloaded
CMET.L,245,1771,0,1526,0,0,2021-01-14,2021-12-31,downloaded
CML.L,1771,1771,0,0,0,0,2015-01-02,2021-12-31,downloaded
CMO.L,0,1771,0,1771,0,0,,,failed
CMX.L,1771,1771,0,0,0,0,2015-01-02,2021-12-31,downloaded
CNC.L,1771,1771,0,0,0,0,2015-01-02,2021-12-31,downloaded
CNG.L,0,1771,0,1771,0,0,,,failed
CNS.L,1771,1771,0,0,0,0,2015-01-02,2021-12-31,downloaded
CODE.L,111,1771,0,1660,0,0,2021-07-27,2021-12-31,downloaded
COG.L,1771,1771,0,0,0,0,2015-01-02,2021-12-31,downloaded
COIL.L,198,1771,0,1573,0,0,2021-03-22,2021-12-31,downloaded
COM.L,1401,1771,0,370,0,0,2016-06-21,2021-12-31,downloaded
COPC.L,321,1771,0,1450,0,0,2020-09-25,2021-12-31,downloaded
CORA.L,1071,1771,0,700,0,0,2017-10-09,2021-12-31,downloaded
CORO.L,1227,1771,0,544,0,0,2017-02-24,2021-12-31,downloaded
CPH2.L,0,1771,0,1771,0,0,,,failed
CPP.L,0,1771,0,1771,0,0,,,failed
CPX.L,1771,1771,0,0,0,0,2015-01-02,2021-12-31,downloaded
CRCL.L,1771,1771,0,0,0,0,2015-01-02,2021-12-31,downloaded
CRE.L,273,1771,0,1498,0,0,2020-12-02,2021-12-31,downloaded
CREO.L,1279,1771,0,492,0,0,2016-12-09,2021-12-31,downloaded
CRPR.L,1771,1771,0,0,0,0,2015-01-02,2021-12-31,downloaded
CRTA.L,1771,1771,0,0,0,0,2015-01-02,2021-12-31,downloaded
CRTX.L,1771,1771,0,0,0,0,2015-01-02,2021-12-31,downloaded
CRU.L,1771,1771,0,0,0,0,2015-01-02,2021-12-31,downloaded
CRW.L,1771,1771,0,0,0,0,2015-01-02,2021-12-31,downloaded
CSC.L,1771,1771,0,0,0,0,2015-01-02,2021-12-31,downloaded
CSSG.L,1771,1771,0,0,0,0,2015-01-02,2021-12-31,downloaded
CTA.L,5,1771,0,1766,0,0,2021-12-23,2021-12-31,downloaded
CTAI.L,1771,1771,0,0,0,0,2015-01-02,2021-12-31,downloaded
CTG.L,1771,1771,0,0,0,0,2015-01-02,2021-12-31,downloaded
CTL.L,0,1771,0,1771,0,0,,,failed
CYAN.L,1771,1771,0,0,0,0,2015-01-02,2021-12-31,downloaded
DBOX.L,1771,1771,0,0,0,0,2015-01-02,2021-12-31,downloaded
DCI.L,1771,1771,0,0,0,0,2015-01-02,2021-12-31,downloaded
DCTA.L,0,1771,0,1771,0,0,,,failed
DEBS.L,1771,1771,0,0,0,0,2015-01-02,2021-12-31,downloaded
DEST.L,0,1771,0,1771,0,0,,,failed
DEVO.L,40,1771,0,1731,0,0,2021-11-04,2021-12-31,downloaded
DFCH.L,672,1771,0,1099,0,0,2019-05-09,2021-12-31,downloaded
DIS.L,1771,1771,0,0,0,0,2015-01-02,2021-12-31,downloaded
DISH.L,865,1771,0,906,0,0,2018-08-02,2021-12-31,downloaded
DKL.L,1771,1771,0,0,0,0,2015-01-02,2021-12-31,downloaded
DNM.L,156,1771,0,1615,0,0,2021-05-24,2021-12-31,downloaded
DOTD.L,1771,1771,0,0,0,0,2015-01-02,2021-12-31,downloaded
DPEU.L,0,1771,0,1771,0,0,,,failed
DPP.L,249,1771,0,1522,0,0,2021-01-08,2021-12-31,downloaded
DSG.L,1771,1771,0,0,0,0,2015-01-02,2021-12-31,downloaded
DSW.L,10,1771,0,1761,0,0,2021-12-16,2021-12-31,downloaded
DUKE.L,1771,1771,0,0,0,0,2015-01-02,2021-12-31,downloaded
DXRX.L,704,1771,0,1067,0,0,2019-03-21,2021-12-31,downloaded
EAAS.L,1771,1771,0,0,0,0,2015-01-02,2021-12-31,downloaded
EAH.L,1771,1771,0,0,0,0,2015-01-02,2021-12-31,downloaded
EARN.L,1112,1771,0,659,0,0,2017-08-10,2021-12-31,downloaded
EBQ.L,1771,1771,0,0,0,0,2015-01-02,2021-12-31,downloaded
ECO.L,1239,1771,0,532,0,0,2017-02-08,2021-12-31,downloaded
ECOB.L,0,1771,0,1771,0,0,,,failed
ECR.L,1771,1771,0,0,0,0,2015-01-02,2021-12-31,downloaded
EDEN.L,1771,1771,0,0,0,0,2015-01-02,2021-12-31,downloaded
EDX.L,0,1771,0,1771,0,0,,,failed
EEE.L,1771,1771,0,0,0,0,2015-01-02,2021-12-31,downloaded
EGT.L,0,1771,0,1771,0,0,,,failed
EKF.L,1771,1771,0,0,0,0,2015-01-02,2021-12-31,downloaded
ELCO.L,1771,1771,0,0,0,0,2015-01-02,2021-12-31,downloaded
ELEG.L,0,1771,0,1771,0,0,,,failed
EMAN.L,1771,1771,0,0,0,0,2015-01-02,2021-12-31,downloaded
EME.L,1771,1771,0,0,0,0,2015-01-02,2021-12-31,downloaded
EMG.L,1771,1771,0,0,0,0,2015-01-02,2021-12-31,downloaded
EMH.L,1532,1771,0,239,0,0,2015-12-10,2021-12-31,downloaded
EML.L,1234,1771,0,537,0,0,2017-02-15,2021-12-31,downloaded
EMR.L,1771,1771,0,0,0,0,2015-01-02,2021-12-31,downloaded
EMVC.L,1771,1771,0,0,0,0,2015-01-02,2021-12-31,downloaded
ENET.L,1142,1771,0,629,0,0,2017-06-29,2021-12-31,downloaded
ENSI.L,0,1771,0,1771,0,0,,,failed
ENT.L,1771,1771,0,0,0,0,2015-01-02,2021-12-31,downloaded
ENW.L,1771,1771,0,0,0,0,2015-01-02,2021-12-31,downloaded
EOG.L,1771,1771,0,0,0,0,2015-01-02,2021-12-31,downloaded
EPP.L,0,1771,0,1771,0,0,,,failed
ESYS.L,0,1771,0,1771,0,0,,,failed
ETP.L,0,1771,0,1771,0,0,,,failed
ETX.L,0,1771,0,1771,0,0,,,failed
EUA.L,1771,1771,0,0,0,0,2015-01-02,2021-12-31,downloaded
EVPL.L,915,1771,0,856,0,0,2018-05-23,2021-12-31,downloaded
EXR.L,964,1771,0,807,0,0,2018-03-12,2021-12-31,downloaded
EYE.L,1771,1771,0,0,0,0,2015-01-02,2021-12-31,downloaded
FAB.L,1021,1771,0,750,0,0,2017-12-18,2021-12-31,downloaded
FADL.L,0,1771,0,1771,0,0,,,failed
FAR.L,699,1771,0,1072,0,0,2019-03-28,2021-12-31,downloaded
FARN.L,1549,1771,0,222,0,0,2015-11-17,2021-12-31,downloaded
FCRM.L,0,1771,0,1771,0,0,,,failed
FDBK.L,1771,1771,0,0,0,0,2015-01-02,2021-12-31,downloaded
FDEV.L,1771,1771,0,0,0,0,2015-01-02,2021-12-31,downloaded
FDR.L,0,1771,0,1771,0,0,,,failed
FEN.L,0,1771,0,1771,0,0,,,failed
FEVR.L,1771,1771,0,0,0,0,2015-01-02,2021-12-31,downloaded
FIH.L,1771,1771,0,0,0,0,2015-01-02,2021-12-31,downloaded
FIN.L,189,1771,0,1582,0,0,2021-04-06,2021-12-31,downloaded
FIPP.L,1771,1771,0,0,0,0,2015-01-02,2021-12-31,downloaded
FKE.L,1771,1771,0,0,0,0,2015-01-02,2021-12-31,downloaded
FLK.L,1771,1771,0,0,0,0,2015-01-02,2021-12-31,downloaded
FLO.L,1771,1771,0,0,0,0,2015-01-02,2021-12-31,downloaded
FMET.L,0,1771,0,1771,0,0,,,failed
FNTL.L,949,1771,0,822,0,0,2018-04-04,2021-12-31,downloaded
FNX.L,310,1771,0,1461,0,0,2020-10-12,2021-12-31,downloaded
FOG.L,0,1771,0,1771,0,0,,,failed
FORF.L,1771,1771,0,0,0,0,2015-01-02,2021-12-31,downloaded
FORG.L,1771,1771,0,0,0,0,2015-01-02,2021-12-31,downloaded
FOX.L,1692,1771,0,79,0,0,2015-04-27,2021-12-31,downloaded
FPO.L,1771,1771,0,0,0,0,2015-01-02,2021-12-31,downloaded
FRAN.L,1368,1771,0,403,0,0,2016-08-05,2021-12-31,downloaded
FRG.L,34,1771,0,1737,0,0,2021-11-12,2021-12-31,downloaded
FRP.L,461,1771,0,1310,0,0,2020-03-06,2021-12-31,downloaded
FSG.L,230,1771,0,1541,0,0,2021-02-04,2021-12-31,downloaded
FTC.L,1771,1771,0,0,0,0,2015-01-02,2021-12-31,downloaded
FUM.L,1771,1771,0,0,0,0,2015-01-02,2021-12-31,downloaded
G4M.L,1667,1771,0,104,0,0,2015-06-03,2021-12-31,downloaded
GAL.L,1771,1771,0,0,0,0,2015-01-02,2021-12-31,downloaded
GATC.L,1771,1771,0,0,0,0,2015-01-02,2021-12-31,downloaded
GCG.L,1308,1771,0,463,0,0,2016-10-31,2021-12-31,downloaded
GCM.L,1771,1771,0,0,0,0,2015-01-02,2021-12-31,downloaded
GDP.L,1771,1771,0,0,0,0,2015-01-02,2021-12-31,downloaded
GDR.L,1771,1771,0,0,0,0,2015-01-02,2021-12-31,downloaded
GELN.L,22,1771,0,1749,0,0,2021-11-30,2021-12-31,downloaded
GEM.L,476,1771,0,1295,0,0,2020-02-14,2021-12-31,downloaded
GENI.L,114,1771,0,1657,0,0,2021-07-22,2021-12-31,downloaded
GENL.L,1771,1771,0,0,0,0,2015-01-02,2021-12-31,downloaded
GEO.L,1771,1771,0,0,0,0,2015-01-02,2021-12-31,downloaded
GETB.L,1116,1771,0,655,0,0,2017-08-04,2021-12-31,downloaded
GFIN.L,1771,1771,0,0,0,0,2015-01-02,2021-12-31,downloaded
GFM.L,1771,1771,0,0,0,0,2015-01-02,2021-12-31,downloaded
GGP.L,1771,1771,0,0,0,0,2015-01-02,2021-12-31,downloaded
GHH.L,1771,1771,0,0,0,0,2015-01-02,2021-12-31,downloaded
GKP.L,1771,1771,0,0,0,0,2015-01-02,2021-12-31,downloaded
GLEN.L,1771,1771,0,0,0,0,2015-01-02,2021-12-31,downloaded
GLR.L,1771,1771,0,0,0,0,2015-01-02,2021-12-31,downloaded
GMAA.L,0,1771,0,1771,0,0,,,failed
GMET.L,0,1771,0,1771,0,0,,,failed
GMR.L,1771,1771,0,0,0,0,2015-01-02,2021-12-31,downloaded
GNIP.L,0,1771,0,1771,0,0,,,failed
GRL.L,1771,1771,0,0,0,0,2015-01-02,2021-12-31,downloaded
GROC.L,67,1771,0,1704,0,0,2021-09-28,2021-12-31,downloaded
GTC.L,1771,1771,0,0,0,0,2015-01-02,2021-12-31,downloaded
GTLY.L,1664,1771,0,107,0,0,2015-06-08,2021-12-31,downloaded
GUN.L,1771,1771,0,0,0,1,2015-01-02,2021-12-31,downloaded
GWMO.L,1771,1771,0,0,0,0,2015-01-02,2021-12-31,downloaded
HAYD.L,1771,1771,0,0,0,0,2015-01-02,2021-12-31,downloaded
HCM.L,1771,1771,0,0,0,0,2015-01-02,2021-12-31,downloaded
HDD.L,1771,1771,0,0,0,0,2015-01-02,2021-12-31,downloaded
HE1.L,271,1771,0,1500,0,0,2020-12-04,2021-12-31,downloaded
HERC.L,0,1771,0,1771,0,0,,,failed
HEX.L,0,1771,0,1771,0,0,,,failed
HMI.L,1600,1771,0,171,0,0,2015-09-07,2021-12-31,downloaded
HPOW.L,1771,1771,0,0,0,0,2015-01-02,2021-12-31,downloaded
HRN.L,0,1771,0,1771,0,0,,,failed
HSD.L,1771,1771,0,0,0,0,2015-01-02,2021-12-31,downloaded
HSM.L,1771,1771,0,0,0,0,2015-01-02,2021-12-31,downloaded
HSP.L,1771,1771,0,0,0,0,2015-01-02,2021-12-31,downloaded
HSX.L,1771,1771,0,0,0,0,2015-01-02,2021-12-31,downloaded
HUD.L,880,1771,0,891,0,0,2018-07-12,2021-12-31,downloaded
HUW.L,1771,1771,0,0,0,0,2015-01-02,2021-12-31,downloaded
HVO.L,1771,1771,0,0,0,0,2015-01-02,2021-12-31,downloaded
HVTA.L,1771,1771,0,0,0,0,2015-01-02,2021-12-31,downloaded
IBAI.L,1771,1771,0,0,0,0,2015-01-02,2021-12-31,downloaded
IES.L,1771,1771,0,0,0,0,2015-01-02,2021-12-31,downloaded
IFRX.L,0,1771,0,1771,0,0,,,failed
IGE.L,1771,1771,0,0,0,0,2015-01-02,2021-12-31,downloaded
IGP.L,1771,1771,0,0,0,0,2015-01-02,2021-12-31,downloaded
IGR.L,1771,1771,0,0,0,0,2015-01-02,2021-12-31,downloaded
IHC.L,1771,1771,0,0,0,0,2015-01-02,2021-12-31,downloaded
IKA.L,1771,1771,0,0,0,0,2015-01-02,2021-12-31,downloaded
IMM.L,1771,1771,0,0,0,0,2015-01-02,2021-12-31,downloaded
INDI.L,0,1771,0,1771,0,0,,,failed
ING.L,1771,1771,0,0,0,0,2015-01-02,2021-12-31,downloaded
INL.L,0,1771,0,1771,0,0,,,failed
INSE.L,0,1771,0,1771,0,0,,,failed
INSG.L,166,1771,0,1605,0,0,2021-05-10,2021-12-31,downloaded
INX.L,0,1771,0,1771,0,0,,,failed
IOF.L,1771,1771,0,0,0,0,2015-01-02,2021-12-31,downloaded
IOG.L,0,1771,0,1771,0,0,,,failed
IOM.L,1771,1771,0,0,0,0,2015-01-02,2021-12-31,downloaded
IPEL.L,0,1771,0,1771,0,0,,,failed
IPX.L,1771,1771,0,0,0,0,2015-01-02,2021-12-31,downloaded
IQE.L,1771,1771,0,0,0,0,2015-01-02,2021-12-31,downloaded
IRON.L,1771,1771,0,0,0,0,2015-01-02,2021-12-31,downloaded
ITIM.L,132,1771,0,1639,0,0,2021-06-28,2021-12-31,downloaded
ITM.L,1771,1771,0,0,0,0,2015-01-02,2021-12-31,downloaded
ITX.L,1771,1771,0,0,0,0,2015-01-02,2021-12-31,downloaded
IWG.L,1771,1771,0,0,0,0,2015-01-02,2021-12-31,downloaded
IX.L,0,1771,0,1771,0,0,,,failed
IXI.L,1771,1771,0,0,0,0,2015-01-02,2021-12-31,downloaded
JAN.L,1142,1771,0,629,0,0,2017-06-29,2021-12-31,downloaded
JDG.L,1771,1771,0,0,0,0,2015-01-02,2021-12-31,downloaded
JEL.L,1771,1771,0,0,0,0,2015-01-02,2021-12-31,downloaded
JET2.L,1771,1771,0,0,0,0,2015-01-02,2021-12-31,downloaded
JHD.L,1771,1771,0,0,0,0,2015-01-02,2021-12-31,downloaded
JIM.L,1771,1771,0,0,0,0,2015-01-02,2021-12-31,downloaded
JLP.L,1771,1771,0,0,0,0,2015-01-02,2021-12-31,downloaded
JNEO.L,1771,1771,0,0,0,0,2015-01-02,2021-12-31,downloaded
JOG.L,1771,1771,0,0,0,0,2015-01-02,2021-12-31,downloaded
JSE.L,861,1771,0,910,0,0,2018-08-08,2021-12-31,downloaded
KDNC.L,1771,1771,0,0,0,0,2015-01-02,2021-12-31,downloaded
KEFI.L,1771,1771,0,0,0,0,2015-01-02,2021-12-31,downloaded
KETL.L,1114,1771,0,657,0,0,2017-08-08,2021-12-31,downloaded
KEYS.L,1036,1771,0,735,0,0,2017-11-27,2021-12-31,downloaded
KGH.L,889,1771,0,882,0,0,2018-06-29,2021-12-31,downloaded
KIBO.L,0,1771,0,1771,0,0,,,failed
KIST.L,278,1771,0,1493,0,0,2020-11-25,2021-12-31,downloaded
KMK.L,1771,1771,0,0,0,0,2015-01-02,2021-12-31,downloaded
KOD.L,1771,1771,0,0,0,0,2015-01-02,2021-12-31,downloaded
KOO.L,338,1771,0,1433,0,0,2020-09-02,2021-12-31,downloaded
KP2.L,951,1771,0,820,0,0,2018-03-29,2021-12-31,downloaded
KR1.L,0,1771,0,1771,0,0,,,failed
KRM.L,931,1771,0,840,0,0,2018-04-30,2021-12-31,downloaded
KRPZ.L,780,1771,0,991,0,0,2018-11-30,2021-12-31,downloaded
KRS.L,1771,1771,0,0,0,1,2015-01-02,2021-12-31,downloaded
KZG.L,1771,1771,0,0,0,0,2015-01-02,2021-12-31,downloaded
LBG.L,11,1771,0,1760,0,0,2021-12-15,2021-12-31,downloaded
LDG.L,1187,1771,0,584,0,0,2017-04-25,2021-12-31,downloaded
LEND.L,1771,1771,0,0,0,0,2015-01-02,2021-12-31,downloaded
LEX.L,269,1771,0,1502,0,0,2020-12-08,2021-12-31,downloaded
LIKE.L,95,1771,0,1676,0,0,2021-08-18,2021-12-31,downloaded
LINV.L,120,1771,0,1651,0,0,2021-07-14,2021-12-31,downloaded
LIT.L,767,1771,0,1004,0,0,2018-12-19,2021-12-31,downloaded
LIV.L,1771,1771,0,0,0,0,2015-01-02,2021-12-31,downloaded
LND.L,1771,1771,0,0,0,0,2015-01-02,2021-12-31,downloaded
LOOP.L,0,1771,0,1771,0,0,,,failed
LORD.L,116,1771,0,1655,0,0,2021-07-20,2021-12-31,downloaded
LPA.L,1771,1771,0,0,0,0,2015-01-02,2021-12-31,downloaded
LRE.L,1771,1771,0,0,0,0,2015-01-02,2021-12-31,downloaded
LSC.L,1771,1771,0,0,0,0,2015-01-02,2021-12-31,downloaded
LST.L,54,1771,0,1717,0,0,2021-10-15,2021-12-31,downloaded
LTHM.L,1771,1771,0,0,0,0,2015-01-02,2021-12-31,downloaded
MAC.L,1771,1771,0,0,0,0,2015-01-02,2021-12-31,downloaded
MAFL.L,1771,1771,0,0,0,0,2015-01-02,2021-12-31,downloaded
MAI.L,1771,1771,0,0,0,0,2015-01-02,2021-12-31,downloaded
MANO.L,770,1771,0,1001,0,0,2018-12-14,2021-12-31,downloaded
MATD.L,1771,1771,0,0,0,0,2015-01-02,2021-12-31,downloaded
MBH.L,1771,1771,0,0,0,0,2015-01-02,2021-12-31,downloaded
MBO.L,1771,1771,0,0,0,1,2015-01-02,2021-12-31,downloaded
MCON.L,1771,1771,0,0,0,0,2015-01-02,2021-12-31,downloaded
MEN.L,0,1771,0,1771,0,0,,,failed
MERC.L,1771,1771,0,0,0,0,2015-01-02,2021-12-31,downloaded
MET.L,1771,1771,0,0,0,0,2015-01-02,2021-12-31,downloaded
MET1.L,0,1771,0,1771,0,0,,,failed
MEX.L,59,1771,0,1712,0,0,2021-10-08,2021-12-31,downloaded
MFAI.L,1771,1771,0,0,0,0,2015-01-02,2021-12-31,downloaded
MFX.L,1771,1771,0,0,0,0,2015-01-02,2021-12-31,downloaded
MHA.L,0,1771,0,1771,0,0,,,failed
MICC.L,0,1771,0,1771,0,0,,,failed
MIDW.L,1432,1771,0,339,0,0,2016-05-06,2021-12-31,downloaded
MIND.L,890,1771,0,881,0,0,2018-06-28,2021-12-31,downloaded
MIRI.L,1020,1771,0,751,0,0,2017-12-19,2021-12-31,downloaded
MKA.L,1405,1771,0,366,0,0,2016-06-15,2021-12-31,downloaded
MLVN.L,1771,1771,0,0,0,0,2015-01-02,2021-12-31,downloaded
MPAC.L,1771,1771,0,0,0,0,2015-01-02,2021-12-31,downloaded
MPAL.L,0,1771,0,1771,0,0,,,failed
MPE.L,1771,1771,0,0,0,0,2015-01-02,2021-12-31,downloaded
MPL.L,1771,1771,0,0,0,0,2015-01-02,2021-12-31,downloaded
MRK.L,39,1771,0,1732,0,0,2021-11-05,2021-12-31,downloaded
MRL.L,0,1771,0,1771,0,0,,,failed
MSI.L,1771,1771,0,0,0,0,2015-01-02,2021-12-31,downloaded
MTC.L,1771,1771,0,0,0,0,2015-01-02,2021-12-31,downloaded
MTEC.L,65,1771,0,1706,0,0,2021-09-30,2021-12-31,downloaded
MTL.L,1771,1771,0,0,0,0,2015-01-02,2021-12-31,downloaded
MUL.L,1771,1771,0,0,0,0,2015-01-02,2021-12-31,downloaded
MWE.L,1771,1771,0,0,0,0,2015-01-02,2021-12-31,downloaded
MYX.L,1771,1771,0,0,0,0,2015-01-02,2021-12-31,downloaded
NAH.L,1771,1771,0,0,0,0,2015-01-02,2021-12-31,downloaded
NAR.L,1771,1771,0,0,0,0,2015-01-02,2021-12-31,downloaded
NBB.L,1771,1771,0,0,0,0,2015-01-02,2021-12-31,downloaded
NCYT.L,1054,1771,0,717,0,0,2017-11-01,2021-12-31,downloaded
NET.L,1771,1771,0,0,0,0,2015-01-02,2021-12-31,downloaded
NEXS.L,1134,1771,0,637,0,0,2017-07-11,2021-12-31,downloaded
NFG.L,1771,1771,0,0,0,0,2015-01-02,2021-12-31,downloaded
NGHT.L,0,1771,0,1771,0,0,,,failed
NICL.L,1771,1771,0,0,0,0,2015-01-02,2021-12-31,downloaded
NIOX.L,1771,1771,0,0,0,0,2015-01-02,2021-12-31,downloaded
NTBR.L,1771,1771,0,0,0,0,2015-01-02,2021-12-31,downloaded
NTQ.L,0,1771,0,1771,0,0,,,failed
NTVO.L,1771,1771,0,0,0,0,2015-01-02,2021-12-31,downloaded
NWF.L,1771,1771,0,0,0,0,2015-01-02,2021-12-31,downloaded
NWT.L,1771,1771,0,0,0,0,2015-01-02,2021-12-31,downloaded
NXQ.L,1771,1771,0,0,0,0,2015-01-02,2021-12-31,downloaded
OBD.L,1282,1771,0,489,0,0,2016-12-06,2021-12-31,downloaded
OBI.L,18,1771,0,1753,0,0,2021-12-06,2021-12-31,downloaded
OMG.L,1771,1771,0,0,0,0,2015-01-02,2021-12-31,downloaded
OMI.L,1771,1771,0,0,0,0,2015-01-02,2021-12-31,downloaded
OMIP.L,1771,1771,0,0,0,0,2015-01-02,2021-12-31,downloaded
OPG.L,0,1771,0,1771,0,0,,,failed
OPT.L,0,1771,0,1771,0,0,,,failed
OPTI.L,1771,1771,0,0,0,0,2015-01-02,2021-12-31,downloaded
ORCA.L,119,1771,0,1652,0,0,2021-07-15,2021-12-31,downloaded
ORCH.L,1647,1771,0,124,0,0,2015-07-01,2021-12-31,downloaded
ORCP.L,1771,1771,0,0,0,0,2015-01-02,2021-12-31,downloaded
ORM.L,0,1771,0,1771,0,0,,,failed
ORR.L,1771,1771,0,0,0,0,2015-01-02,2021-12-31,downloaded
PACS.L,1771,1771,0,0,0,0,2015-01-02,2021-12-31,downloaded
PALM.L,502,1771,0,1269,0,0,2020-01-09,2021-12-31,downloaded
PAM.L,1771,1771,0,0,0,0,2015-01-02,2021-12-31,downloaded
PANR.L,1771,1771,0,0,0,0,2015-01-02,2021-12-31,downloaded
PAT.L,1018,1771,0,753,0,0,2017-12-21,2021-12-31,downloaded
PCH.L,1771,1771,0,0,0,0,2015-01-02,2021-12-31,downloaded
PCIP.L,1771,1771,0,0,0,0,2015-01-02,2021-12-31,downloaded
PDL.L,1771,1771,0,0,0,0,2015-01-02,2021-12-31,downloaded
PEB.L,1771,1771,0,0,0,0,2015-01-02,2021-12-31,downloaded
PEBB.L,524,1771,0,1247,0,0,2019-12-05,2021-12-31,downloaded
PEEL.L,66,1771,0,1705,0,0,2021-09-29,2021-12-31,downloaded
PEG.L,1771,1771,0,0,0,0,2015-01-02,2021-12-31,downloaded
PEN.L,1771,1771,0,0,0,0,2015-01-02,2021-12-31,downloaded
PET.L,1771,1771,0,0,0,0,2015-01-02,2021-12-31,downloaded
PGH.L,1771,1771,0,0,0,0,2015-01-02,2021-12-31,downloaded
PHE.L,1771,1771,0,0,0,0,2015-01-02,2021-12-31,downloaded
PIER.L,0,1771,0,1771,0,0,,,failed
PLSR.L,0,1771,0,1771,0,0,,,failed
PMG.L,1771,1771,0,0,0,0,2015-01-02,2021-12-31,downloaded
PMI.L,1324,1771,0,447,0,0,2016-10-07,2021-12-31,downloaded
PMP.L,1771,1771,0,0,0,0,2015-01-02,2021-12-31,downloaded
PNS.L,1771,1771,0,0,0,0,2015-01-02,2021-12-31,downloaded
POLB.L,117,1771,0,1654,0,0,2021-07-19,2021-12-31,downloaded
POLR.L,1771,1771,0,0,0,0,2015-01-02,2021-12-31,downloaded
POLX.L,0,1771,0,1771,0,0,,,failed
POS.L,1771,1771,0,0,0,0,2015-01-02,2021-12-31,downloaded
POW.L,1771,1771,0,0,0,0,2015-01-02,2021-12-31,downloaded
PPH.L,1771,1771,0,0,0,0,2015-01-02,2021-12-31,downloaded
PPHC.L,10,1771,0,1761,0,0,2021-12-16,2021-12-31,downloaded
PR1.L,0,1771,0,1771,0,0,,,failed
PRD.L,914,1771,0,857,0,0,2018-05-24,2021-12-31,downloaded
PREM.L,1771,1771,0,0,0,0,2015-01-02,2021-12-31,downloaded
PRIM.L,1771,1771,0,0,0,0,2015-01-02,2021-12-31,downloaded
PRM.L,1771,1771,0,0,0,0,2015-01-02,2021-12-31,downloaded
PRO.L,1748,1771,0,23,0,0,2015-02-04,2021-12-31,downloaded
PTAL.L,764,1771,0,1007,0,0,2018-12-24,2021-12-31,downloaded
PTEC.L,1771,1771,0,0,0,0,2015-01-02,2021-12-31,downloaded
PTY.L,0,1771,0,1771,0,0,,,failed
PULS.L,1771,1771,0,0,0,0,2015-01-02,2021-12-31,downloaded
PWR.L,0,1771,0,1771,0,0,,,failed
PXC.L,1142,1771,0,629,0,0,2017-06-29,2021-12-31,downloaded
PXEN.L,1771,1771,0,0,0,0,2015-01-02,2021-12-31,downloaded
PXS.L,1771,1771,0,0,0,0,2015-01-02,2021-12-31,downloaded
QBT.L,1771,1771,0,0,0,0,2015-01-02,2021-12-31,downloaded
QED.L,1771,1771,0,0,0,0,2015-01-02,2021-12-31,downloaded
QHE.L,1771,1771,0,0,0,2,2015-01-02,2021-12-31,downloaded
QTX.L,1771,1771,0,0,0,0,2015-01-02,2021-12-31,downloaded
QUBE.L,0,1771,0,1771,0,0,,,failed
QUIZ.L,0,1771,0,1771,0,0,,,failed
RAI.L,0,1771,0,1771,0,0,,,failed
RBD.L,1771,1771,0,0,0,0,2015-01-02,2021-12-31,downloaded
RBGP.L,0,1771,0,1771,0,0,,,failed
RBW.L,1246,1771,0,525,0,0,2017-01-30,2021-12-31,downloaded
RCFX.L,0,1771,0,1771,0,0,,,failed
RCN.L,1771,1771,0,0,0,0,2015-01-02,2021-12-31,downloaded
RDT.L,1771,1771,0,0,0,0,2015-01-02,2021-12-31,downloaded
REAT.L,1771,1771,0,0,0,0,2015-01-02,2021-12-31,downloaded
REDX.L,0,1771,0,1771,0,0,,,failed
RENE.L,0,1771,0,1771,0,0,,,failed
RENX.L,798,1771,0,973,0,0,2018-11-06,2021-12-31,downloaded
REVB.L,117,1771,0,1654,0,0,2021-07-19,2021-12-31,downloaded
RFG.L,1771,1771,0,0,0,0,2015-01-02,2021-12-31,downloaded
RFX.L,1234,1771,0,537,0,0,2017-02-15,2021-12-31,downloaded
RGG.L,0,1771,0,1771,0,0,,,failed
RHIM.L,1057,1771,0,714,0,0,2017-10-27,2021-12-31,downloaded
RKH.L,1771,1771,0,0,0,0,2015-01-02,2021-12-31,downloaded
RMR.L,1771,1771,0,0,0,0,2015-01-02,2021-12-31,downloaded
RNO.L,0,1771,0,1771,0,0,,,failed
RNWH.L,1771,1771,0,0,0,0,2015-01-02,2021-12-31,downloaded
ROAD.L,1771,1771,0,0,0,0,2015-01-02,2021-12-31,downloaded
ROCK.L,1771,1771,0,0,0,0,2015-01-02,2021-12-31,downloaded
ROSE.L,0,1771,0,1771,0,0,,,failed
RQIH.L,0,1771,0,1771,0,0,,,failed
RRR.L,1771,1771,0,0,0,0,2015-01-02,2021-12-31,downloaded
RST.L,1771,1771,0,0,0,0,2015-01-02,2021-12-31,downloaded
RTC.L,1771,1771,0,0,0,0,2015-01-02,2021-12-31,downloaded
RVRB.L,0,1771,0,1771,0,0,,,failed
RVRG.L,1771,1771,0,0,0,0,2015-01-02,2021-12-31,downloaded
RWS.L,1771,1771,0,0,0,0,2015-01-02,2021-12-31,downloaded
SAA.L,1771,1771,0,0,0,0,2015-01-02,2021-12-31,downloaded
SAAS.L,114,1771,0,1657,0,0,2021-07-22,2021-12-31,downloaded
SAG.L,1771,1771,0,0,0,0,2015-01-02,2021-12-31,downloaded
SAL.L,1771,1771,0,0,0,0,2015-01-02,2021-12-31,downloaded
SALT.L,0,1771,0,1771,0,0,,,failed
SAR.L,1771,1771,0,0,0,0,2015-01-02,2021-12-31,downloaded
SAV.L,1771,1771,0,0,0,0,2015-01-02,2021-12-31,downloaded
SAVE.L,1771,1771,0,0,0,0,2015-01-02,2021-12-31,downloaded
SBDS.L,0,1771,0,1771,0,0,,,failed
SBTX.L,1199,1771,0,572,0,0,2017-04-05,2021-12-31,downloaded
SCE.L,0,1771,0,1771,0,0,,,failed
SCGL.L,1548,1771,0,223,0,0,2015-11-18,2021-12-31,downloaded
SCHO.L,0,1771,0,1771,0,0,,,failed
SCLP.L,1771,1771,0,0,0,0,2015-01-02,2021-12-31,downloaded
SDG.L,1771,1771,0,0,0,0,2015-01-02,2021-12-31,downloaded
SDI.L,1771,1771,0,0,0,0,2015-01-02,2021-12-31,downloaded
SDX.L,0,1771,0,1771,0,0,,,failed
SEA.L,529,1771,0,1242,0,0,2019-11-28,2021-12-31,downloaded
SEE.L,1771,1771,0,0,0,0,2015-01-02,2021-12-31,downloaded
SEEN.L,1079,1771,0,692,0,0,2017-09-27,2021-12-31,downloaded
SEI.L,0,1771,0,1771,0,0,,,failed
SELK.L,0,1771,0,1771,0,0,,,failed
SENX.L,0,1771,0,1771,0,0,,,failed
SFT.L,1771,1771,0,0,0,0,2015-01-02,2021-12-31,downloaded
SGN.L,0,1771,0,1771,0,0,,,failed
SHOE.L,1771,1771,0,0,0,0,2015-01-02,2021-12-31,downloaded
SIXH.L,0,1771,0,1771,0,0,,,failed
SKA.L,1771,1771,0,0,0,0,2015-01-02,2021-12-31,downloaded
SKL.L,21,1771,0,1750,0,0,2021-12-01,2021-12-31,downloaded
SLP.L,1771,1771,0,0,0,0,2015-01-02,2021-12-31,downloaded
SML.L,1771,1771,0,0,0,0,2015-01-02,2021-12-31,downloaded
SND.L,0,1771,0,1771,0,0,,,failed
SNDA.L,1771,1771,0,0,0,1,2015-01-02,2021-12-31,downloaded
SNG.L,0,1771,0,1771,0,0,,,failed
SNT.L,1771,1771,0,0,0,1,2015-01-02,2021-12-31,downloaded
SNX.L,1771,1771,0,0,0,0,2015-01-02,2021-12-31,downloaded
SOLI.L,1771,1771,0,0,0,0,2015-01-02,2021-12-31,downloaded
SOM.L,1771,1771,0,0,0,0,2015-01-02,2021-12-31,downloaded
SORT.L,1771,1771,0,0,0,0,2015-01-02,2021-12-31,downloaded
SOS.L,760,1771,0,1011,0,0,2019-01-02,2021-12-31,downloaded
SOU.L,1771,1771,0,0,0,0,2015-01-02,2021-12-31,downloaded
SOUC.L,101,1771,0,1670,0,0,2021-08-10,2021-12-31,downloaded
SPDI.L,1771,1771,0,0,0,0,2015-01-02,2021-12-31,downloaded
SPEC.L,467,1771,0,1304,0,0,2020-02-27,2021-12-31,downloaded
SPR.L,1066,1771,0,705,0,0,2017-10-16,2021-12-31,downloaded
SPSC.L,1771,1771,0,0,0,0,2015-01-02,2021-12-31,downloaded
SPSY.L,1771,1771,0,0,0,0,2015-01-02,2021-12-31,downloaded
SQZ.L,1771,1771,0,0,0,0,2015-01-02,2021-12-31,downloaded
SRB.L,1771,1771,0,0,0,0,2015-01-02,2021-12-31,downloaded
SRC.L,1771,1771,0,0,0,0,2015-01-02,2021-12-31,downloaded
SRES.L,1771,1771,0,0,0,0,2015-01-02,2021-12-31,downloaded
SRT.L,1771,1771,0,0,0,0,2015-01-02,2021-12-31,downloaded
SSTY.L,1771,1771,0,0,0,0,2015-01-02,2021-12-31,downloaded
STAF.L,1771,1771,0,0,0,0,2015-01-02,2021-12-31,downloaded
STAR.L,1771,1771,0,0,0,0,2015-01-02,2021-12-31,downloaded
STCM.L,1771,1771,0,0,0,0,2015-01-02,2021-12-31,downloaded
STG.L,0,1771,0,1771,0,0,,,failed
STX.L,1479,1771,0,292,0,0,2016-02-26,2021-12-31,downloaded
SUH.L,1771,1771,0,0,0,0,2015-01-02,2021-12-31,downloaded
SUN.L,1771,1771,0,0,0,0,2015-01-02,2021-12-31,downloaded
SUP.L,233,1771,0,1538,0,0,2021-02-01,2021-12-31,downloaded
SVML.L,12,1771,0,1759,0,0,2021-12-14,2021-12-31,downloaded
SWG.L,1771,1771,0,0,0,0,2015-01-02,2021-12-31,downloaded
SWT.L,1771,1771,0,0,0,0,2015-01-02,2021-12-31,downloaded
SYM.L,1771,1771,0,0,0,0,2015-01-02,2021-12-31,downloaded
SYN.L,1771,1771,0,0,0,0,2015-01-02,2021-12-31,downloaded
SYS.L,1771,1771,0,0,0,0,2015-01-02,2021-12-31,downloaded
SYS1.L,1771,1771,0,0,0,0,2015-01-02,2021-12-31,downloaded
TAM.L,1137,1771,0,634,0,0,2017-07-06,2021-12-31,downloaded
TAN.L,1771,1771,0,0,0,0,2015-01-02,2021-12-31,downloaded
TAND.L,0,1771,0,1771,0,0,,,failed
TAP.L,0,1771,0,1771,0,0,,,failed
TAVI.L,1771,1771,0,0,0,0,2015-01-02,2021-12-31,downloaded
TBLD.L,207,1771,0,1564,0,0,2021-03-09,2021-12-31,downloaded
TCAP.L,1771,1771,0,0,0,0,2015-01-02,2021-12-31,downloaded
TCF.L,1568,1771,0,203,0,0,2015-10-21,2021-12-31,downloaded
TEAM.L,208,1771,0,1563,0,0,2021-03-08,2021-12-31,downloaded
TEK.L,1771,1771,0,0,0,0,2015-01-02,2021-12-31,downloaded
TENG.L,1037,1771,0,734,0,0,2017-11-24,2021-12-31,downloaded
TERN.L,1771,1771,0,0,0,0,2015-01-02,2021-12-31,downloaded
TFW.L,1771,1771,0,0,0,0,2015-01-02,2021-12-31,downloaded
TGP.L,896,1771,0,875,0,0,2018-06-20,2021-12-31,downloaded
THAT.L,1771,1771,0,0,0,0,2015-01-02,2021-12-31,downloaded
THR.L,1771,1771,0,0,0,0,2015-01-02,2021-12-31,downloaded
THRU.L,1771,1771,0,0,0,0,2015-01-02,2021-12-31,downloaded
THS.L,1410,1771,0,361,0,0,2016-06-08,2021-12-31,downloaded
THX.L,136,1771,0,1635,0,0,2021-06-22,2021-12-31,downloaded
TIA.L,1771,1771,0,0,0,0,2015-01-02,2021-12-31,downloaded
TIDE.L,1771,1771,0,0,0,0,2015-01-02,2021-12-31,downloaded
TIG.L,1771,1771,0,0,0,0,2015-01-02,2021-12-31,downloaded
TIME.L,1771,1771,0,0,0,0,2015-01-02,2021-12-31,downloaded
TIN.L,222,1771,0,1549,0,0,2021-02-16,2021-12-31,downloaded
TLM.L,1771,1771,0,0,0,0,2015-01-02,2021-12-31,downloaded
TMG.L,1771,1771,0,0,0,0,2015-01-02,2021-12-31,downloaded
TMIP.L,153,1771,0,1618,0,0,2021-05-27,2021-12-31,downloaded
TMO.L,1406,1771,0,365,0,0,2016-06-14,2021-12-31,downloaded
TND.L,1771,1771,0,0,0,0,2015-01-02,2021-12-31,downloaded
TOM.L,1771,1771,0,0,0,0,2015-01-02,2021-12-31,downloaded
TON.L,1771,1771,0,0,0,0,2015-01-02,2021-12-31,downloaded
TPFG.L,1771,1771,0,0,0,0,2015-01-02,2021-12-31,downloaded
TPX.L,778,1771,0,993,0,0,2018-12-04,2021-12-31,downloaded
TRAC.L,1771,1771,0,0,0,0,2015-01-02,2021-12-31,downloaded
TRAF.L,1771,1771,0,0,0,0,2015-01-02,2021-12-31,downloaded
TRB.L,1771,1771,0,0,0,0,2015-01-02,2021-12-31,downloaded
TRC.L,0,1771,0,1771,0,0,,,failed
TRCS.L,1771,1771,0,0,0,0,2015-01-02,2021-12-31,downloaded
TRLS.L,152,1771,0,1619,0,0,2021-05-28,2021-12-31,downloaded
TRP.L,1771,1771,0,0,0,0,2015-01-02,2021-12-31,downloaded
TRT.L,1771,1771,0,0,0,0,2015-01-02,2021-12-31,downloaded
TRU.L,977,1771,0,794,0,0,2018-02-21,2021-12-31,downloaded
TRUE.L,1771,1771,0,0,0,0,2015-01-02,2021-12-31,downloaded
TRX.L,0,1771,0,1771,0,0,,,failed
TSTL.L,1771,1771,0,0,0,0,2015-01-02,2021-12-31,downloaded
TUN.L,50,1771,0,1721,0,0,2021-10-21,2021-12-31,downloaded
TUNE.L,1771,1771,0,0,0,0,2015-01-02,2021-12-31,downloaded
TWD.L,0,1771,0,1771,0,0,,,failed
TXP.L,1145,1771,0,626,0,0,2017-06-26,2021-12-31,downloaded
TYM.L,1771,1771,0,0,0,0,2015-01-02,2021-12-31,downloaded
UBG.L,0,1771,0,1771,0,0,,,failed
UFO.L,1771,1771,0,0,0,0,2015-01-02,2021-12-31,downloaded
UJO.L,1771,1771,0,0,0,0,2015-01-02,2021-12-31,downloaded
UKOG.L,1771,1771,0,0,0,0,2015-01-02,2021-12-31,downloaded
UKR.L,1771,1771,0,0,0,0,2015-01-02,2021-12-31,downloaded
ULTP.L,1224,1771,0,547,0,0,2017-03-01,2021-12-31,downloaded
UOG.L,1554,1771,0,217,0,0,2015-11-10,2021-12-31,downloaded
UPL.L,1565,1771,0,206,0,0,2015-10-26,2021-12-31,downloaded
UPR.L,624,1771,0,1147,0,0,2019-07-17,2021-12-31,downloaded
URU.L,1771,1771,0,0,0,0,2015-01-02,2021-12-31,downloaded
VAL.L,1771,1771,0,0,0,0,2015-01-02,2021-12-31,downloaded
VAST.L,1771,1771,0,0,0,0,2015-01-02,2021-12-31,downloaded
VCAP.L,0,1771,0,1771,0,0,,,failed
VCP.L,1771,1771,0,0,0,0,2015-01-02,2021-12-31,downloaded
VEL.L,1171,1771,0,600,0,0,2017-05-18,2021-12-31,downloaded
VIC.L,136,1771,0,1635,0,0,2021-06-22,2021-12-31,downloaded
VINO.L,212,1771,0,1559,0,0,2021-03-02,2021-12-31,downloaded
VLE.L,1771,1771,0,0,0,0,2015-01-02,2021-12-31,downloaded
VLG.L,1771,1771,0,0,0,0,2015-01-02,2021-12-31,downloaded
VNET.L,1771,1771,0,0,0,0,2015-01-02,2021-12-31,downloaded
VOX.L,0,1771,0,1771,0,0,,,failed
VRCI.L,294,1771,0,1477,0,0,2020-11-03,2021-12-31,downloaded
VRS.L,0,1771,0,1771,0,0,,,failed
VTU.L,1771,1771,0,0,0,0,2015-01-02,2021-12-31,downloaded
VZLA.L,29,1771,0,1742,0,0,2021-11-19,2021-12-31,downloaded
W7L.L,1286,1771,0,485,0,0,2016-11-30,2021-12-31,downloaded
WATR.L,1771,1771,0,0,0,0,2015-01-02,2021-12-31,downloaded
WBI.L,0,1771,0,1771,0,0,,,failed
WINE.L,1771,1771,0,0,0,0,2015-01-02,2021-12-31,downloaded
WINK.L,1771,1771,0,0,0,0,2015-01-02,2021-12-31,downloaded
WISE.L,125,1771,0,1646,0,0,2021-07-07,2021-12-31,downloaded
WIZZ.L,1733,1771,0,38,0,0,2015-02-25,2021-12-31,downloaded
WJG.L,1461,1771,0,310,0,0,2016-03-23,2021-12-31,downloaded
WKS.L,0,1771,0,1771,0,0,,,failed
WNX.L,0,1771,0,1771,0,0,,,failed
WPHO.L,1710,1771,0,61,0,0,2015-03-30,2021-12-31,downloaded
WPP.L,1771,1771,0,0,0,1,2015-01-02,2021-12-31,downloaded
WRKS.L,875,1771,0,896,0,0,2018-07-19,2021-12-31,downloaded
WSBN.L,1771,1771,0,0,0,0,2015-01-02,2021-12-31,downloaded
WSG.L,0,1771,0,1771,0,0,,,failed
WSP.L,1771,1771,0,0,0,0,2015-01-02,2021-12-31,downloaded
WTE.L,1771,1771,0,0,0,0,2015-01-02,2021-12-31,downloaded
WVIA.L,0,1771,0,1771,0,0,,,failed
WYN.L,1771,1771,0,0,0,0,2015-01-02,2021-12-31,downloaded
XLM.L,1771,1771,0,0,0,0,2015-01-02,2021-12-31,downloaded
XPF.L,1388,1771,0,383,0,0,2016-07-08,2021-12-31,downloaded
XSG.L,1771,1771,0,0,0,0,2015-01-02,2021-12-31,downloaded
XTR.L,1771,1771,0,0,0,0,2015-01-02,2021-12-31,downloaded
YCA.L,885,1771,0,886,0,0,2018-07-05,2021-12-31,downloaded
YOU.L,1771,1771,0,0,0,0,2015-01-02,2021-12-31,downloaded
YU.L,1465,1771,0,306,0,0,2016-03-17,2021-12-31,downloaded
ZAM.L,1771,1771,0,0,0,0,2015-01-02,2021-12-31,downloaded
ZED.L,114,1771,0,1657,0,0,2021-07-22,2021-12-31,downloaded
ZIN.L,1771,1771,0,0,0,0,2015-01-02,2021-12-31,downloaded
ZIOC.L,1771,1771,0,0,0,0,2015-01-02,2021-12-31,downloaded
ZOO.L,1771,1771,0,0,0,0,2015-01-02,2021-12-31,downloaded
ZPHR.L,1771,1771,0,0,0,0,2015-01-02,2021-12-31,downloaded
ZYT.L,0,1771,0,1771,0,0,,,failed
