ticker,status,rows,error
450.L,failed,0,No data found for ticker 450.L between 2015-01-01 and 2022-01-01
4BB.L,downloaded,221,
4GBL.L,failed,0,No data found for ticker 4GBL.L between 2015-01-01 and 2022-01-01
80M.L,downloaded,1771,
88E.L,downloaded,1771,
AAU.L,downloaded,1771,
AAZ.L,downloaded,1771,
ABDP.L,downloaded,1771,
ABDX.L,downloaded,264,
AC8.L,failed,0,No data found for ticker AC8.L between 2015-01-01 and 2022-01-01
ACRM.L,downloaded,1771,
ACSO.L,downloaded,1771,
ADF.L,failed,0,No data found for ticker ADF.L between 2015-01-01 and 2022-01-01
ADVT.L,downloaded,197,
AEG.L,downloaded,1771,
AEO.L,downloaded,1771,
AET.L,downloaded,1771,
AFP.L,downloaded,151,
AFRN.L,failed,0,No data found for ticker AFRN.L between 2015-01-01 and 2022-01-01
AGFX.L,failed,0,No data found for ticker AGFX.L between 2015-01-01 and 2022-01-01
AGI.L,downloaded,1771,
AGY.L,downloaded,1771,
AIEA.L,downloaded,1771,
AKN.L,downloaded,1771,
ALL.L,downloaded,1742,
ALT.L,downloaded,1771,
ALU.L,downloaded,1771,
AMCO.L,failed,0,No data found for ticker AMCO.L between 2015-01-01 and 2022-01-01
AMP.L,downloaded,1771,
AMS.L,downloaded,1771,
ANG.L,downloaded,1132,
ANGS.L,downloaded,1298,
ANIC.L,downloaded,1771,
ANP.L,downloaded,1771,
AOM.L,downloaded,193,
AOTI.L,failed,0,No data found for ticker AOTI.L between 2015-01-01 and 2022-01-01
APQ.L,failed,0,No data found for ticker APQ.L between 2015-01-01 and 2022-01-01
APTA.L,downloaded,6,
ARBB.L,downloaded,1771,
ARC.L,downloaded,1771,
ARCM.L,downloaded,1771,
AREC.L,downloaded,149,
ARS.L,downloaded,1771,
ART.L,downloaded,148,
AST.L,downloaded,1771,
ASY.L,downloaded,1771,
ATM.L,downloaded,1048,
ATOM.L,downloaded,2,
ATYM.L,downloaded,1771,
AURA.L,downloaded,1343,
AURR.L,failed,0,No data found for ticker AURR.L between 2015-01-01 and 2022-01-01
AUTG.L,downloaded,1357,
AVCT.L,downloaded,1771,
AVG.L,downloaded,1771,
AXL.L,downloaded,48,
AXS.L,downloaded,1771,
AYM.L,downloaded,1771,
B90.L,downloaded,1771,
BANK.L,failed,0,No data found for ticker BANK.L between 2015-01-01 and 2022-01-01
BAY.L,downloaded,65,
BBB.L,failed,0,No data found for ticker BBB.L between 2015-01-01 and 2022-01-01
BBSN.L,downloaded,1771,
BCE.L,downloaded,1771,
BELL.L,failed,0,No data found for ticker BELL.L between 2015-01-01 and 2022-01-01
BEM.L,downloaded,1771,
BGO.L,downloaded,1771,
BHL.L,downloaded,117,
BIG.L,downloaded,110,
BILN.L,downloaded,1771,
BIOM.L,failed,0,No data found for ticker BIOM.L between 2015-01-01 and 2022-01-01
BION.L,failed,0,No data found for ticker BION.L between 2015-01-01 and 2022-01-01
BKS.L,downloaded,1036,
BLU.L,downloaded,1771,
BLVN.L,failed,0,No data found for ticker BLVN.L between 2015-01-01 and 2022-01-01
BME.L,downloaded,1771,
BMIN.L,downloaded,1771,
BMK.L,failed,0,No data found for ticker BMK.L between 2015-01-01 and 2022-01-01
BMN.L,failed,0,No data found for ticker BMN.L between 2015-01-01 and 2022-01-01
BMT.L,downloaded,1771,
BMTO.L,downloaded,1771,
BOKU.L,downloaded,1041,
BOOM.L,downloaded,1771,
BOR.L,downloaded,1771,
BOW.L,downloaded,1771,
BPM.L,downloaded,1771,
BRCK.L,downloaded,594,
BTG.L,downloaded,1771,
BUC.L,downloaded,1771,
BUR.L,downloaded,1771,
BVX.L,failed,0,No data found for ticker BVX.L between 2015-01-01 and 2022-01-01
BVXP.L,downloaded,1771,
BZT.L,downloaded,1771,
C4XD.L,failed,0,No data found for ticker C4XD.L between 2015-01-01 and 2022-01-01
CAM.L,downloaded,1771,
CAML.L,downloaded,1771,
CAPD.L,downloaded,1771,
CAV.L,downloaded,777,
CBOX.L,downloaded,891,
CCP.L,downloaded,1771,
CCT.L,downloaded,1771,
CDGP.L,failed,0,No data found for ticker CDGP.L between 2015-01-01 and 2022-01-01
CEL.L,failed,0,No data found for ticker CEL.L between 2015-01-01 and 2022-01-01
CEPS.L,downloaded,1771,
CER.L,downloaded,1464,
CFX.L,downloaded,1771,
CGH.L,failed,0,No data found for ticker CGH.L between 2015-01-01 and 2022-01-01
CGNR.L,downloaded,1771,
CHAR.L,downloaded,1771,
CHL.L,downloaded,1771,
CHP.L,downloaded,1771,
CHRT.L,downloaded,1771,
CIC.L,downloaded,1771,
CKI.L,failed,0,No data found for ticker CKI.L between 2015-01-01 and 2022-01-01
CKT.L,downloaded,1771,
CLA.L,failed,0,No data found for ticker CLA.L between 2015-01-01 and 2022-01-01
CLBS.L,downloaded,1771,
CLON.L,downloaded,1771,
CLX.L,downloaded,315,
CMCL.L,downloaded,1771,
CMET.L,downloaded,245,
CML.L,downloaded,1771,
CMO.L,failed,0,No data found for ticker CMO.L between 2015-01-01 and 2022-01-01
CMX.L,downloaded,1771,
CNC.L,downloaded,1771,
CNG.L,failed,0,No data found for ticker CNG.L between 2015-01-01 and 2022-01-01
CNS.L,downloaded,1771,
CODE.L,downloaded,111,
COG.L,downloaded,1771,
COIL.L,downloaded,198,
COM.L,downloaded,1401,
COPC.L,downloaded,321,
CORA.L,downloaded,1071,
CORO.L,downloaded,1227,
CPH2.L,failed,0,No data found for ticker CPH2.L between 2015-01-01 and 2022-01-01
CPP.L,failed,0,No data found for ticker CPP.L between 2015-01-01 and 2022-01-01
CPX.L,downloaded,1771,
CRCL.L,downloaded,1771,
CRE.L,downloaded,273,
CREO.L,downloaded,1279,
CRPR.L,downloaded,1771,
CRTA.L,downloaded,1771,
CRTX.L,downloaded,1771,
CRU.L,downloaded,1771,
CRW.L,downloaded,1771,
CSC.L,downloaded,1771,
CSSG.L,downloaded,1771,
CTA.L,downloaded,5,
CTAI.L,downloaded,1771,
CTG.L,downloaded,1771,
CTL.L,failed,0,No data found for ticker CTL.L between 2015-01-01 and 2022-01-01
CYAN.L,downloaded,1771,
DBOX.L,downloaded,1771,
DCI.L,downloaded,1771,
DCTA.L,failed,0,No data found for ticker DCTA.L between 2015-01-01 and 2022-01-01
DEBS.L,downloaded,1771,
DEST.L,failed,0,No data found for ticker DEST.L between 2015-01-01 and 2022-01-01
DEVO.L,downloaded,40,
DFCH.L,downloaded,672,
DIS.L,downloaded,1771,
DISH.L,downloaded,865,
DKL.L,downloaded,1771,
DNM.L,downloaded,156,
DOTD.L,downloaded,1771,
DPEU.L,failed,0,No data found for ticker DPEU.L between 2015-01-01 and 2022-01-01
DPP.L,downloaded,249,
DSG.L,downloaded,1771,
DSW.L,downloaded,10,
DUKE.L,downloaded,1771,
DXRX.L,downloaded,704,
EAAS.L,downloaded,1771,
EAH.L,downloaded,1771,
EARN.L,downloaded,1112,
EBQ.L,downloaded,1771,
ECO.L,downloaded,1239,
ECOB.L,failed,0,No data found for ticker ECOB.L between 2015-01-01 and 2022-01-01
ECR.L,downloaded,1771,
EDEN.L,downloaded,1771,
EDX.L,failed,0,No data found for ticker EDX.L between 2015-01-01 and 2022-01-01
EEE.L,downloaded,1771,
EGT.L,failed,0,No data found for ticker EGT.L between 2015-01-01 and 2022-01-01
EKF.L,downloaded,1771,
ELCO.L,downloaded,1771,
ELEG.L,failed,0,No data found for ticker ELEG.L between 2015-01-01 and 2022-01-01
EMAN.L,downloaded,1771,
EME.L,downloaded,1771,
EMG.L,downloaded,1771,
EMH.L,downloaded,1532,
EML.L,downloaded,1234,
EMR.L,downloaded,1771,
EMVC.L,downloaded,1771,
ENET.L,downloaded,1142,
ENSI.L,failed,0,No data found for ticker ENSI.L between 2015-01-01 and 2022-01-01
ENT.L,downloaded,1771,
ENW.L,downloaded,1771,
EOG.L,downloaded,1771,
EPP.L,failed,0,No data found for ticker EPP.L between 2015-01-01 and 2022-01-01
ESYS.L,failed,0,No data found for ticker ESYS.L between 2015-01-01 and 2022-01-01
ETP.L,failed,0,No data found for ticker ETP.L between 2015-01-01 and 2022-01-01
ETX.L,failed,0,No data found for ticker ETX.L between 2015-01-01 and 2022-01-01
EUA.L,downloaded,1771,
EVPL.L,downloaded,915,
EXR.L,downloaded,964,
EYE.L,downloaded,1771,
FAB.L,downloaded,1021,
FADL.L,failed,0,No data found for ticker FADL.L between 2015-01-01 and 2022-01-01
FAR.L,downloaded,699,
FARN.L,downloaded,1549,
FCRM.L,failed,0,No data found for ticker FCRM.L between 2015-01-01 and 2022-01-01
FDBK.L,downloaded,1771,
FDEV.L,downloaded,1771,
FDR.L,failed,0,No data found for ticker FDR.L between 2015-01-01 and 2022-01-01
FEN.L,failed,0,No data found for ticker FEN.L between 2015-01-01 and 2022-01-01
FEVR.L,downloaded,1771,
FIH.L,downloaded,1771,
FIN.L,downloaded,189,
FIPP.L,downloaded,1771,
FKE.L,downloaded,1771,
FLK.L,downloaded,1771,
FLO.L,downloaded,1771,
FMET.L,failed,0,No data found for ticker FMET.L between 2015-01-01 and 2022-01-01
FNTL.L,downloaded,949,
FNX.L,downloaded,310,
FOG.L,failed,0,No data found for ticker FOG.L between 2015-01-01 and 2022-01-01
FORF.L,downloaded,1771,
FORG.L,downloaded,1771,
FOX.L,downloaded,1692,
FPO.L,downloaded,1771,
FRAN.L,downloaded,1368,
FRG.L,downloaded,34,
FRP.L,downloaded,461,
FSG.L,downloaded,230,
FTC.L,downloaded,1771,
FUM.L,downloaded,1771,
G4M.L,downloaded,1667,
GAL.L,downloaded,1771,
GATC.L,downloaded,1771,
GCG.L,downloaded,1308,
GCM.L,downloaded,1771,
GDP.L,downloaded,1771,
GDR.L,downloaded,1771,
GELN.L,downloaded,22,
GEM.L,downloaded,476,
GENI.L,downloaded,114,
GENL.L,downloaded,1771,
GEO.L,downloaded,1771,
GETB.L,downloaded,1116,
GFIN.L,downloaded,1771,
GFM.L,downloaded,1771,
GGP.L,downloaded,1771,
GHH.L,downloaded,1771,
GKP.L,downloaded,1771,
GLEN.L,downloaded,1771,
GLR.L,downloaded,1771,
GMAA.L,failed,0,No data found for ticker GMAA.L between 2015-01-01 and 2022-01-01
GMET.L,failed,0,No data found for ticker GMET.L between 2015-01-01 and 2022-01-01
GMR.L,downloaded,1771,
GNIP.L,failed,0,No data found for ticker GNIP.L between 2015-01-01 and 2022-01-01
GRL.L,downloaded,1771,
GROC.L,downloaded,67,
GTC.L,downloaded,1771,
GTLY.L,downloaded,1664,
GUN.L,downloaded,1771,
GWMO.L,downloaded,1771,
HAYD.L,downloaded,1771,
HCM.L,downloaded,1771,
HDD.L,downloaded,1771,
HE1.L,downloaded,271,
HERC.L,failed,0,No data found for ticker HERC.L between 2015-01-01 and 2022-01-01
HEX.L,failed,0,No data found for ticker HEX.L between 2015-01-01 and 2022-01-01
HMI.L,downloaded,1600,
HPOW.L,downloaded,1771,
HRN.L,failed,0,No data found for ticker HRN.L between 2015-01-01 and 2022-01-01
HSD.L,downloaded,1771,
HSM.L,downloaded,1771,
HSP.L,downloaded,1771,
HSX.L,downloaded,1771,
HUD.L,downloaded,880,
HUW.L,downloaded,1771,
HVO.L,downloaded,1771,
HVTA.L,downloaded,1771,
IBAI.L,downloaded,1771,
IES.L,downloaded,1771,
IFRX.L,failed,0,No data found for ticker IFRX.L between 2015-01-01 and 2022-01-01
IGE.L,downloaded,1771,
IGP.L,downloaded,1771,
IGR.L,downloaded,1771,
IHC.L,downloaded,1771,
IKA.L,downloaded,1771,
IMM.L,downloaded,1771,
INDI.L,failed,0,No data found for ticker INDI.L between 2015-01-01 and 2022-01-01
ING.L,downloaded,1771,
INL.L,failed,0,No data found for ticker INL.L between 2015-01-01 and 2022-01-01
INSE.L,failed,0,No data found for ticker INSE.L between 2015-01-01 and 2022-01-01
INSG.L,downloaded,166,
INX.L,failed,0,No data found for ticker INX.L between 2015-01-01 and 2022-01-01
IOF.L,downloaded,1771,
IOG.L,failed,0,No data found for ticker IOG.L between 2015-01-01 and 2022-01-01
IOM.L,downloaded,1771,
IPEL.L,failed,0,No data found for ticker IPEL.L between 2015-01-01 and 2022-01-01
IPX.L,downloaded,1771,
IQE.L,downloaded,1771,
IRON.L,downloaded,1771,
ITIM.L,downloaded,132,
ITM.L,downloaded,1771,
ITX.L,downloaded,1771,
IWG.L,downloaded,1771,
IX.L,failed,0,No data found for ticker IX.L between 2015-01-01 and 2022-01-01
IXI.L,downloaded,1771,
JAN.L,downloaded,1142,
JDG.L,downloaded,1771,
JEL.L,downloaded,1771,
JET2.L,downloaded,1771,
JHD.L,downloaded,1771,
JIM.L,downloaded,1771,
JLP.L,downloaded,1771,
JNEO.L,downloaded,1771,
JOG.L,downloaded,1771,
JSE.L,downloaded,861,
KDNC.L,downloaded,1771,
KEFI.L,downloaded,1771,
KETL.L,downloaded,1114,
KEYS.L,downloaded,1036,
KGH.L,downloaded,889,
KIBO.L,failed,0,No data found for ticker KIBO.L between 2015-01-01 and 2022-01-01
KIST.L,downloaded,278,
KMK.L,downloaded,1771,
KOD.L,downloaded,1771,
KOO.L,downloaded,338,
KP2.L,downloaded,951,
KR1.L,failed,0,No data found for ticker KR1.L between 2015-01-01 and 2022-01-01
KRM.L,downloaded,931,
KRPZ.L,downloaded,780,
KRS.L,downloaded,1771,
KZG.L,downloaded,1771,
LBG.L,downloaded,11,
LDG.L,downloaded,1187,
LEND.L,downloaded,1771,
LEX.L,downloaded,269,
LIKE.L,downloaded,95,
LINV.L,downloaded,120,
LIT.L,downloaded,767,
LIV.L,downloaded,1771,
LND.L,downloaded,1771,
LOOP.L,failed,0,No data found for ticker LOOP.L between 2015-01-01 and 2022-01-01
LORD.L,downloaded,116,
LPA.L,downloaded,1771,
LRE.L,downloaded,1771,
LSC.L,downloaded,1771,
LST.L,downloaded,54,
LTHM.L,downloaded,1771,
MAC.L,downloaded,1771,
MAFL.L,downloaded,1771,
MAI.L,downloaded,1771,
MANO.L,downloaded,770,
MATD.L,downloaded,1771,
MBH.L,downloaded,1771,
MBO.L,downloaded,1771,
MCON.L,downloaded,1771,
MEN.L,failed,0,No data found for ticker MEN.L between 2015-01-01 and 2022-01-01
MERC.L,downloaded,1771,
MET.L,downloaded,1771,
MET1.L,failed,0,No data found for ticker MET1.L between 2015-01-01 and 2022-01-01
MEX.L,downloaded,59,
MFAI.L,downloaded,1771,
MFX.L,downloaded,1771,
MHA.L,failed,0,No data found for ticker MHA.L between 2015-01-01 and 2022-01-01
MICC.L,failed,0,No data found for ticker MICC.L between 2015-01-01 and 2022-01-01
MIDW.L,downloaded,1432,
MIND.L,downloaded,890,
MIRI.L,downloaded,1020,
MKA.L,downloaded,1405,
MLVN.L,downloaded,1771,
MPAC.L,downloaded,1771,
MPAL.L,failed,0,No data found for ticker MPAL.L between 2015-01-01 and 2022-01-01
MPE.L,downloaded,1771,
MPL.L,downloaded,1771,
MRK.L,downloaded,39,
MRL.L,failed,0,No data found for ticker MRL.L between 2015-01-01 and 2022-01-01
MSI.L,downloaded,1771,
MTC.L,downloaded,1771,
MTEC.L,downloaded,65,
MTL.L,downloaded,1771,
MUL.L,downloaded,1771,
MWE.L,downloaded,1771,
MYX.L,downloaded,1771,
NAH.L,downloaded,1771,
NAR.L,downloaded,1771,
NBB.L,downloaded,1771,
NCYT.L,downloaded,1054,
NET.L,downloaded,1771,
NEXS.L,downloaded,1134,
NFG.L,downloaded,1771,
NGHT.L,failed,0,No data found for ticker NGHT.L between 2015-01-01 and 2022-01-01
NICL.L,downloaded,1771,
NIOX.L,downloaded,1771,
NTBR.L,downloaded,1771,
NTQ.L,failed,0,No data found for ticker NTQ.L between 2015-01-01 and 2022-01-01
NTVO.L,downloaded,1771,
NWF.L,downloaded,1771,
NWT.L,downloaded,1771,
NXQ.L,downloaded,1771,
OBD.L,downloaded,1282,
OBI.L,downloaded,18,
OMG.L,downloaded,1771,
OMI.L,downloaded,1771,
OMIP.L,downloaded,1771,
OPG.L,failed,0,No data found for ticker OPG.L between 2015-01-01 and 2022-01-01
OPT.L,failed,0,No data found for ticker OPT.L between 2015-01-01 and 2022-01-01
OPTI.L,downloaded,1771,
ORCA.L,downloaded,119,
ORCH.L,downloaded,1647,
ORCP.L,downloaded,1771,
ORM.L,failed,0,No data found for ticker ORM.L between 2015-01-01 and 2022-01-01
ORR.L,downloaded,1771,
PACS.L,downloaded,1771,
PALM.L,downloaded,502,
PAM.L,downloaded,1771,
PANR.L,downloaded,1771,
PAT.L,downloaded,1018,
PCH.L,downloaded,1771,
PCIP.L,downloaded,1771,
PDL.L,downloaded,1771,
PEB.L,downloaded,1771,
PEBB.L,downloaded,524,
PEEL.L,downloaded,66,
PEG.L,downloaded,1771,
PEN.L,downloaded,1771,
PET.L,downloaded,1771,
PGH.L,downloaded,1771,
PHE.L,downloaded,1771,
PIER.L,failed,0,No data found for ticker PIER.L between 2015-01-01 and 2022-01-01
PLSR.L,failed,0,No data found for ticker PLSR.L between 2015-01-01 and 2022-01-01
PMG.L,downloaded,1771,
PMI.L,downloaded,1324,
PMP.L,downloaded,1771,
PNS.L,downloaded,1771,
POLB.L,downloaded,117,
POLR.L,downloaded,1771,
POLX.L,failed,0,No data found for ticker POLX.L between 2015-01-01 and 2022-01-01
POS.L,downloaded,1771,
POW.L,downloaded,1771,
PPH.L,downloaded,1771,
PPHC.L,downloaded,10,
PR1.L,failed,0,No data found for ticker PR1.L between 2015-01-01 and 2022-01-01
PRD.L,downloaded,914,
PREM.L,downloaded,1771,
PRIM.L,downloaded,1771,
PRM.L,downloaded,1771,
PRO.L,downloaded,1748,
PTAL.L,downloaded,764,
PTEC.L,downloaded,1771,
PTY.L,failed,0,No data found for ticker PTY.L between 2015-01-01 and 2022-01-01
PULS.L,downloaded,1771,
PWR.L,failed,0,No data found for ticker PWR.L between 2015-01-01 and 2022-01-01
PXC.L,downloaded,1142,
PXEN.L,downloaded,1771,
PXS.L,downloaded,1771,
QBT.L,downloaded,1771,
QED.L,downloaded,1771,
QHE.L,downloaded,1771,
QTX.L,downloaded,1771,
QUBE.L,failed,0,No data found for ticker QUBE.L between 2015-01-01 and 2022-01-01
QUIZ.L,failed,0,No data found for ticker QUIZ.L between 2015-01-01 and 2022-01-01
RAI.L,failed,0,No data found for ticker RAI.L between 2015-01-01 and 2022-01-01
RBD.L,downloaded,1771,
RBGP.L,failed,0,No data found for ticker RBGP.L between 2015-01-01 and 2022-01-01
RBW.L,downloaded,1246,
RCFX.L,failed,0,No data found for ticker RCFX.L between 2015-01-01 and 2022-01-01
RCN.L,downloaded,1771,
RDT.L,downloaded,1771,
REAT.L,downloaded,1771,
REDX.L,failed,0,No data found for ticker REDX.L between 2015-01-01 and 2022-01-01
RENE.L,failed,0,No data found for ticker RENE.L between 2015-01-01 and 2022-01-01
RENX.L,downloaded,798,
REVB.L,downloaded,117,
RFG.L,downloaded,1771,
RFX.L,downloaded,1234,
RGG.L,failed,0,No data found for ticker RGG.L between 2015-01-01 and 2022-01-01
RHIM.L,downloaded,1057,
RKH.L,downloaded,1771,
RMR.L,downloaded,1771,
RNO.L,failed,0,No data found for ticker RNO.L between 2015-01-01 and 2022-01-01
RNWH.L,downloaded,1771,
ROAD.L,downloaded,1771,
ROCK.L,downloaded,1771,
ROSE.L,failed,0,No data found for ticker ROSE.L between 2015-01-01 and 2022-01-01
RQIH.L,failed,0,No data found for ticker RQIH.L between 2015-01-01 and 2022-01-01
RRR.L,downloaded,1771,
RST.L,downloaded,1771,
RTC.L,downloaded,1771,
RVRB.L,failed,0,No data found for ticker RVRB.L between 2015-01-01 and 2022-01-01
RVRG.L,downloaded,1771,
RWS.L,downloaded,1771,
SAA.L,downloaded,1771,
SAAS.L,downloaded,114,
SAG.L,downloaded,1771,
SAL.L,downloaded,1771,
SALT.L,failed,0,No data found for ticker SALT.L between 2015-01-01 and 2022-01-01
SAR.L,downloaded,1771,
SAV.L,downloaded,1771,
SAVE.L,downloaded,1771,
SBDS.L,failed,0,No data found for ticker SBDS.L between 2015-01-01 and 2022-01-01
SBTX.L,downloaded,1199,
SCE.L,failed,0,No data found for ticker SCE.L between 2015-01-01 and 2022-01-01
SCGL.L,downloaded,1548,
SCHO.L,failed,0,No data found for ticker SCHO.L between 2015-01-01 and 2022-01-01
SCLP.L,downloaded,1771,
SDG.L,downloaded,1771,
SDI.L,downloaded,1771,
SDX.L,failed,0,No data found for ticker SDX.L between 2015-01-01 and 2022-01-01
SEA.L,downloaded,529,
SEE.L,downloaded,1771,
SEEN.L,downloaded,1079,
SEI.L,failed,0,No data found for ticker SEI.L between 2015-01-01 and 2022-01-01
SELK.L,failed,0,No data found for ticker SELK.L between 2015-01-01 and 2022-01-01
SENX.L,failed,0,No data found for ticker SENX.L between 2015-01-01 and 2022-01-01
SFT.L,downloaded,1771,
SGN.L,failed,0,No data found for ticker SGN.L between 2015-01-01 and 2022-01-01
SHOE.L,downloaded,1771,
SIXH.L,failed,0,No data found for ticker SIXH.L between 2015-01-01 and 2022-01-01
SKA.L,downloaded,1771,
SKL.L,downloaded,21,
SLP.L,downloaded,1771,
SML.L,downloaded,1771,
SND.L,failed,0,No data found for ticker SND.L between 2015-01-01 and 2022-01-01
SNDA.L,downloaded,1771,
SNG.L,failed,0,No data found for ticker SNG.L between 2015-01-01 and 2022-01-01
SNT.L,downloaded,1771,
SNX.L,downloaded,1771,
SOLI.L,downloaded,1771,
SOM.L,downloaded,1771,
SORT.L,downloaded,1771,
SOS.L,downloaded,760,
SOU.L,downloaded,1771,
SOUC.L,downloaded,101,
SPDI.L,downloaded,1771,
SPEC.L,downloaded,467,
SPR.L,downloaded,1066,
SPSC.L,downloaded,1771,
SPSY.L,downloaded,1771,
SQZ.L,downloaded,1771,
SRB.L,downloaded,1771,
SRC.L,downloaded,1771,
SRES.L,downloaded,1771,
SRT.L,downloaded,1771,
SSTY.L,downloaded,1771,
STAF.L,downloaded,1771,
STAR.L,downloaded,1771,
STCM.L,downloaded,1771,
STG.L,failed,0,No data found for ticker STG.L between 2015-01-01 and 2022-01-01
STX.L,downloaded,1479,
SUH.L,downloaded,1771,
SUN.L,downloaded,1771,
SUP.L,downloaded,233,
SVML.L,downloaded,12,
SWG.L,downloaded,1771,
SWT.L,downloaded,1771,
SYM.L,downloaded,1771,
SYN.L,downloaded,1771,
SYS.L,downloaded,1771,
SYS1.L,downloaded,1771,
TAM.L,downloaded,1137,
TAN.L,downloaded,1771,
TAND.L,failed,0,No data found for ticker TAND.L between 2015-01-01 and 2022-01-01
TAP.L,failed,0,No data found for ticker TAP.L between 2015-01-01 and 2022-01-01
TAVI.L,downloaded,1771,
TBLD.L,downloaded,207,
TCAP.L,downloaded,1771,
TCF.L,downloaded,1568,
TEAM.L,downloaded,208,
TEK.L,downloaded,1771,
TENG.L,downloaded,1037,
TERN.L,downloaded,1771,
TFW.L,downloaded,1771,
TGP.L,downloaded,896,
THAT.L,downloaded,1771,
THR.L,downloaded,1771,
THRU.L,downloaded,1771,
THS.L,downloaded,1410,
THX.L,downloaded,136,
TIA.L,downloaded,1771,
TIDE.L,downloaded,1771,
TIG.L,downloaded,1771,
TIME.L,downloaded,1771,
TIN.L,downloaded,222,
TLM.L,downloaded,1771,
TMG.L,downloaded,1771,
TMIP.L,downloaded,153,
TMO.L,downloaded,1406,
TND.L,downloaded,1771,
TOM.L,downloaded,1771,
TON.L,downloaded,1771,
TPFG.L,downloaded,1771,
TPX.L,downloaded,778,
TRAC.L,downloaded,1771,
TRAF.L,downloaded,1771,
TRB.L,downloaded,1771,
TRC.L,failed,0,No data found for ticker TRC.L between 2015-01-01 and 2022-01-01
TRCS.L,downloaded,1771,
TRLS.L,downloaded,152,
TRP.L,downloaded,1771,
TRT.L,downloaded,1771,
TRU.L,downloaded,977,
TRUE.L,downloaded,1771,
TRX.L,failed,0,No data found for ticker TRX.L between 2015-01-01 and 2022-01-01
TSTL.L,downloaded,1771,
TUN.L,downloaded,50,
TUNE.L,downloaded,1771,
TWD.L,failed,0,No data found for ticker TWD.L between 2015-01-01 and 2022-01-01
TXP.L,downloaded,1145,
TYM.L,downloaded,1771,
UBG.L,failed,0,No data found for ticker UBG.L between 2015-01-01 and 2022-01-01
UFO.L,downloaded,1771,
UJO.L,downloaded,1771,
UKOG.L,downloaded,1771,
UKR.L,downloaded,1771,
ULTP.L,downloaded,1224,
UOG.L,downloaded,1554,
UPL.L,downloaded,1565,
UPR.L,downloaded,624,
URU.L,downloaded,1771,
VAL.L,downloaded,1771,
VAST.L,downloaded,1771,
VCAP.L,failed,0,No data found for ticker VCAP.L between 2015-01-01 and 2022-01-01
VCP.L,downloaded,1771,
VEL.L,downloaded,1171,
VIC.L,downloaded,136,
VINO.L,downloaded,212,
VLE.L,downloaded,1771,
VLG.L,downloaded,1771,
VNET.L,downloaded,1771,
VOX.L,failed,0,No data found for ticker VOX.L between 2015-01-01 and 2022-01-01
VRCI.L,downloaded,294,
VRS.L,failed,0,No data found for ticker VRS.L between 2015-01-01 and 2022-01-01
VTU.L,downloaded,1771,
VZLA.L,downloaded,29,
W7L.L,downloaded,1286,
WATR.L,downloaded,1771,
WBI.L,failed,0,No data found for ticker WBI.L between 2015-01-01 and 2022-01-01
WINE.L,downloaded,1771,
WINK.L,downloaded,1771,
WISE.L,downloaded,125,
WIZZ.L,downloaded,1733,
WJG.L,downloaded,1461,
WKS.L,failed,0,No data found for ticker WKS.L between 2015-01-01 and 2022-01-01
WNX.L,failed,0,No data found for ticker WNX.L between 2015-01-01 and 2022-01-01
WPHO.L,downloaded,1710,
WPP.L,downloaded,1771,
WRKS.L,downloaded,875,
WSBN.L,downloaded,1771,
WSG.L,failed,0,No data found for ticker WSG.L between 2015-01-01 and 2022-01-01
WSP.L,downloaded,1771,
WTE.L,downloaded,1771,
WVIA.L,failed,0,No data found for ticker WVIA.L between 2015-01-01 and 2022-01-01
WYN.L,downloaded,1771,
XLM.L,downloaded,1771,
XPF.L,downloaded,1388,
XSG.L,downloaded,1771,
XTR.L,downloaded,1771,
YCA.L,downloaded,885,
YOU.L,downloaded,1771,
YU.L,downloaded,1465,
ZAM.L,downloaded,1771,
ZED.L,downloaded,114,
ZIN.L,downloaded,1771,
ZIOC.L,downloaded,1771,
ZOO.L,downloaded,1771,
ZPHR.L,downloaded,1771,
ZYT.L,failed,0,No data found for ticker ZYT.L between 2015-01-01 and 2022-01-01
