symbol,shortName,currency,exchangeName,instrumentType,exchangeTimezoneName,ticker,status,error,fetched_at_utc,yfinance_version
4BB.L,4BASEBIO PLC ORD EUR1.00,GBp,LSE,EQUITY,Europe/London,4BB.L,ok,,2026-09-11T20:37:48.666838+00:00,1.2.0
80M.L,80 MILE PLC ORD 0.01P,GBp,LSE,EQUITY,Europe/London,80M.L,ok,,2026-09-11T20:37:49.461665+00:00,1.2.0
88E.L,88 ENERGY LIMITED ORD NPV (DI),GBp,LSE,EQUITY,Europe/London,88E.L,ok,,2026-09-11T20:37:50.046999+00:00,1.2.0
AAU.L,ARIANA RESOURCES PLC ORD 0.1P,GBp,LSE,EQUITY,Europe/London,AAU.L,ok,,2026-09-11T20:37:50.630658+00:00,1.2.0
AAZ.L,ANGLO ASIAN MINING PLC ORD 1P,GBp,LSE,EQUITY,Europe/London,AAZ.L,ok,,2026-09-11T20:37:51.216251+00:00,1.2.0
ABDP.L,AB DYNAMICS PLC ORD 1P,GBp,LSE,EQUITY,Europe/London,ABDP.L,ok,,2026-09-11T20:37:51.832795+00:00,1.2.0
ABDX.L,ABINGDON HEALTH PLC ORD 0.025P,GBp,LSE,EQUITY,Europe/London,ABDX.L,ok,,2026-09-11T20:37:52.423999+00:00,1.2.0
ACRM.L,ACUITY RM GROUP PLC ORD 0.1P,GBp,LSE,EQUITY,Europe/London,ACRM.L,ok,,2026-09-11T20:37:52.996491+00:00,1.2.0
ACSO.L,ACCESSO TECHNOLOGY GROUP PLC OR,GBp,LSE,EQUITY,Europe/London,ACSO.L,ok,,2026-09-11T20:37:53.567740+00:00,1.2.0
ADVT.L,ADVANCEDADVT LIMITED ORD NPV (D,GBp,LSE,EQUITY,Europe/London,ADVT.L,ok,,2026-09-11T20:37:54.190052+00:00,1.2.0
AEG.L,ACTIVE ENERGY GROUP PLC ORD GBP,GBp,LSE,EQUITY,Europe/London,AEG.L,ok,,2026-09-11T20:37:54.764693+00:00,1.2.0
AEO.L,AEOREMA COMMUNICATIONS PLC ORD ,GBp,LSE,EQUITY,Europe/London,AEO.L,ok,,2026-09-11T20:37:55.330765+00:00,1.2.0
AET.L,AFENTRA PLC ORD 10P,GBp,LSE,EQUITY,Europe/London,AET.L,ok,,2026-09-11T20:37:55.898475+00:00,1.2.0
AFP.L,AFRICAN PIONEER PLC ORD NPV,GBp,LSE,EQUITY,Europe/London,AFP.L,ok,,2026-09-11T20:37:56.493434+00:00,1.2.0
AGI.L,POTENTIALLY AI PLC ORD GBP0.01,GBp,LSE,EQUITY,Europe/London,AGI.L,ok,,2026-09-11T20:37:57.069526+00:00,1.2.0
AGY.L,ALLERGY THERAPEUTICS PLC ORD 0.,GBp,LSE,EQUITY,Europe/London,AGY.L,ok,,2026-09-11T20:37:57.640301+00:00,1.2.0
AIEA.L,AIREA PLC ORD 25P,GBp,LSE,EQUITY,Europe/London,AIEA.L,ok,,2026-09-11T20:37:58.213033+00:00,1.2.0
AKN.L,ARKADIAN STRATEGIC METALS PLC O,GBp,LSE,EQUITY,Europe/London,AKN.L,ok,,2026-09-11T20:37:58.805962+00:00,1.2.0
ALL.L,ATLANTIC LITHIUM LIMITED ORD NP,GBp,LSE,EQUITY,Europe/London,ALL.L,ok,,2026-09-11T20:37:59.427957+00:00,1.2.0
ALT.L,ALTITUDE GROUP PLC ORD 0.4P,GBp,LSE,EQUITY,Europe/London,ALT.L,ok,,2026-09-11T20:38:00.015385+00:00,1.2.0
ALU.L,ALUMASC GROUP PLC ORD 12.5P,GBp,LSE,EQUITY,Europe/London,ALU.L,ok,,2026-09-11T20:38:00.579198+00:00,1.2.0
AMP.L,AMPEAK ENERGY LIMITED ORD NPV (,GBp,LSE,EQUITY,Europe/London,AMP.L,ok,,2026-09-11T20:38:01.155375+00:00,1.2.0
AMS.L,ADVANCED MEDICAL SOLUTIONS GROU,GBp,LSE,EQUITY,Europe/London,AMS.L,ok,,2026-09-11T20:38:01.734130+00:00,1.2.0
ANG.L,ANGLING DIRECT PLC ORD 1P,GBp,LSE,EQUITY,Europe/London,ANG.L,ok,,2026-09-11T20:38:02.387894+00:00,1.2.0
ANGS.L,ANGUS ENERGY PLC ORD GBP0.002,GBp,LSE,EQUITY,Europe/London,ANGS.L,ok,,2026-09-11T20:38:02.990036+00:00,1.2.0
ANIC.L,AGRONOMICS LIMITED  ORD 0.0001P,GBp,LSE,EQUITY,Europe/London,ANIC.L,ok,,2026-09-11T20:38:03.623804+00:00,1.2.0
ANP.L,ANPARIO PLC ORD 23P,GBp,LSE,EQUITY,Europe/London,ANP.L,ok,,2026-09-11T20:38:04.237977+00:00,1.2.0
AOM.L,ACTIVEOPS PLC ORD 0.1P,GBp,LSE,EQUITY,Europe/London,AOM.L,ok,,2026-09-11T20:38:04.841794+00:00,1.2.0
APTA.L,APTAMER GROUP PLC ORD 0.1P,GBp,LSE,EQUITY,Europe/London,APTA.L,ok,,2026-09-11T20:38:05.442602+00:00,1.2.0
ARBB.L,ARBUTHNOT BANKING GROUP PLC ORD,GBp,LSE,EQUITY,Europe/London,ARBB.L,ok,,2026-09-11T20:38:06.006488+00:00,1.2.0
ARC.L,ARCONTECH GROUP PLC ORD GBP0.12,GBp,LSE,EQUITY,Europe/London,ARC.L,ok,,2026-09-11T20:38:06.611878+00:00,1.2.0
ARCM.L,ARC MINERALS LIMITED ORDS NPV (,GBp,LSE,EQUITY,Europe/London,ARCM.L,ok,,2026-09-11T20:38:07.182329+00:00,1.2.0
AREC.L,ARECOR THERAPEUTICS PLC ORD GBP,GBp,LSE,EQUITY,Europe/London,AREC.L,ok,,2026-09-11T20:38:07.820009+00:00,1.2.0
ARS.L,ASIAMET RESOURCES LIMITED COM S,GBp,LSE,EQUITY,Europe/London,ARS.L,ok,,2026-09-11T20:38:08.416761+00:00,1.2.0
ART.L,THE ARTISANAL SPIRITS COMPANY P,GBp,LSE,EQUITY,Europe/London,ART.L,ok,,2026-09-11T20:38:09.036470+00:00,1.2.0
AST.L,ASCENT RESOURCES PLC ORD 0.5P,GBp,LSE,EQUITY,Europe/London,AST.L,ok,,2026-09-11T20:38:09.612362+00:00,1.2.0
ASY.L,ANDREWS SYKES GROUP PLC ORD 1P,GBp,LSE,EQUITY,Europe/London,ASY.L,ok,,2026-09-11T20:38:10.185990+00:00,1.2.0
ATM.L,ANDRADA MINING LIMITED ORD NPV,GBp,LSE,EQUITY,Europe/London,ATM.L,ok,,2026-09-11T20:38:10.772342+00:00,1.2.0
ATOM.L,ATOME PLC ORD 0.2P,GBp,LSE,EQUITY,Europe/London,ATOM.L,ok,,2026-09-11T20:38:11.364786+00:00,1.2.0
ATYM.L,"ATALAYA MINING COPPER, S.A. ORD",GBp,LSE,EQUITY,Europe/London,ATYM.L,ok,,2026-09-11T20:38:12.012484+00:00,1.2.0
AURA.L,AURA ENERGY LIMITED ORD NPV (DI,GBp,LSE,EQUITY,Europe/London,AURA.L,ok,,2026-09-11T20:38:12.619528+00:00,1.2.0
AUTG.L,AUTINS GROUP PLC ORD GBP0.02,GBp,LSE,EQUITY,Europe/London,AUTG.L,ok,,2026-09-11T20:38:13.201890+00:00,1.2.0
AVCT.L,AVACTA GROUP PLC ORD 10P,GBp,LSE,EQUITY,Europe/London,AVCT.L,ok,,2026-09-11T20:38:13.772449+00:00,1.2.0
AVG.L,AVINGTRANS PLC ORD 5P,GBp,LSE,EQUITY,Europe/London,AVG.L,ok,,2026-09-11T20:38:14.376435+00:00,1.2.0
AXL.L,ARROW EXPLORATION CORP. COM SHS,GBp,LSE,EQUITY,Europe/London,AXL.L,ok,,2026-09-11T20:38:14.958176+00:00,1.2.0
AXS.L,ACCSYS TECHNOLOGIES PLC ORD EUR,GBp,LSE,EQUITY,Europe/London,AXS.L,ok,,2026-09-11T20:38:15.684052+00:00,1.2.0
AYM.L,ANGLESEY MINING PLC ORD 1P,GBp,LSE,EQUITY,Europe/London,AYM.L,ok,,2026-09-11T20:38:16.290153+00:00,1.2.0
B90.L,B90 HOLDINGS PLC ORD NPV,GBp,LSE,EQUITY,Europe/London,B90.L,ok,,2026-09-11T20:38:16.851394+00:00,1.2.0
BAY.L,BAY CAPITAL PLC ORD GBP0.01,GBp,LSE,EQUITY,Europe/London,BAY.L,ok,,2026-09-11T20:38:17.426123+00:00,1.2.0
BBSN.L,BRAVE BISON GROUP PLC ORD 2P,GBp,LSE,EQUITY,Europe/London,BBSN.L,ok,,2026-09-11T20:38:18.015533+00:00,1.2.0
BCE.L,BEACON ENERGY PLC ORD NPV,GBp,LSE,EQUITY,Europe/London,BCE.L,ok,,2026-09-11T20:38:18.613517+00:00,1.2.0
BEM.L,BEOWULF MINING PLC ORD 0.1P,GBp,LSE,EQUITY,Europe/London,BEM.L,ok,,2026-09-11T20:38:19.226814+00:00,1.2.0
BGO.L,BANGO PLC ORD 20P,GBp,LSE,EQUITY,Europe/London,BGO.L,ok,,2026-09-11T20:38:19.877862+00:00,1.2.0
BHL.L,BRADDA HEAD LITHIUM LIMITED ORD,GBp,LSE,EQUITY,Europe/London,BHL.L,ok,,2026-09-11T20:38:20.462474+00:00,1.2.0
BIG.L,BIG TECHNOLOGIES PLC ORD GBP0.0,GBp,LSE,EQUITY,Europe/London,BIG.L,ok,,2026-09-11T20:38:21.032920+00:00,1.2.0
BILN.L,BILLINGTON HOLDINGS PLC ORD 10P,GBp,LSE,EQUITY,Europe/London,BILN.L,ok,,2026-09-11T20:38:21.616895+00:00,1.2.0
BKS.L,BEEKS FINANCIAL CLOUD GROUP PLC,GBp,LSE,EQUITY,Europe/London,BKS.L,ok,,2026-09-11T20:38:22.209668+00:00,1.2.0
BLU.L,BLUE STAR CAPITAL PLC ORD 0.1P,GBp,LSE,EQUITY,Europe/London,BLU.L,ok,,2026-09-11T20:38:22.780778+00:00,1.2.0
BME.L,B&M EUROPEAN VALUE RETAIL PLC O,GBp,LSE,EQUITY,Europe/London,BME.L,ok,,2026-09-11T20:38:23.547532+00:00,1.2.0
BMIN.L,BOTSWANA MINERALS PLC ORD 0.25P,GBp,LSE,EQUITY,Europe/London,BMIN.L,ok,,2026-09-11T20:38:24.130254+00:00,1.2.0
BMT.L,BRAIME GROUP PLC 'A'NON.V ORD 2,GBp,LSE,EQUITY,Europe/London,BMT.L,ok,,2026-09-11T20:38:24.709073+00:00,1.2.0
BMTO.L,BRAIME GROUP PLC ORD 25P,GBp,LSE,EQUITY,Europe/London,BMTO.L,ok,,2026-09-11T20:38:25.270334+00:00,1.2.0
BOKU.L,"BOKU, INC. CMN SHS USD0.0001 (D",GBp,LSE,EQUITY,Europe/London,BOKU.L,ok,,2026-09-11T20:38:25.833983+00:00,1.2.0
BOOM.L,AUDIOBOOM GROUP PLC ORD SHS NPV,GBp,LSE,EQUITY,Europe/London,BOOM.L,ok,,2026-09-11T20:38:26.417303+00:00,1.2.0
BOR.L,BORDERS & SOUTHERN PETROLEUM PL,GBp,LSE,EQUITY,Europe/London,BOR.L,ok,,2026-09-11T20:38:26.987203+00:00,1.2.0
BOW.L,BOW STREET GROUP PLC ORD 0.1P,GBp,LSE,EQUITY,Europe/London,BOW.L,ok,,2026-09-11T20:38:27.561431+00:00,1.2.0
BPM.L,B.P. MARSH & PARTNERS PLC ORD 1,GBp,LSE,EQUITY,Europe/London,BPM.L,ok,,2026-09-11T20:38:28.148412+00:00,1.2.0
BRCK.L,BRCK GROUP PLC ORD GBP0.01,GBp,LSE,EQUITY,Europe/London,BRCK.L,ok,,2026-09-11T20:38:28.789794+00:00,1.2.0
BTG.L,BTG CONSULTING PLC ORD 5P,GBp,LSE,EQUITY,Europe/London,BTG.L,ok,,2026-09-11T20:38:29.369650+00:00,1.2.0
BUC.L,BUILT CYBERNETICS PLC ORD 1P,GBp,LSE,EQUITY,Europe/London,BUC.L,ok,,2026-09-11T20:38:29.963498+00:00,1.2.0
BUR.L,BURFORD CAPITAL LIMITED ORD NPV,GBp,LSE,EQUITY,Europe/London,BUR.L,ok,,2026-09-11T20:38:30.538365+00:00,1.2.0
BVXP.L,BIOVENTIX PLC ORD 5P,GBp,LSE,EQUITY,Europe/London,BVXP.L,ok,,2026-09-11T20:38:31.118617+00:00,1.2.0
BZT.L,BEZANT RESOURCES PLC ORD 0.002P,GBp,LSE,EQUITY,Europe/London,BZT.L,ok,,2026-09-11T20:38:31.696632+00:00,1.2.0
CAM.L,CAMELLIA PLC ORD 10P,GBp,LSE,EQUITY,Europe/London,CAM.L,ok,,2026-09-11T20:38:32.275083+00:00,1.2.0
CAML.L,CENTRAL ASIA METALS PLC ORD USD,GBp,LSE,EQUITY,Europe/London,CAML.L,ok,,2026-09-11T20:38:32.845411+00:00,1.2.0
CAPD.L,CAPITAL LIMITED COMM SHS USD0.0,GBp,LSE,EQUITY,Europe/London,CAPD.L,ok,,2026-09-11T20:38:33.511503+00:00,1.2.0
CAV.L,CAVENDISH PLC ORD 1P,GBp,LSE,EQUITY,Europe/London,CAV.L,ok,,2026-09-11T20:38:34.115649+00:00,1.2.0
CBOX.L,CAKE BOX HOLDINGS PLC ORD GBP0.,GBp,LSE,EQUITY,Europe/London,CBOX.L,ok,,2026-09-11T20:38:34.677437+00:00,1.2.0
CCP.L,CELTIC PLC ORD 1P,GBp,LSE,EQUITY,Europe/London,CCP.L,ok,,2026-09-11T20:38:35.253203+00:00,1.2.0
CCT.L,THE CHARACTER GROUP PLC ORD 5P,GBp,LSE,EQUITY,Europe/London,CCT.L,ok,,2026-09-11T20:38:35.830782+00:00,1.2.0
CEPS.L,CEPS PLC ORD 0.3P,GBp,LSE,EQUITY,Europe/London,CEPS.L,ok,,2026-09-11T20:38:36.430524+00:00,1.2.0
CER.L,CERILLION PLC ORD 0.5P,GBp,LSE,EQUITY,Europe/London,CER.L,ok,,2026-09-11T20:38:37.235801+00:00,1.2.0
CFX.L,COLEFAX GROUP PLC ORD 10P,GBp,LSE,EQUITY,Europe/London,CFX.L,ok,,2026-09-11T20:38:37.836907+00:00,1.2.0
CGNR.L,CONROY GOLD & NATURAL RESOURCES,GBp,LSE,EQUITY,Europe/London,CGNR.L,ok,,2026-09-11T20:38:38.410633+00:00,1.2.0
CHAR.L,CHARIOT LIMITED ORD 1P,GBp,LSE,EQUITY,Europe/London,CHAR.L,ok,,2026-09-11T20:38:38.986381+00:00,1.2.0
CHL.L,CLOUDIFIED HOLDINGS LIMITED ORD,GBp,LSE,EQUITY,Europe/London,CHL.L,ok,,2026-09-11T20:38:39.567421+00:00,1.2.0
CHP.L,CALEDONIAN HOLDINGS PLC ORD 1P,GBp,LSE,EQUITY,Europe/London,CHP.L,ok,,2026-09-11T20:38:40.152398+00:00,1.2.0
CHRT.L,COHORT PLC ORD 10P,GBp,LSE,EQUITY,Europe/London,CHRT.L,ok,,2026-09-11T20:38:40.726779+00:00,1.2.0
CIC.L,CONYGAR INVESTMENT COMPANY PLC ,GBp,LSE,EQUITY,Europe/London,CIC.L,ok,,2026-09-11T20:38:41.369172+00:00,1.2.0
CKT.L,CHECKIT PLC ORD 5P,GBp,LSE,EQUITY,Europe/London,CKT.L,ok,,2026-09-11T20:38:41.964530+00:00,1.2.0
CLBS.L,CELEBRUS TECHNOLOGIES PLC ORD 2,GBp,LSE,EQUITY,Europe/London,CLBS.L,ok,,2026-09-11T20:38:42.653850+00:00,1.2.0
CLON.L,CLONTARF ENERGY PLC ORD 0.01P,GBp,LSE,EQUITY,Europe/London,CLON.L,ok,,2026-09-11T20:38:43.232392+00:00,1.2.0
CLX.L,CALNEX SOLUTIONS PLC ORD GBP0.0,GBp,LSE,EQUITY,Europe/London,CLX.L,ok,,2026-09-11T20:38:43.870666+00:00,1.2.0
CMCL.L,CALEDONIA MINING CORPORATION PL,GBp,LSE,EQUITY,Europe/London,CMCL.L,ok,,2026-09-11T20:38:44.528498+00:00,1.2.0
CMET.L,CAPITAL METALS PLC ORD 0.2P,GBp,LSE,EQUITY,Europe/London,CMET.L,ok,,2026-09-11T20:38:45.121835+00:00,1.2.0
CML.L,CML MICROSYSTEMS PLC ORD 5P,GBp,LSE,EQUITY,Europe/London,CML.L,ok,,2026-09-11T20:38:45.699939+00:00,1.2.0
CMX.L,CATALYST MEDIA GROUP PLC ORD 10,GBp,LSE,EQUITY,Europe/London,CMX.L,ok,,2026-09-11T20:38:46.395731+00:00,1.2.0
CNC.L,CONCURRENT TECHNOLOGIES PLC ORD,GBp,LSE,EQUITY,Europe/London,CNC.L,ok,,2026-09-11T20:38:46.965606+00:00,1.2.0
CNS.L,CORERO NETWORK SECURITY PLC ORD,GBp,LSE,EQUITY,Europe/London,CNS.L,ok,,2026-09-11T20:38:47.574786+00:00,1.2.0
CODE.L,NORTHCODERS GROUP PLC ORD GBP0.,GBp,LSE,EQUITY,Europe/London,CODE.L,ok,,2026-09-11T20:38:48.212716+00:00,1.2.0
COG.L,CAMBRIDGE COGNITION HOLDINGS PL,GBp,LSE,EQUITY,Europe/London,COG.L,ok,,2026-09-11T20:38:48.787178+00:00,1.2.0
COIL.L,COILED THERAPEUTICS PLC ORD 1P,GBp,LSE,EQUITY,Europe/London,COIL.L,ok,,2026-09-11T20:38:49.415684+00:00,1.2.0
COM.L,COMPTOIR GROUP PLC ORD 1P,GBp,LSE,EQUITY,Europe/London,COM.L,ok,,2026-09-11T20:38:50.007744+00:00,1.2.0
COPC.L,COPPA COLLECTIVE PLC ORD 1P,GBp,LSE,EQUITY,Europe/London,COPC.L,ok,,2026-09-11T20:38:50.612373+00:00,1.2.0
CORA.L,CORA GOLD LIMITED ORD NPV (DI),GBp,LSE,EQUITY,Europe/London,CORA.L,ok,,2026-09-11T20:38:51.183637+00:00,1.2.0
CORO.L,CORO ENERGY PLC ORD 1P,GBp,LSE,EQUITY,Europe/London,CORO.L,ok,,2026-09-11T20:38:51.858135+00:00,1.2.0
CPX.L,CAP-XX LIMITED ORD NPV,GBp,LSE,EQUITY,Europe/London,CPX.L,ok,,2026-09-11T20:38:52.556677+00:00,1.2.0
CRCL.L,CORCEL PLC ORD 0.01P,GBp,LSE,EQUITY,Europe/London,CRCL.L,ok,,2026-09-11T20:38:53.135984+00:00,1.2.0
CRE.L,CONDUIT HOLDINGS LIMITED COM SH,GBp,LSE,EQUITY,Europe/London,CRE.L,ok,,2026-09-11T20:38:53.698286+00:00,1.2.0
CREO.L,CREO MEDICAL GROUP PLC ORD GBP0,GBp,LSE,EQUITY,Europe/London,CREO.L,ok,,2026-09-11T20:38:54.271190+00:00,1.2.0
CRPR.L,CROPPER (JAMES) PLC ORD 25P,GBp,LSE,EQUITY,Europe/London,CRPR.L,ok,,2026-09-11T20:38:54.848995+00:00,1.2.0
CRTA.L,CIRATA PLC ORD 10P,GBp,LSE,EQUITY,Europe/London,CRTA.L,ok,,2026-09-11T20:38:55.425854+00:00,1.2.0
CRTX.L,CRISM THERAPEUTICS CORPORATION ,GBp,LSE,EQUITY,Europe/London,CRTX.L,ok,,2026-09-11T20:38:56.083809+00:00,1.2.0
CRU.L,CORAL PRODUCTS PLC ORD 1P,GBp,LSE,EQUITY,Europe/London,CRU.L,ok,,2026-09-11T20:38:56.689704+00:00,1.2.0
CRW.L,CRANEWARE PLC ORD 1P,GBp,LSE,EQUITY,Europe/London,CRW.L,ok,,2026-09-11T20:38:57.280389+00:00,1.2.0
CSC.L,CHESTERFIELD SPECIAL CYLINDERS ,GBp,LSE,EQUITY,Europe/London,CSC.L,ok,,2026-09-11T20:38:57.853743+00:00,1.2.0
CSSG.L,CROMA SECURITY SOLUTIONS GROUP ,GBp,LSE,EQUITY,Europe/London,CSSG.L,ok,,2026-09-11T20:38:58.464977+00:00,1.2.0
CTA.L,CT AUTOMOTIVE GROUP PLC ORD GBP,GBp,LSE,EQUITY,Europe/London,CTA.L,ok,,2026-09-11T20:38:59.053319+00:00,1.2.0
CTAI.L,CATENAI PLC ORD GBP0.0001,GBp,LSE,EQUITY,Europe/London,CTAI.L,ok,,2026-09-11T20:38:59.720924+00:00,1.2.0
CTG.L,CHRISTIE GROUP PLC ORD 2P,GBp,LSE,EQUITY,Europe/London,CTG.L,ok,,2026-09-11T20:39:00.309584+00:00,1.2.0
CYAN.L,CYANCONNODE HOLDINGS PLC ORD 2P,GBp,LSE,EQUITY,Europe/London,CYAN.L,ok,,2026-09-11T20:39:00.921455+00:00,1.2.0
DBOX.L,DIGITALBOX PLC ORD 1P,GBp,LSE,EQUITY,Europe/London,DBOX.L,ok,,2026-09-11T20:39:01.653626+00:00,1.2.0
DCI.L,DCI ADVISORS LTD ORD NPV,GBp,LSE,EQUITY,Europe/London,DCI.L,ok,,2026-09-11T20:39:02.247037+00:00,1.2.0
DEBS.L,BOOHOO GROUP PLC ORD 1P,GBp,LSE,EQUITY,Europe/London,DEBS.L,ok,,2026-09-11T20:39:02.880042+00:00,1.2.0
DEVO.L,"DEVOLVER DIGITAL, INC. COM SHS ",GBp,LSE,EQUITY,Europe/London,DEVO.L,ok,,2026-09-11T20:39:03.492252+00:00,1.2.0
DFCH.L,DISTRIBUTION FINANCE CAPITAL HO,GBp,LSE,EQUITY,Europe/London,DFCH.L,ok,,2026-09-11T20:39:04.078503+00:00,1.2.0
DIS.L,DISTIL PLC ORD 0.01P,GBp,LSE,EQUITY,Europe/London,DIS.L,ok,,2026-09-11T20:39:04.852602+00:00,1.2.0
DISH.L,AMALA FOODS PLC ORD NPV,GBp,LSE,EQUITY,Europe/London,DISH.L,ok,,2026-09-11T20:39:05.496351+00:00,1.2.0
DKL.L,DEKEL AGRI-VISION PLC ORD EUR0.,GBp,LSE,EQUITY,Europe/London,DKL.L,ok,,2026-09-11T20:39:06.101157+00:00,1.2.0
DNM.L,DIANOMI PLC ORD GBP0.002,GBp,LSE,EQUITY,Europe/London,DNM.L,ok,,2026-09-11T20:39:06.704305+00:00,1.2.0
DOTD.L,DOTDIGITAL GROUP PLC ORD 0.5P,GBp,LSE,EQUITY,Europe/London,DOTD.L,ok,,2026-09-11T20:39:07.327951+00:00,1.2.0
DPP.L,DP POLAND PLC ORD 0.5P,GBp,LSE,EQUITY,Europe/London,DPP.L,ok,,2026-09-11T20:39:07.932628+00:00,1.2.0
DSG.L,DILLISTONE GROUP PLC ORD 5P,GBp,LSE,EQUITY,Europe/London,DSG.L,ok,,2026-09-11T20:39:08.526684+00:00,1.2.0
DSW.L,DSW CAPITAL PLC ORD 0.25P,GBp,LSE,EQUITY,Europe/London,DSW.L,ok,,2026-09-11T20:39:09.173583+00:00,1.2.0
DUKE.L,DUKE CAPITAL LIMITED ORDS NPV,GBp,LSE,EQUITY,Europe/London,DUKE.L,ok,,2026-09-11T20:39:09.951048+00:00,1.2.0
DXRX.L,DIACEUTICS PLC ORD GBP0.002,GBp,LSE,EQUITY,Europe/London,DXRX.L,ok,,2026-09-11T20:39:10.636318+00:00,1.2.0
EAAS.L,EENERGY GROUP PLC ORD 0.3P,GBp,LSE,EQUITY,Europe/London,EAAS.L,ok,,2026-09-11T20:39:11.260679+00:00,1.2.0
EAH.L,ECO ANIMAL HEALTH GROUP PLC ORD,GBp,LSE,EQUITY,Europe/London,EAH.L,ok,,2026-09-11T20:39:11.868327+00:00,1.2.0
EARN.L,EARNZ PLC ORD GBP0.04,GBp,LSE,EQUITY,Europe/London,EARN.L,ok,,2026-09-11T20:39:12.517416+00:00,1.2.0
EBQ.L,EBIQUITY PLC ORD 0.01P,GBp,LSE,EQUITY,Europe/London,EBQ.L,ok,,2026-09-11T20:39:13.096127+00:00,1.2.0
ECO.L,ECO (ATLANTIC) OIL & GAS LTD CO,GBp,LSE,EQUITY,Europe/London,ECO.L,ok,,2026-09-11T20:39:13.687208+00:00,1.2.0
ECR.L,ECR MINERALS PLC ORD 0.001P,GBp,LSE,EQUITY,Europe/London,ECR.L,ok,,2026-09-11T20:39:14.316851+00:00,1.2.0
EDEN.L,EDEN RESEARCH PLC ORD 1P,GBp,LSE,EQUITY,Europe/London,EDEN.L,ok,,2026-09-11T20:39:14.929145+00:00,1.2.0
EEE.L,EMPIRE METALS LIMITED ORD NPV (,GBp,LSE,EQUITY,Europe/London,EEE.L,ok,,2026-09-11T20:39:15.547370+00:00,1.2.0
EKF.L,EKF DIAGNOSTICS HOLDINGS PLC OR,GBp,LSE,EQUITY,Europe/London,EKF.L,ok,,2026-09-11T20:39:16.117756+00:00,1.2.0
ELCO.L,ELECO PUBLIC LIMITED COMPANY OR,GBp,LSE,EQUITY,Europe/London,ELCO.L,ok,,2026-09-11T20:39:16.719000+00:00,1.2.0
EMAN.L,EVERYMAN MEDIA GROUP PLC ORD 10,GBp,LSE,EQUITY,Europe/London,EMAN.L,ok,,2026-09-11T20:39:17.306113+00:00,1.2.0
EME.L,EMPYREAN ENERGY PLC ORD 0.01P,GBp,LSE,EQUITY,Europe/London,EME.L,ok,,2026-09-11T20:39:17.888344+00:00,1.2.0
EMG.L,MAN GROUP PLC ORD USD0.03428571,GBp,LSE,EQUITY,Europe/London,EMG.L,ok,,2026-09-11T20:39:18.626975+00:00,1.2.0
EMH.L,EUROPEAN METALS HOLDINGS LIMITE,GBp,LSE,EQUITY,Europe/London,EMH.L,ok,,2026-09-11T20:39:19.254437+00:00,1.2.0
EML.L,EMMERSON PLC ORD NPV,GBp,LSE,EQUITY,Europe/London,EML.L,ok,,2026-09-11T20:39:19.859851+00:00,1.2.0
EMR.L,EMPRESARIA GROUP PLC ORD 5P,GBp,LSE,EQUITY,Europe/London,EMR.L,ok,,2026-09-11T20:39:20.454365+00:00,1.2.0
EMVC.L,EMV CAPITAL PLC ORD 5P,GBp,LSE,EQUITY,Europe/London,EMVC.L,ok,,2026-09-11T20:39:21.038635+00:00,1.2.0
ENET.L,ETHERNITY NETWORKS LTD ORD NPV ,GBp,LSE,EQUITY,Europe/London,ENET.L,ok,,2026-09-11T20:39:21.630185+00:00,1.2.0
ENT.L,ENTAIN PLC ORD EUR0.01,GBp,LSE,EQUITY,Europe/London,ENT.L,ok,,2026-09-11T20:39:22.274091+00:00,1.2.0
ENW.L,ENWELL ENERGY PLC ORD 5P,GBp,LSE,EQUITY,Europe/London,ENW.L,ok,,2026-09-11T20:39:22.857400+00:00,1.2.0
EOG.L,EUROPA OIL & GAS (HOLDINGS) PLC,GBp,LSE,EQUITY,Europe/London,EOG.L,ok,,2026-09-11T20:39:23.446602+00:00,1.2.0
EUA.L,EURASIA MINING PLC ORD 0.1P,GBp,LSE,EQUITY,Europe/London,EUA.L,ok,,2026-09-11T20:39:24.030695+00:00,1.2.0
EVPL.L,EVERPLAY GROUP PLC ORD GBP0.01,GBp,LSE,EQUITY,Europe/London,EVPL.L,ok,,2026-09-11T20:39:24.610359+00:00,1.2.0
EXR.L,ENGAGE XR HOLDINGS PLC ORD EUR0,GBp,LSE,EQUITY,Europe/London,EXR.L,ok,,2026-09-11T20:39:25.184664+00:00,1.2.0
EYE.L,EAGLE EYE SOLUTIONS GROUP PLC O,GBp,LSE,EQUITY,Europe/London,EYE.L,ok,,2026-09-11T20:39:25.741915+00:00,1.2.0
FAB.L,FUSION ANTIBODIES PLC ORD 4P,GBp,LSE,EQUITY,Europe/London,FAB.L,ok,,2026-09-11T20:39:26.346630+00:00,1.2.0
FAR.L,FERRO-ALLOY RESOURCES LIMITED O,GBp,LSE,EQUITY,Europe/London,FAR.L,ok,,2026-09-11T20:39:26.986663+00:00,1.2.0
FARN.L,FARON PHARMACEUTICALS OY ORD NP,GBp,LSE,EQUITY,Europe/London,FARN.L,ok,,2026-09-11T20:39:27.581720+00:00,1.2.0
FDBK.L,FEEDBACK PLC ORD 1P,GBp,LSE,EQUITY,Europe/London,FDBK.L,ok,,2026-09-11T20:39:28.187616+00:00,1.2.0
FDEV.L,FRONTIER DEVELOPMENTS PLC ORD 0,GBp,LSE,EQUITY,Europe/London,FDEV.L,ok,,2026-09-11T20:39:28.762937+00:00,1.2.0
FEVR.L,FEVERTREE DRINKS PLC ORD 0.25P,GBp,LSE,EQUITY,Europe/London,FEVR.L,ok,,2026-09-11T20:39:29.346230+00:00,1.2.0
FIH.L,FIH GROUP PLC ORD 10P,GBp,LSE,EQUITY,Europe/London,FIH.L,ok,,2026-09-11T20:39:29.919200+00:00,1.2.0
FIN.L,FINSETA PLC ORD 1P,GBp,LSE,EQUITY,Europe/London,FIN.L,ok,,2026-09-11T20:39:30.507171+00:00,1.2.0
FIPP.L,FRONTIER IP GROUP PLC ORD 10P,GBp,LSE,EQUITY,Europe/London,FIPP.L,ok,,2026-09-11T20:39:31.183172+00:00,1.2.0
FKE.L,FISKE PLC ORD 25P,GBp,LSE,EQUITY,Europe/London,FKE.L,ok,,2026-09-11T20:39:31.781979+00:00,1.2.0
FLK.L,FLETCHER KING PLC ORD 10P,GBp,LSE,EQUITY,Europe/London,FLK.L,ok,,2026-09-11T20:39:32.389083+00:00,1.2.0
FLO.L,FLOWTECH FLUIDPOWER PLC ORD 5P,GBp,LSE,EQUITY,Europe/London,FLO.L,ok,,2026-09-11T20:39:32.962447+00:00,1.2.0
FNTL.L,FINTEL PLC ORD GBP0.01,GBp,LSE,EQUITY,Europe/London,FNTL.L,ok,,2026-09-11T20:39:33.535544+00:00,1.2.0
FNX.L,FONIX PLC ORD 0.1P,GBp,LSE,EQUITY,Europe/London,FNX.L,ok,,2026-09-11T20:39:34.103095+00:00,1.2.0
FORF.L,FORTIS FRONTIER PLC ORD 1.5P,GBp,LSE,EQUITY,Europe/London,FORF.L,ok,,2026-09-11T20:39:34.712988+00:00,1.2.0
FORG.L,FORGENT PLC ORD EUR0.0001 (CDI),GBp,LSE,EQUITY,Europe/London,FORG.L,ok,,2026-09-11T20:39:35.270029+00:00,1.2.0
FOX.L,FOCUS XPLORE PLC ORD GBP0.0001,GBp,LSE,EQUITY,Europe/London,FOX.L,ok,,2026-09-11T20:39:35.900627+00:00,1.2.0
FPO.L,FIRST PROPERTY GROUP PLC ORD 1P,GBp,LSE,EQUITY,Europe/London,FPO.L,ok,,2026-09-11T20:39:36.495217+00:00,1.2.0
FRAN.L,FRANCHISE BRANDS PLC ORD 0.5P,GBp,LSE,EQUITY,Europe/London,FRAN.L,ok,,2026-09-11T20:39:37.082627+00:00,1.2.0
FRG.L,FIRERING STRATEGIC MINERALS PLC,GBp,LSE,EQUITY,Europe/London,FRG.L,ok,,2026-09-11T20:39:37.669516+00:00,1.2.0
FRP.L,FRP ADVISORY GROUP PLC ORD 0.1P,GBp,LSE,EQUITY,Europe/London,FRP.L,ok,,2026-09-11T20:39:38.273564+00:00,1.2.0
FSG.L,FORESIGHT GROUP HOLDINGS LIMITE,GBp,LSE,EQUITY,Europe/London,FSG.L,ok,,2026-09-11T20:39:38.861981+00:00,1.2.0
FTC.L,FILTRONIC PLC ORD 0.1P,GBp,LSE,EQUITY,Europe/London,FTC.L,ok,,2026-09-11T20:39:39.429557+00:00,1.2.0
FUM.L,FUTURA MEDICAL PLC ORD 0.2P,GBp,LSE,EQUITY,Europe/London,FUM.L,ok,,2026-09-11T20:39:40.102679+00:00,1.2.0
G4M.L,GEAR4MUSIC (HOLDINGS) PLC ORD 1,GBp,LSE,EQUITY,Europe/London,G4M.L,ok,,2026-09-11T20:39:40.681382+00:00,1.2.0
GAL.L,GALANTAS GOLD CORPORATION COM S,GBp,LSE,EQUITY,Europe/London,GAL.L,ok,,2026-09-11T20:39:41.259310+00:00,1.2.0
GATC.L,GATTACA PLC ORD 1P,GBp,LSE,EQUITY,Europe/London,GATC.L,ok,,2026-09-11T20:39:41.855405+00:00,1.2.0
GCG.L,GOLDEN ROCK GLOBAL PLC ORD 1P,GBp,LSE,EQUITY,Europe/London,GCG.L,ok,,2026-09-11T20:39:42.436263+00:00,1.2.0
GCM.L,GCM RESOURCES PLC ORD 1P,GBp,LSE,EQUITY,Europe/London,GCM.L,ok,,2026-09-11T20:39:43.026419+00:00,1.2.0
GDP.L,GOLDPLAT PLC ORD 1P,GBp,LSE,EQUITY,Europe/London,GDP.L,ok,,2026-09-11T20:39:43.602234+00:00,1.2.0
GDR.L,GENEDRIVE PLC ORD 0.015P,GBp,LSE,EQUITY,Europe/London,GDR.L,ok,,2026-09-11T20:39:44.170928+00:00,1.2.0
GELN.L,GELION PLC ORD 0.1P,GBp,LSE,EQUITY,Europe/London,GELN.L,ok,,2026-09-11T20:39:44.821508+00:00,1.2.0
GEM.L,GEMFIELDS GROUP LIMITED ORD USD,GBp,LSE,EQUITY,Europe/London,GEM.L,ok,,2026-09-11T20:39:45.451338+00:00,1.2.0
GENI.L,GENINCODE PLC ORD 1P,GBp,LSE,EQUITY,Europe/London,GENI.L,ok,,2026-09-11T20:39:46.053250+00:00,1.2.0
GENL.L,GENEL ENERGY PLC ORD 10P,GBp,LSE,EQUITY,Europe/London,GENL.L,ok,,2026-09-11T20:39:46.654600+00:00,1.2.0
GEO.L,GEO EXPLORATION LIMITED ORD NPV,GBp,LSE,EQUITY,Europe/London,GEO.L,ok,,2026-09-11T20:39:47.272335+00:00,1.2.0
GETB.L,GETBUSY PLC ORD 0.15P,GBp,LSE,EQUITY,Europe/London,GETB.L,ok,,2026-09-11T20:39:47.861700+00:00,1.2.0
GFIN.L,GFINITY PLC ORD 0.01P,GBp,LSE,EQUITY,Europe/London,GFIN.L,ok,,2026-09-11T20:39:48.501196+00:00,1.2.0
GFM.L,GRIFFIN MINING LIMITED ORD $0.0,GBp,LSE,EQUITY,Europe/London,GFM.L,ok,,2026-09-11T20:39:49.067753+00:00,1.2.0
GGP.L,GREATLAND RESOURCES LIMITED ORD,GBp,LSE,EQUITY,Europe/London,GGP.L,ok,,2026-09-11T20:39:49.640367+00:00,1.2.0
GHH.L,GOOCH & HOUSEGO PLC ORD 20P,GBp,LSE,EQUITY,Europe/London,GHH.L,ok,,2026-09-11T20:39:50.213120+00:00,1.2.0
GKP.L,GULF KEYSTONE PETROLEUM LTD COM,GBp,LSE,EQUITY,Europe/London,GKP.L,ok,,2026-09-11T20:39:50.810180+00:00,1.2.0
GLEN.L,GLENCORE PLC ORD USD0.01,GBp,LSE,EQUITY,Europe/London,GLEN.L,ok,,2026-09-11T20:39:51.397698+00:00,1.2.0
GLR.L,GALILEO RESOURCES PLC ORD 0.1P,GBp,LSE,EQUITY,Europe/London,GLR.L,ok,,2026-09-11T20:39:51.985612+00:00,1.2.0
GMR.L,GAMING REALMS PLC ORD GBP0.001,GBp,LSE,EQUITY,Europe/London,GMR.L,ok,,2026-09-11T20:39:52.554627+00:00,1.2.0
GRL.L,GOLDSTONE RESOURCES LIMITED ORD,GBp,LSE,EQUITY,Europe/London,GRL.L,ok,,2026-09-11T20:39:53.209384+00:00,1.2.0
GROC.L,GREENROC STRATEGIC MATERIALS PL,GBp,LSE,EQUITY,Europe/London,GROC.L,ok,,2026-09-11T20:39:53.785622+00:00,1.2.0
GTC.L,GETECH GROUP PLC ORD 0.25P,GBp,LSE,EQUITY,Europe/London,GTC.L,ok,,2026-09-11T20:39:54.358388+00:00,1.2.0
GTLY.L,GATELEY (HOLDINGS) PLC ORD 10P,GBp,LSE,EQUITY,Europe/London,GTLY.L,ok,,2026-09-11T20:39:54.950154+00:00,1.2.0
GUN.L,GUNSYND PLC ORD 0.085P,GBp,LSE,EQUITY,Europe/London,GUN.L,ok,,2026-09-11T20:39:55.519328+00:00,1.2.0
GWMO.L,GREAT WESTERN MINING CORPORATIO,GBp,LSE,EQUITY,Europe/London,GWMO.L,ok,,2026-09-11T20:39:56.080645+00:00,1.2.0
HAYD.L,HAYDALE PLC ORD 0.01P,GBp,LSE,EQUITY,Europe/London,HAYD.L,ok,,2026-09-11T20:39:56.675065+00:00,1.2.0
HCM.L,HUTCHMED (CHINA) LIMITED ORD US,GBp,LSE,EQUITY,Europe/London,HCM.L,ok,,2026-09-11T20:39:57.255069+00:00,1.2.0
HDD.L,HARDIDE PLC ORD 4P,GBp,LSE,EQUITY,Europe/London,HDD.L,ok,,2026-09-11T20:39:57.816785+00:00,1.2.0
HE1.L,HELIUM ONE GLOBAL LTD ORD NPV (,GBp,LSE,EQUITY,Europe/London,HE1.L,ok,,2026-09-11T20:39:58.450802+00:00,1.2.0
HMI.L,HARVEST MINERALS LIMITED ORD NP,GBp,LSE,EQUITY,Europe/London,HMI.L,ok,,2026-09-11T20:39:59.030361+00:00,1.2.0
HPOW.L,H-POWER PLC ORD 0.1P,GBp,LSE,EQUITY,Europe/London,HPOW.L,ok,,2026-09-11T20:39:59.618286+00:00,1.2.0
HSD.L,HANSARD GLOBAL PLC ORD 50P,GBp,LSE,EQUITY,Europe/London,HSD.L,ok,,2026-09-11T20:40:00.184878+00:00,1.2.0
HSM.L,HEATH (SAMUEL) & SONS PLC ORD 1,GBp,LSE,EQUITY,Europe/London,HSM.L,ok,,2026-09-11T20:40:00.771410+00:00,1.2.0
HSP.L,HARGREAVES SERVICES PLC ORD 10P,GBp,LSE,EQUITY,Europe/London,HSP.L,ok,,2026-09-11T20:40:01.453706+00:00,1.2.0
HSX.L,HISCOX LTD ORD 6.5P (DI),GBp,LSE,EQUITY,Europe/London,HSX.L,ok,,2026-09-11T20:40:02.114059+00:00,1.2.0
HUD.L,HUDDLED GROUP PLC ORD GBP0.0004,GBp,LSE,EQUITY,Europe/London,HUD.L,ok,,2026-09-11T20:40:02.700330+00:00,1.2.0
HUW.L,HELIOS UNDERWRITING PLC ORD 10P,GBp,LSE,EQUITY,Europe/London,HUW.L,ok,,2026-09-11T20:40:03.280275+00:00,1.2.0
HVO.L,HVIVO PLC ORD 0.1P,GBp,LSE,EQUITY,Europe/London,HVO.L,ok,,2026-09-11T20:40:03.863269+00:00,1.2.0
HVTA.L,HEAVITREE BREWERY PLC 'A'LIM VT,GBp,LSE,EQUITY,Europe/London,HVTA.L,ok,,2026-09-11T20:40:04.447835+00:00,1.2.0
IBAI.L,IMAGING BIOMETRICS LIMITED ORD ,GBp,LSE,EQUITY,Europe/London,IBAI.L,ok,,2026-09-11T20:40:05.042994+00:00,1.2.0
IES.L,INVINITY ENERGY SYSTEMS PLC ORD,GBp,LSE,EQUITY,Europe/London,IES.L,ok,,2026-09-11T20:40:05.632514+00:00,1.2.0
IGE.L,IMAGE SCAN HOLDINGS PLC ORD 1P,GBp,LSE,EQUITY,Europe/London,IGE.L,ok,,2026-09-11T20:40:06.219880+00:00,1.2.0
IGP.L,INTERCEDE GROUP PLC ORD 1P,GBp,LSE,EQUITY,Europe/London,IGP.L,ok,,2026-09-11T20:40:06.840049+00:00,1.2.0
IGR.L,IG DESIGN GROUP PLC ORD 5P,GBp,LSE,EQUITY,Europe/London,IGR.L,ok,,2026-09-11T20:40:07.424772+00:00,1.2.0
IHC.L,INSPIRATION HEALTHCARE GROUP PL,GBp,LSE,EQUITY,Europe/London,IHC.L,ok,,2026-09-11T20:40:08.047967+00:00,1.2.0
IKA.L,ILIKA PLC ORD 1P,GBp,LSE,EQUITY,Europe/London,IKA.L,ok,,2026-09-11T20:40:08.619834+00:00,1.2.0
IMM.L,IMMUPHARMA PLC ORD 1P,GBp,LSE,EQUITY,Europe/London,IMM.L,ok,,2026-09-11T20:40:09.195240+00:00,1.2.0
ING.L,INGENTA PLC ORD 10P,GBp,LSE,EQUITY,Europe/London,ING.L,ok,,2026-09-11T20:40:09.758840+00:00,1.2.0
INSG.L,INSIG AI PLC ORD 1P,GBp,LSE,EQUITY,Europe/London,INSG.L,ok,,2026-09-11T20:40:10.365070+00:00,1.2.0
IOF.L,IOFINA PLC ORD 1P,GBp,LSE,EQUITY,Europe/London,IOF.L,ok,,2026-09-11T20:40:10.942564+00:00,1.2.0
IOM.L,IOMART GROUP PLC ORD 1P,GBp,LSE,EQUITY,Europe/London,IOM.L,ok,,2026-09-11T20:40:11.676412+00:00,1.2.0
IPX.L,IMPAX ASSET MANAGEMENT GROUP PL,GBp,LSE,EQUITY,Europe/London,IPX.L,ok,,2026-09-11T20:40:12.314897+00:00,1.2.0
IQE.L,IQE PLC ORD 1P,GBp,LSE,EQUITY,Europe/London,IQE.L,ok,,2026-09-11T20:40:12.903007+00:00,1.2.0
IRON.L,IRONVELD PLC ORD 0.01P,GBp,LSE,EQUITY,Europe/London,IRON.L,ok,,2026-09-11T20:40:13.487695+00:00,1.2.0
ITIM.L,ITIM GROUP PLC ORD GBP0.05,GBp,LSE,EQUITY,Europe/London,ITIM.L,ok,,2026-09-11T20:40:14.062898+00:00,1.2.0
ITM.L,ITM POWER PLC ORD 5P,GBp,LSE,EQUITY,Europe/London,ITM.L,ok,,2026-09-11T20:40:14.711062+00:00,1.2.0
ITX.L,ITACONIX PLC ORD 50P,GBp,LSE,EQUITY,Europe/London,ITX.L,ok,,2026-09-11T20:40:15.297212+00:00,1.2.0
IWG.L,INTERNATIONAL WORKPLACE GROUP P,GBp,LSE,EQUITY,Europe/London,IWG.L,ok,,2026-09-11T20:40:15.877830+00:00,1.2.0
IXI.L,IXICO PLC ORD 1P,GBp,LSE,EQUITY,Europe/London,IXI.L,ok,,2026-09-11T20:40:16.449796+00:00,1.2.0
JAN.L,JANGADA MINES PLC ORD GBP0.0004,GBp,LSE,EQUITY,Europe/London,JAN.L,ok,,2026-09-11T20:40:17.022328+00:00,1.2.0
JDG.L,JUDGES SCIENTIFIC PLC ORD 5P,GBp,LSE,EQUITY,Europe/London,JDG.L,ok,,2026-09-11T20:40:17.586228+00:00,1.2.0
JEL.L,JERSEY ELECTRICITY PLC 'A'ORD 5,GBp,LSE,EQUITY,Europe/London,JEL.L,ok,,2026-09-11T20:40:18.169637+00:00,1.2.0
JET2.L,JET2 PLC ORD 1.25P,GBp,LSE,EQUITY,Europe/London,JET2.L,ok,,2026-09-11T20:40:18.746630+00:00,1.2.0
JHD.L,JAMES HALSTEAD PLC ORD 5P,GBp,LSE,EQUITY,Europe/London,JHD.L,ok,,2026-09-11T20:40:19.412183+00:00,1.2.0
JIM.L,JARVIS SECURITIES PLC ORD 0.25P,GBp,LSE,EQUITY,Europe/London,JIM.L,ok,,2026-09-11T20:40:19.992918+00:00,1.2.0
JLP.L,JUBILEE METALS GROUP PLC ORD 1P,GBp,LSE,EQUITY,Europe/London,JLP.L,ok,,2026-09-11T20:40:20.570614+00:00,1.2.0
JNEO.L,JOURNEO PLC ORD 6.5P,GBp,LSE,EQUITY,Europe/London,JNEO.L,ok,,2026-09-11T20:40:21.170690+00:00,1.2.0
JOG.L,JERSEY OIL AND GAS PLC ORD 1P,GBp,LSE,EQUITY,Europe/London,JOG.L,ok,,2026-09-11T20:40:21.763100+00:00,1.2.0
JSE.L,JADESTONE ENERGY PLC ORD GBP0.0,GBp,LSE,EQUITY,Europe/London,JSE.L,ok,,2026-09-11T20:40:22.364737+00:00,1.2.0
KDNC.L,CADENCE MINERALS PLC ORD 1P,GBp,LSE,EQUITY,Europe/London,KDNC.L,ok,,2026-09-11T20:40:22.975077+00:00,1.2.0
KEFI.L,KEFI GOLD AND COPPER PLC ORD 0.,GBp,LSE,EQUITY,Europe/London,KEFI.L,ok,,2026-09-11T20:40:23.627890+00:00,1.2.0
KETL.L,STRIX GROUP PLC ORD 1P,GBp,LSE,EQUITY,Europe/London,KETL.L,ok,,2026-09-11T20:40:24.283178+00:00,1.2.0
KEYS.L,KEYSTONE LAW GROUP PLC ORD 0.2P,GBp,LSE,EQUITY,Europe/London,KEYS.L,ok,,2026-09-11T20:40:24.869557+00:00,1.2.0
KGH.L,KNIGHTS GROUP HOLDINGS PLC ORD ,GBp,LSE,EQUITY,Europe/London,KGH.L,ok,,2026-09-11T20:40:25.573722+00:00,1.2.0
KIST.L,KISTOS HOLDINGS PLC ORD GBP0.10,GBp,LSE,EQUITY,Europe/London,KIST.L,ok,,2026-09-11T20:40:26.257057+00:00,1.2.0
KMK.L,KROMEK GROUP PLC ORD 1P,GBp,LSE,EQUITY,Europe/London,KMK.L,ok,,2026-09-11T20:40:26.950784+00:00,1.2.0
KOD.L,KODAL MINERALS PLC ORD 0.03125P,GBp,LSE,EQUITY,Europe/London,KOD.L,ok,,2026-09-11T20:40:27.544282+00:00,1.2.0
KOO.L,KOOTH PLC ORD 5P,GBp,LSE,EQUITY,Europe/London,KOO.L,ok,,2026-09-11T20:40:28.173697+00:00,1.2.0
KP2.L,KORE POTASH PLC ORD USD0.001,GBp,LSE,EQUITY,Europe/London,KP2.L,ok,,2026-09-11T20:40:28.879350+00:00,1.2.0
KRM.L,KRM22 PLC ORD 10P,GBp,LSE,EQUITY,Europe/London,KRM.L,ok,,2026-09-11T20:40:29.506594+00:00,1.2.0
KRPZ.L,KROPZ PLC ORD 0.1P,GBp,LSE,EQUITY,Europe/London,KRPZ.L,ok,,2026-09-11T20:40:30.116853+00:00,1.2.0
KRS.L,KERAS RESOURCES PLC ORD 1P,GBp,LSE,EQUITY,Europe/London,KRS.L,ok,,2026-09-11T20:40:30.747840+00:00,1.2.0
KZG.L,KAZERA GLOBAL PLC ORD 0.1P,GBp,LSE,EQUITY,Europe/London,KZG.L,ok,,2026-09-11T20:40:31.487403+00:00,1.2.0
LBG.L,LBG MEDIA PLC ORD GBP0.001,GBp,LSE,EQUITY,Europe/London,LBG.L,ok,,2026-09-11T20:40:32.181839+00:00,1.2.0
LDG.L,LOGISTICS DEVELOPMENT GROUP PLC,GBp,LSE,EQUITY,Europe/London,LDG.L,ok,,2026-09-11T20:40:32.756630+00:00,1.2.0
LEND.L,SANCUS LENDING GROUP LIMITED OR,GBp,LSE,EQUITY,Europe/London,LEND.L,ok,,2026-09-11T20:40:33.424234+00:00,1.2.0
LEX.L,LEXINGTON GOLD LTD COM SHS USD0,GBp,LSE,EQUITY,Europe/London,LEX.L,ok,,2026-09-11T20:40:34.131876+00:00,1.2.0
LIKE.L,LIKEWISE GROUP PLC ORD GBP0.01,GBp,LSE,EQUITY,Europe/London,LIKE.L,ok,,2026-09-11T20:40:34.776322+00:00,1.2.0
LINV.L,LENDINVEST PLC ORD 0.05P,GBp,LSE,EQUITY,Europe/London,LINV.L,ok,,2026-09-11T20:40:35.408562+00:00,1.2.0
LIT.L,LITIGATION CAPITAL MANAGEMENT L,GBp,LSE,EQUITY,Europe/London,LIT.L,ok,,2026-09-11T20:40:36.233634+00:00,1.2.0
LIV.L,LIVERMORE INVESTMENTS GROUP LIM,GBp,LSE,EQUITY,Europe/London,LIV.L,ok,,2026-09-11T20:40:37.421558+00:00,1.2.0
LND.L,LANDORE RESOURCES LIMITED ORD N,GBp,LSE,EQUITY,Europe/London,LND.L,ok,,2026-09-11T20:40:37.986268+00:00,1.2.0
LORD.L,LORDS GROUP TRADING PLC ORD 0.5,GBp,LSE,EQUITY,Europe/London,LORD.L,ok,,2026-09-11T20:40:38.687271+00:00,1.2.0
LPA.L,LPA GROUP PLC ORD 10P,GBp,LSE,EQUITY,Europe/London,LPA.L,ok,,2026-09-11T20:40:39.380909+00:00,1.2.0
LRE.L,LANCASHIRE HOLDINGS LIMITED COM,GBp,LSE,EQUITY,Europe/London,LRE.L,ok,,2026-09-11T20:40:40.138652+00:00,1.2.0
LSC.L,LONDON SECURITY PLC ORD 1P,GBp,LSE,EQUITY,Europe/London,LSC.L,ok,,2026-09-11T20:40:40.930624+00:00,1.2.0
LST.L,LIGHT SCIENCE TECHNOLOGIES HOLD,GBp,LSE,EQUITY,Europe/London,LST.L,ok,,2026-09-11T20:40:41.591136+00:00,1.2.0
LTHM.L,LATHAM (JAMES) PLC ORD 25P,GBp,LSE,EQUITY,Europe/London,LTHM.L,ok,,2026-09-11T20:40:42.268410+00:00,1.2.0
MAC.L,MARECHALE CAPITAL PLC ORD 0.8P,GBp,LSE,EQUITY,Europe/London,MAC.L,ok,,2026-09-11T20:40:43.026088+00:00,1.2.0
MAFL.L,MINERAL & FINANCIAL INVESTMENTS,GBp,LSE,EQUITY,Europe/London,MAFL.L,ok,,2026-09-11T20:40:43.643568+00:00,1.2.0
MAI.L,MAINTEL HOLDINGS PLC ORD 1P,GBp,LSE,EQUITY,Europe/London,MAI.L,ok,,2026-09-11T20:40:44.411492+00:00,1.2.0
MANO.L,MANOLETE PARTNERS PLC ORD 0.4P,GBp,LSE,EQUITY,Europe/London,MANO.L,ok,,2026-09-11T20:40:45.119824+00:00,1.2.0
MATD.L,PETRO MATAD LIMITED ORD USD0.01,GBp,LSE,EQUITY,Europe/London,MATD.L,ok,,2026-09-11T20:40:45.836996+00:00,1.2.0
MBH.L,MICHELMERSH BRICK HOLDINGS PLC ,GBp,LSE,EQUITY,Europe/London,MBH.L,ok,,2026-09-11T20:40:46.557478+00:00,1.2.0
MBO.L,MOBILITYONE LIMITED ORD 2.5P,GBp,LSE,EQUITY,Europe/London,MBO.L,ok,,2026-09-11T20:40:47.237541+00:00,1.2.0
MCON.L,MINCON GROUP PLC ORD EUR0.01 (C,GBp,LSE,EQUITY,Europe/London,MCON.L,ok,,2026-09-11T20:40:47.867143+00:00,1.2.0
MERC.L,MERCIA ASSET MANAGEMENT PLC ORD,GBp,LSE,EQUITY,Europe/London,MERC.L,ok,,2026-09-11T20:40:48.555268+00:00,1.2.0
MET.L,METIR PLC ORD GBP0.00001,GBp,LSE,EQUITY,Europe/London,MET.L,ok,,2026-09-11T20:40:49.313316+00:00,1.2.0
MEX.L,TORTILLA MEXICAN GRILL PLC ORD ,GBp,LSE,EQUITY,Europe/London,MEX.L,ok,,2026-09-11T20:40:49.937605+00:00,1.2.0
MFAI.L,MINDFLAIR PLC ORD 0.25P,GBp,LSE,EQUITY,Europe/London,MFAI.L,ok,,2026-09-11T20:40:50.567882+00:00,1.2.0
MFX.L,MANX FINANCIAL GROUP PLC ORD NP,GBp,LSE,EQUITY,Europe/London,MFX.L,ok,,2026-09-11T20:40:51.231988+00:00,1.2.0
MIDW.L,MIDWICH GROUP PLC ORD GBP0.01,GBp,LSE,EQUITY,Europe/London,MIDW.L,ok,,2026-09-11T20:40:51.965045+00:00,1.2.0
MIND.L,MIND GYM PLC ORD 0.001P,GBp,LSE,EQUITY,Europe/London,MIND.L,ok,,2026-09-11T20:40:52.576942+00:00,1.2.0
MIRI.L,MIRRIAD ADVERTISING PLC ORD GBP,GBp,LSE,EQUITY,Europe/London,MIRI.L,ok,,2026-09-11T20:40:53.315168+00:00,1.2.0
MKA.L,MKANGO RESOURCES LTD CMN SHS NP,GBp,LSE,EQUITY,Europe/London,MKA.L,ok,,2026-09-11T20:40:54.065653+00:00,1.2.0
MLVN.L,MALVERN INTERNATIONAL PLC ORD G,GBp,LSE,EQUITY,Europe/London,MLVN.L,ok,,2026-09-11T20:40:54.778635+00:00,1.2.0
MPAC.L,MPAC GROUP PLC ORD 25P,GBp,LSE,EQUITY,Europe/London,MPAC.L,ok,,2026-09-11T20:40:55.371890+00:00,1.2.0
MPE.L,M.P. EVANS GROUP PLC ORD 10P,GBp,LSE,EQUITY,Europe/London,MPE.L,ok,,2026-09-11T20:40:56.015723+00:00,1.2.0
MPL.L,MERCANTILE PORTS & LOGISTICS LI,GBp,LSE,EQUITY,Europe/London,MPL.L,ok,,2026-09-11T20:40:56.739713+00:00,1.2.0
MRK.L,MARKS ELECTRICAL GROUP PLC ORD ,GBp,LSE,EQUITY,Europe/London,MRK.L,ok,,2026-09-11T20:40:57.403762+00:00,1.2.0
MSI.L,MS INTERNATIONAL PLC ORD 10P,GBp,LSE,EQUITY,Europe/London,MSI.L,ok,,2026-09-11T20:40:58.037267+00:00,1.2.0
MTC.L,MOTHERCARE PLC ORD 1P,GBp,LSE,EQUITY,Europe/London,MTC.L,ok,,2026-09-11T20:40:58.786383+00:00,1.2.0
MTEC.L,MADE TECH GROUP PLC ORD GBP0.00,GBp,LSE,EQUITY,Europe/London,MTEC.L,ok,,2026-09-11T20:40:59.430496+00:00,1.2.0
MTL.L,METALS EXPLORATION PLC ORD GBP0,GBp,LSE,EQUITY,Europe/London,MTL.L,ok,,2026-09-11T20:41:00.067719+00:00,1.2.0
MUL.L,MULBERRY GROUP PLC ORD 5P,GBp,LSE,EQUITY,Europe/London,MUL.L,ok,,2026-09-11T20:41:00.660186+00:00,1.2.0
MWE.L,MTI WIRELESS EDGE LTD. ORD ILS0,GBp,LSE,EQUITY,Europe/London,MWE.L,ok,,2026-09-11T20:41:01.373653+00:00,1.2.0
MYX.L,MYCELX TECHNOLOGIES CORPORATION,GBp,LSE,EQUITY,Europe/London,MYX.L,ok,,2026-09-11T20:41:02.131975+00:00,1.2.0
NAH.L,NAHL GROUP PLC ORD GBP0.0025,GBp,LSE,EQUITY,Europe/London,NAH.L,ok,,2026-09-11T20:41:02.843656+00:00,1.2.0
NAR.L,NORTHAMBER PLC ORD 1P,GBp,LSE,EQUITY,Europe/London,NAR.L,ok,,2026-09-11T20:41:03.508180+00:00,1.2.0
NBB.L,NORMAN BROADBENT PLC ORD 5P,GBp,LSE,EQUITY,Europe/London,NBB.L,ok,,2026-09-11T20:41:04.118558+00:00,1.2.0
NCYT.L,NOVACYT S.A. EUR1/15TH (CDI),GBp,LSE,EQUITY,Europe/London,NCYT.L,ok,,2026-09-11T20:41:04.782361+00:00,1.2.0
NET.L,NETCALL PLC ORD 5P,GBp,LSE,EQUITY,Europe/London,NET.L,ok,,2026-09-11T20:41:05.565056+00:00,1.2.0
NEXS.L,NEXUS INFRASTRUCTURE PLC ORD GB,GBp,LSE,EQUITY,Europe/London,NEXS.L,ok,,2026-09-11T20:41:06.281534+00:00,1.2.0
NFG.L,NEXT 15 GROUP PLC ORD 2.5P,GBp,LSE,EQUITY,Europe/London,NFG.L,ok,,2026-09-11T20:41:07.027228+00:00,1.2.0
NICL.L,NICHOLS PLC ORD 10P,GBp,LSE,EQUITY,Europe/London,NICL.L,ok,,2026-09-11T20:41:07.671918+00:00,1.2.0
NIOX.L,NIOX GROUP PLC ORD 0.08P,GBp,LSE,EQUITY,Europe/London,NIOX.L,ok,,2026-09-11T20:41:08.352603+00:00,1.2.0
NTBR.L,NORTHERN BEAR PLC ORD 1P,GBp,LSE,EQUITY,Europe/London,NTBR.L,ok,,2026-09-11T20:41:09.042012+00:00,1.2.0
NTVO.L,NATIVO RESOURCES PLC ORD 0.15P,GBp,LSE,EQUITY,Europe/London,NTVO.L,ok,,2026-09-11T20:41:10.102201+00:00,1.2.0
NWF.L,NWF GROUP PLC ORD 25P,GBp,LSE,EQUITY,Europe/London,NWF.L,ok,,2026-09-11T20:41:10.821259+00:00,1.2.0
NWT.L,NEWMARK SECURITY PLC ORD GBP0.0,GBp,LSE,EQUITY,Europe/London,NWT.L,ok,,2026-09-11T20:41:11.722919+00:00,1.2.0
NXQ.L,NEXTEQ PLC ORD 0.1P,GBp,LSE,EQUITY,Europe/London,NXQ.L,ok,,2026-09-11T20:41:12.936822+00:00,1.2.0
OBD.L,OXFORD BIODYNAMICS PLC ORD GBP0,GBp,LSE,EQUITY,Europe/London,OBD.L,ok,,2026-09-11T20:41:13.649039+00:00,1.2.0
OBI.L,ONDINE BIOMEDICAL INC. COM SHS ,GBp,LSE,EQUITY,Europe/London,OBI.L,ok,,2026-09-11T20:41:14.525103+00:00,1.2.0
OMG.L,OXFORD METRICS PLC ORD 0.25P,GBp,LSE,EQUITY,Europe/London,OMG.L,ok,,2026-09-11T20:41:15.136619+00:00,1.2.0
OMI.L,OROSUR MINING INC COM SHS NPV,GBp,LSE,EQUITY,Europe/London,OMI.L,ok,,2026-09-11T20:41:15.829493+00:00,1.2.0
OMIP.L,ONE MEDIA IP GROUP PLC ORD 0.5P,GBp,LSE,EQUITY,Europe/London,OMIP.L,ok,,2026-09-11T20:41:16.584835+00:00,1.2.0
OPTI.L,OPTIBIOTIX HEALTH PLC ORD 2P,GBp,LSE,EQUITY,Europe/London,OPTI.L,ok,,2026-09-11T20:41:17.296150+00:00,1.2.0
ORCA.L,ORCADIAN ENERGY PLC ORD GBP0.00,GBp,LSE,EQUITY,Europe/London,ORCA.L,ok,,2026-09-11T20:41:18.489450+00:00,1.2.0
ORCH.L,ORCHARD FUNDING GROUP PLC ORD 1,GBp,LSE,EQUITY,Europe/London,ORCH.L,ok,,2026-09-11T20:41:19.227650+00:00,1.2.0
ORCP.L,ORACLE POWER PLC ORD 0.001P,GBp,LSE,EQUITY,Europe/London,ORCP.L,ok,,2026-09-11T20:41:19.913393+00:00,1.2.0
ORR.L,ORIOLE RESOURCES PLC ORD 0.1P,GBp,LSE,EQUITY,Europe/London,ORR.L,ok,,2026-09-11T20:41:20.523241+00:00,1.2.0
PACS.L,PACSCO LIMITED ORD 10P,GBp,LSE,EQUITY,Europe/London,PACS.L,ok,,2026-09-11T20:41:21.307243+00:00,1.2.0
PALM.L,PANTHER METALS PLC ORD NPV,GBp,LSE,EQUITY,Europe/London,PALM.L,ok,,2026-09-11T20:41:21.994286+00:00,1.2.0
PAM.L,POTTER & MOORE PLC ORD 1P,GBp,LSE,EQUITY,Europe/London,PAM.L,ok,,2026-09-11T20:41:22.783182+00:00,1.2.0
PANR.L,PANTHEON RESOURCES PLC ORD 1P,GBp,LSE,EQUITY,Europe/London,PANR.L,ok,,2026-09-11T20:41:23.471632+00:00,1.2.0
PAT.L,PANTHERA RESOURCES PLC ORD 1P,GBp,LSE,EQUITY,Europe/London,PAT.L,ok,,2026-09-11T20:41:24.131041+00:00,1.2.0
PCH.L,PACIFIC GLOBAL HOLDINGS PLC ORD,GBp,LSE,EQUITY,Europe/London,PCH.L,ok,,2026-09-11T20:41:24.782521+00:00,1.2.0
PCIP.L,PCI-PAL PLC ORD 1P,GBp,LSE,EQUITY,Europe/London,PCIP.L,ok,,2026-09-11T20:41:25.505950+00:00,1.2.0
PDL.L,PETRA DIAMONDS LIMITED ORD GBP0,GBp,LSE,EQUITY,Europe/London,PDL.L,ok,,2026-09-11T20:41:26.301173+00:00,1.2.0
PEB.L,PEBBLE BEACH SYSTEMS GROUP PLC ,GBp,LSE,EQUITY,Europe/London,PEB.L,ok,,2026-09-11T20:41:26.890506+00:00,1.2.0
PEBB.L,THE PEBBLE GROUP PLC ORD 1P,GBp,LSE,EQUITY,Europe/London,PEBB.L,ok,,2026-09-11T20:41:27.739525+00:00,1.2.0
PEEL.L,PEEL HUNT LIMITED ORD NPV,GBp,LSE,EQUITY,Europe/London,PEEL.L,ok,,2026-09-11T20:41:28.331549+00:00,1.2.0
PEG.L,PETARDS GROUP PLC ORD 1P,GBp,LSE,EQUITY,Europe/London,PEG.L,ok,,2026-09-11T20:41:28.915808+00:00,1.2.0
PEN.L,PENNANT INTERNATIONAL GROUP PLC,GBp,LSE,EQUITY,Europe/London,PEN.L,ok,,2026-09-11T20:41:29.492631+00:00,1.2.0
PET.L,PETREL RESOURCES PLC ORD EUR0.0,GBp,LSE,EQUITY,Europe/London,PET.L,ok,,2026-09-11T20:41:30.069268+00:00,1.2.0
PGH.L,PERSONAL GROUP HOLDINGS PLC ORD,GBp,LSE,EQUITY,Europe/London,PGH.L,ok,,2026-09-11T20:41:31.143763+00:00,1.2.0
PHE.L,POWERHOUSE ENERGY GROUP PLC ORD,GBp,LSE,EQUITY,Europe/London,PHE.L,ok,,2026-09-11T20:41:31.781598+00:00,1.2.0
PMG.L,PARKMEAD GROUP (THE) PLC ORD 1.,GBp,LSE,EQUITY,Europe/London,PMG.L,ok,,2026-09-11T20:41:32.362475+00:00,1.2.0
PMI.L,PREMIER MITON GROUP PLC ORD 0.0,GBp,LSE,EQUITY,Europe/London,PMI.L,ok,,2026-09-11T20:41:32.961918+00:00,1.2.0
PMP.L,PORTMEIRION GROUP PLC ORD 5P,GBp,LSE,EQUITY,Europe/London,PMP.L,ok,,2026-09-11T20:41:33.570704+00:00,1.2.0
PNS.L,PANTHER SECURITIES PLC ORD 25P,GBp,LSE,EQUITY,Europe/London,PNS.L,ok,,2026-09-11T20:41:34.149083+00:00,1.2.0
POLB.L,POOLBEG PHARMA PLC ORD 0.02P,GBp,LSE,EQUITY,Europe/London,POLB.L,ok,,2026-09-11T20:41:34.720226+00:00,1.2.0
POLR.L,POLAR CAPITAL HOLDINGS PLC ORD ,GBp,LSE,EQUITY,Europe/London,POLR.L,ok,,2026-09-11T20:41:35.457739+00:00,1.2.0
POS.L,PLEXUS HOLDINGS PLC ORD 1P,GBp,LSE,EQUITY,Europe/London,POS.L,ok,,2026-09-11T20:41:36.065064+00:00,1.2.0
POW.L,POWER METAL RESOURCES PLC ORD 2,GBp,LSE,EQUITY,Europe/London,POW.L,ok,,2026-09-11T20:41:36.640398+00:00,1.2.0
PPH.L,PPHE HOTEL GROUP LIMITED ORD NP,GBp,LSE,EQUITY,Europe/London,PPH.L,ok,,2026-09-11T20:41:37.223530+00:00,1.2.0
PPHC.L,"PUBLIC POLICY HOLDING COMPANY, ",GBp,LSE,EQUITY,Europe/London,PPHC.L,ok,,2026-09-11T20:41:37.789224+00:00,1.2.0
PRD.L,PREDATOR OIL & GAS HOLDINGS PLC,GBp,LSE,EQUITY,Europe/London,PRD.L,ok,,2026-09-11T20:41:38.384748+00:00,1.2.0
PREM.L,PREMIER AFRICAN MINERALS LIMITE,GBp,LSE,EQUITY,Europe/London,PREM.L,ok,,2026-09-11T20:41:38.961325+00:00,1.2.0
PRIM.L,PRIMORUS INVESTMENTS PLC ORD 0.,GBp,LSE,EQUITY,Europe/London,PRIM.L,ok,,2026-09-11T20:41:39.550334+00:00,1.2.0
PRM.L,PROTEOME SCIENCES PLC ORD 1P,GBp,LSE,EQUITY,Europe/London,PRM.L,ok,,2026-09-11T20:41:40.158339+00:00,1.2.0
PRO.L,PROSERVICE BUILDING SERVICES MA,GBp,LSE,EQUITY,Europe/London,PRO.L,ok,,2026-09-11T20:41:40.734915+00:00,1.2.0
PTAL.L,PETROTAL CORPORATION COM SHS NP,GBp,LSE,EQUITY,Europe/London,PTAL.L,ok,,2026-09-11T20:41:41.317417+00:00,1.2.0
PTEC.L,PLAYTECH PLC ORD NPV,GBp,LSE,EQUITY,Europe/London,PTEC.L,ok,,2026-09-11T20:41:41.888011+00:00,1.2.0
PULS.L,PULSAR GROUP PLC ORD 5P,GBp,LSE,EQUITY,Europe/London,PULS.L,ok,,2026-09-11T20:41:42.452382+00:00,1.2.0
PXC.L,PHOENIX COPPER LIMITED ORD NPV ,GBp,LSE,EQUITY,Europe/London,PXC.L,ok,,2026-09-11T20:41:43.028977+00:00,1.2.0
PXEN.L,PROSPEX ENERGY PLC ORD 0.1P,GBp,LSE,EQUITY,Europe/London,PXEN.L,ok,,2026-09-11T20:41:43.605009+00:00,1.2.0
PXS.L,PROVEXIS PLC ORD 0.1P,GBp,LSE,EQUITY,Europe/London,PXS.L,ok,,2026-09-11T20:41:44.174786+00:00,1.2.0
QBT.L,QUANTUM BLOCKCHAIN TECHNOLOGIES,GBp,LSE,EQUITY,Europe/London,QBT.L,ok,,2026-09-11T20:41:44.756609+00:00,1.2.0
QED.L,QUADRISE PLC ORD 1P,GBp,LSE,EQUITY,Europe/London,QED.L,ok,,2026-09-11T20:41:45.658342+00:00,1.2.0
QHE.L,QUANTUM HELIUM LIMITED ORD NPV ,GBp,LSE,EQUITY,Europe/London,QHE.L,ok,,2026-09-11T20:41:46.237035+00:00,1.2.0
QTX.L,QUARTIX TECHNOLOGIES PLC ORD 1P,GBp,LSE,EQUITY,Europe/London,QTX.L,ok,,2026-09-11T20:41:46.803674+00:00,1.2.0
RBD.L,REABOLD RESOURCES PLC ORD GBP1.,GBp,LSE,EQUITY,Europe/London,RBD.L,ok,,2026-09-11T20:41:47.376449+00:00,1.2.0
RBW.L,RAINBOW RARE EARTHS LIMITED ORD,GBp,LSE,EQUITY,Europe/London,RBW.L,ok,,2026-09-11T20:41:48.029132+00:00,1.2.0
RCN.L,REDCENTRIC PLC ORD GBP0.001,GBp,LSE,EQUITY,Europe/London,RCN.L,ok,,2026-09-11T20:41:48.594582+00:00,1.2.0
RDT.L,ROSSLYN DATA TECHNOLOGIES PLC O,GBp,LSE,EQUITY,Europe/London,RDT.L,ok,,2026-09-11T20:41:49.167403+00:00,1.2.0
REAT.L,REACT GROUP PLC ORD 12.5P,GBp,LSE,EQUITY,Europe/London,REAT.L,ok,,2026-09-11T20:41:49.752729+00:00,1.2.0
RENX.L,RENALYTIX PLC ORD 0.25P,GBp,LSE,EQUITY,Europe/London,RENX.L,ok,,2026-09-11T20:41:50.319729+00:00,1.2.0
REVB.L,REVOLUTION BEAUTY GROUP PLC ORD,GBp,LSE,EQUITY,Europe/London,REVB.L,ok,,2026-09-11T20:41:50.896067+00:00,1.2.0
RFG.L,ROEBUCK FOOD GROUP PUBLIC LIMIT,GBp,LSE,EQUITY,Europe/London,RFG.L,ok,,2026-09-11T20:41:51.502357+00:00,1.2.0
RFX.L,RAMSDENS HOLDINGS PLC ORD GBP0.,GBp,LSE,EQUITY,Europe/London,RFX.L,ok,,2026-09-11T20:41:52.094689+00:00,1.2.0
RHIM.L,RHI MAGNESITA N.V. ORD EUR1.00 ,GBp,LSE,EQUITY,Europe/London,RHIM.L,ok,,2026-09-11T20:41:52.740438+00:00,1.2.0
RKH.L,ROCKHOPPER EXPLORATION PLC ORD ,GBp,LSE,EQUITY,Europe/London,RKH.L,ok,,2026-09-11T20:41:53.347780+00:00,1.2.0
RMR.L,ROME RESOURCES PLC ORD 0.1P,GBp,LSE,EQUITY,Europe/London,RMR.L,ok,,2026-09-11T20:41:53.913424+00:00,1.2.0
RNWH.L,RENEW HOLDINGS PLC ORD 10P,GBp,LSE,EQUITY,Europe/London,RNWH.L,ok,,2026-09-11T20:41:54.478006+00:00,1.2.0
ROAD.L,,GBp,LSE,EQUITY,Europe/London,ROAD.L,ok,,2026-09-11T20:41:55.052548+00:00,1.2.0
ROCK.L,ROCKFIRE RESOURCES PLC ORD 0.1P,GBp,LSE,EQUITY,Europe/London,ROCK.L,ok,,2026-09-11T20:41:55.636260+00:00,1.2.0
RRR.L,RED ROCK RESOURCES PLC ORD 0.01,GBp,LSE,EQUITY,Europe/London,RRR.L,ok,,2026-09-11T20:41:56.230978+00:00,1.2.0
RST.L,RESTORE PLC ORD 5P,GBp,LSE,EQUITY,Europe/London,RST.L,ok,,2026-09-11T20:41:56.796657+00:00,1.2.0
RTC.L,RTC GROUP PLC ORD 1P,GBp,LSE,EQUITY,Europe/London,RTC.L,ok,,2026-09-11T20:41:57.459130+00:00,1.2.0
RVRG.L,RIVER GLOBAL PLC ORD A 0.5P,GBp,LSE,EQUITY,Europe/London,RVRG.L,ok,,2026-09-11T20:41:58.036518+00:00,1.2.0
RWS.L,RWS HOLDINGS PLC ORD 1P,GBp,LSE,EQUITY,Europe/London,RWS.L,ok,,2026-09-11T20:41:58.622510+00:00,1.2.0
SAA.L,M&C SAATCHI PLC ORD 1P,GBp,LSE,EQUITY,Europe/London,SAA.L,ok,,2026-09-11T20:41:59.191537+00:00,1.2.0
SAAS.L,MICROLISE GROUP PLC ORD GBP0.00,GBp,LSE,EQUITY,Europe/London,SAAS.L,ok,,2026-09-11T20:41:59.763625+00:00,1.2.0
SAG.L,SCIENCE GROUP PLC ORD 1P,GBp,LSE,EQUITY,Europe/London,SAG.L,ok,,2026-09-11T20:42:00.343368+00:00,1.2.0
SAL.L,SPACEANDPEOPLE PLC ORD 10P,GBp,LSE,EQUITY,Europe/London,SAL.L,ok,,2026-09-11T20:42:00.934425+00:00,1.2.0
SAR.L,SAREUM HOLDINGS PLC ORD GBP 0.0,GBp,LSE,EQUITY,Europe/London,SAR.L,ok,,2026-09-11T20:42:01.532979+00:00,1.2.0
SAV.L,SAVANNAH RESOURCES PLC ORD 1P,GBp,LSE,EQUITY,Europe/London,SAV.L,ok,,2026-09-11T20:42:02.174273+00:00,1.2.0
SAVE.L,SAVANNAH ENERGY PLC ORD GBP0.00,GBp,LSE,EQUITY,Europe/London,SAVE.L,ok,,2026-09-11T20:42:02.758721+00:00,1.2.0
SBTX.L,SKINBIOTHERAPEUTICS PLC ORD 1P,GBp,LSE,EQUITY,Europe/London,SBTX.L,ok,,2026-09-11T20:42:03.343766+00:00,1.2.0
SCGL.L,SEALAND CAPITAL GALAXY LIMITED ,GBp,LSE,EQUITY,Europe/London,SCGL.L,ok,,2026-09-11T20:42:03.921071+00:00,1.2.0
SCLP.L,SCANCELL HOLDINGS PLC ORD 0.1P,GBp,LSE,EQUITY,Europe/London,SCLP.L,ok,,2026-09-11T20:42:04.532241+00:00,1.2.0
SDG.L,SANDERSON DESIGN GROUP PLC ORD ,GBp,LSE,EQUITY,Europe/London,SDG.L,ok,,2026-09-11T20:42:05.104391+00:00,1.2.0
SDI.L,SDI GROUP PLC ORD 1P,GBp,LSE,EQUITY,Europe/London,SDI.L,ok,,2026-09-11T20:42:05.684676+00:00,1.2.0
SEA.L,SEASCAPE ENERGY ASIA PLC ORD 10,GBp,LSE,EQUITY,Europe/London,SEA.L,ok,,2026-09-11T20:42:06.253805+00:00,1.2.0
SEE.L,SEEING MACHINES LIMITED ORD NPV,GBp,LSE,EQUITY,Europe/London,SEE.L,ok,,2026-09-11T20:42:06.894447+00:00,1.2.0
SEEN.L,SEEEN PLC ORD 0.1P,GBp,LSE,EQUITY,Europe/London,SEEN.L,ok,,2026-09-11T20:42:07.481094+00:00,1.2.0
SFT.L,SOFTWARE CIRCLE PLC ORD 1P,GBp,LSE,EQUITY,Europe/London,SFT.L,ok,,2026-09-11T20:42:08.071447+00:00,1.2.0
SHOE.L,SHOE ZONE PLC ORD 1P,GBp,LSE,EQUITY,Europe/London,SHOE.L,ok,,2026-09-11T20:42:08.653268+00:00,1.2.0
SKA.L,SHUKA MINERALS PLC ORD 1P,GBp,LSE,EQUITY,Europe/London,SKA.L,ok,,2026-09-11T20:42:09.215310+00:00,1.2.0
SKL.L,SKILLCAST GROUP PLC ORD 0.1P,GBp,LSE,EQUITY,Europe/London,SKL.L,ok,,2026-09-11T20:42:09.796144+00:00,1.2.0
SLP.L,SYLVANIA PLATINUM LIMITED CMN S,GBp,LSE,EQUITY,Europe/London,SLP.L,ok,,2026-09-11T20:42:10.368882+00:00,1.2.0
SML.L,STRATEGIC MINERALS PLC ORD 0.1P,GBp,LSE,EQUITY,Europe/London,SML.L,ok,,2026-09-11T20:42:10.955331+00:00,1.2.0
SNDA.L,SUNDA ENERGY PLC ORD 0.1P,GBp,LSE,EQUITY,Europe/London,SNDA.L,ok,,2026-09-11T20:42:11.637396+00:00,1.2.0
SNT.L,SABIEN TECHNOLOGY GROUP PLC ORD,GBp,LSE,EQUITY,Europe/London,SNT.L,ok,,2026-09-11T20:42:12.215722+00:00,1.2.0
SNX.L,SYNECTICS PLC ORD 20P,GBp,LSE,EQUITY,Europe/London,SNX.L,ok,,2026-09-11T20:42:12.772362+00:00,1.2.0
SOLI.L,SOLID STATE PLC ORD 5P,GBp,LSE,EQUITY,Europe/London,SOLI.L,ok,,2026-09-11T20:42:13.437846+00:00,1.2.0
SOM.L,SOMERO ENTERPRISE INC. COM STK ,GBp,LSE,EQUITY,Europe/London,SOM.L,ok,,2026-09-11T20:42:14.015491+00:00,1.2.0
SORT.L,SORTED GROUP HOLDINGS PLC ORD 0,GBp,LSE,EQUITY,Europe/London,SORT.L,ok,,2026-09-11T20:42:14.590136+00:00,1.2.0
SOS.L,SOSANDAR PLC ORD 0.1P,GBp,LSE,EQUITY,Europe/London,SOS.L,ok,,2026-09-11T20:42:15.286158+00:00,1.2.0
SOU.L,SOUND ENERGY PLC ORD 0.1P,GBp,LSE,EQUITY,Europe/London,SOU.L,ok,,2026-09-11T20:42:15.916887+00:00,1.2.0
SOUC.L,SOUTHERN ENERGY CORP. SHS NPV (,GBp,LSE,EQUITY,Europe/London,SOUC.L,ok,,2026-09-11T20:42:16.521530+00:00,1.2.0
SPDI.L,SECURE PROPERTY DEVELOPMENT & I,GBp,LSE,EQUITY,Europe/London,SPDI.L,ok,,2026-09-11T20:42:17.103385+00:00,1.2.0
SPEC.L,INSPECS GROUP PLC ORD 1P,GBp,LSE,EQUITY,Europe/London,SPEC.L,ok,,2026-09-11T20:42:17.677740+00:00,1.2.0
SPR.L,SPRINGFIELD PROPERTIES PLC ORD ,GBp,LSE,EQUITY,Europe/London,SPR.L,ok,,2026-09-11T20:42:18.252010+00:00,1.2.0
SPSC.L,SPECTRA SYSTEMS CORPORATION COM,GBp,LSE,EQUITY,Europe/London,SPSC.L,ok,,2026-09-11T20:42:18.950633+00:00,1.2.0
SPSY.L,SPECTRA SYSTEMS CORPORATION COM,GBp,LSE,EQUITY,Europe/London,SPSY.L,ok,,2026-09-11T20:42:19.528977+00:00,1.2.0
SQZ.L,SERICA ENERGY PLC ORD USD0.10,GBp,LSE,EQUITY,Europe/London,SQZ.L,ok,,2026-09-11T20:42:20.105272+00:00,1.2.0
SRB.L,SERABI GOLD PLC ORD 10P,GBp,LSE,EQUITY,Europe/London,SRB.L,ok,,2026-09-11T20:42:20.693420+00:00,1.2.0
SRC.L,SIGMAROC PLC ORD 1P,GBp,LSE,EQUITY,Europe/London,SRC.L,ok,,2026-09-11T20:42:21.321159+00:00,1.2.0
SRES.L,SUNRISE RESOURCES PLC ORD 0.001,GBp,LSE,EQUITY,Europe/London,SRES.L,ok,,2026-09-11T20:42:21.907986+00:00,1.2.0
SRT.L,SRT MARINE SYSTEMS PLC ORD 0.1P,GBp,LSE,EQUITY,Europe/London,SRT.L,ok,,2026-09-11T20:42:22.475830+00:00,1.2.0
SSTY.L,SAFESTAY PLC ORD 1P,GBp,LSE,EQUITY,Europe/London,SSTY.L,ok,,2026-09-11T20:42:23.077228+00:00,1.2.0
STAF.L,STAFFLINE GROUP PLC ORD 10P,GBp,LSE,EQUITY,Europe/London,STAF.L,ok,,2026-09-11T20:42:23.781595+00:00,1.2.0
STAR.L,STAR ENERGY GROUP PLC ORD 0.002,GBp,LSE,EQUITY,Europe/London,STAR.L,ok,,2026-09-11T20:42:24.352587+00:00,1.2.0
STCM.L,STEPPE CEMENT LTD ORD NPV,GBp,LSE,EQUITY,Europe/London,STCM.L,ok,,2026-09-11T20:42:24.980500+00:00,1.2.0
STX.L,SHIELD THERAPEUTICS PLC ORD 1.5,GBp,LSE,EQUITY,Europe/London,STX.L,ok,,2026-09-11T20:42:25.557797+00:00,1.2.0
SUH.L,SUTTON HARBOUR GROUP PLC ORD 1P,GBp,LSE,EQUITY,Europe/London,SUH.L,ok,,2026-09-11T20:42:26.141931+00:00,1.2.0
SUN.L,SURGICAL INNOVATIONS GROUP PLC ,GBp,LSE,EQUITY,Europe/London,SUN.L,ok,,2026-09-11T20:42:26.722411+00:00,1.2.0
SUP.L,SUPREME PLC ORD 10P,GBp,LSE,EQUITY,Europe/London,SUP.L,ok,,2026-09-11T20:42:27.345374+00:00,1.2.0
SVML.L,SOVEREIGN METALS LIMITED ORD NP,GBp,LSE,EQUITY,Europe/London,SVML.L,ok,,2026-09-11T20:42:27.933663+00:00,1.2.0
SWG.L,SHEARWATER GROUP PLC ORD 10P,GBp,LSE,EQUITY,Europe/London,SWG.L,ok,,2026-09-11T20:42:28.505146+00:00,1.2.0
SWT.L,SWITCH METALS PLC ORD GBP0.0085,GBp,LSE,EQUITY,Europe/London,SWT.L,ok,,2026-09-11T20:42:29.070376+00:00,1.2.0
SYM.L,SYMPHONY ENVIRONMENTAL TECHNOLO,GBp,LSE,EQUITY,Europe/London,SYM.L,ok,,2026-09-11T20:42:29.654059+00:00,1.2.0
SYN.L,SYNERGIA ENERGY LTD ORD NPV,GBp,LSE,EQUITY,Europe/London,SYN.L,ok,,2026-09-11T20:42:30.230824+00:00,1.2.0
SYS.L,SYSGROUP PLC ORD 1P,GBp,LSE,EQUITY,Europe/London,SYS.L,ok,,2026-09-11T20:42:30.803743+00:00,1.2.0
SYS1.L,SYSTEM1 GROUP PLC ORD 1P,GBp,LSE,EQUITY,Europe/London,SYS1.L,ok,,2026-09-11T20:42:31.384522+00:00,1.2.0
TAM.L,TATTON ASSET MANAGEMENT PLC ORD,GBp,LSE,EQUITY,Europe/London,TAM.L,ok,,2026-09-11T20:42:31.957742+00:00,1.2.0
TAN.L,TANFIELD GROUP PLC ORD 5P,GBp,LSE,EQUITY,Europe/London,TAN.L,ok,,2026-09-11T20:42:32.582567+00:00,1.2.0
TAVI.L,TAVISTOCK INVESTMENTS PLC ORD 1,GBp,LSE,EQUITY,Europe/London,TAVI.L,ok,,2026-09-11T20:42:33.160441+00:00,1.2.0
TBLD.L,TINYBUILD INC. COM SHS USD0.001,GBp,LSE,EQUITY,Europe/London,TBLD.L,ok,,2026-09-11T20:42:33.753615+00:00,1.2.0
TCAP.L,TP ICAP GROUP PLC ORD 25P,GBp,LSE,EQUITY,Europe/London,TCAP.L,ok,,2026-09-11T20:42:34.326436+00:00,1.2.0
TCF.L,THERACRYF PLC ORD 0.25P,GBp,LSE,EQUITY,Europe/London,TCF.L,ok,,2026-09-11T20:42:34.942775+00:00,1.2.0
TEAM.L,TEAM PLC ORD NPV,GBp,LSE,EQUITY,Europe/London,TEAM.L,ok,,2026-09-11T20:42:35.623232+00:00,1.2.0
TEK.L,TEKCAPITAL PLC,GBp,LSE,EQUITY,Europe/London,TEK.L,ok,,2026-09-11T20:42:36.263110+00:00,1.2.0
TENG.L,TEN TECHNOLOGIES GROUP PLC ORD ,GBp,LSE,EQUITY,Europe/London,TENG.L,ok,,2026-09-11T20:42:36.871156+00:00,1.2.0
TERN.L,TERN PLC ORD 0.02P,GBp,LSE,EQUITY,Europe/London,TERN.L,ok,,2026-09-11T20:42:37.464767+00:00,1.2.0
TFW.L,THORPE (F.W.) PLC ORD 1P,GBp,LSE,EQUITY,Europe/London,TFW.L,ok,,2026-09-11T20:42:38.037186+00:00,1.2.0
TGP.L,TEKMAR GROUP PLC ORD 1P,GBp,LSE,EQUITY,Europe/London,TGP.L,ok,,2026-09-11T20:42:38.617545+00:00,1.2.0
THAT.L,THALIA THERAPEUTICS PLC ORD 0.4,GBp,LSE,EQUITY,Europe/London,THAT.L,ok,,2026-09-11T20:42:39.249920+00:00,1.2.0
THR.L,THOR ENERGY PLC ORD GBP0.001,GBp,LSE,EQUITY,Europe/London,THR.L,ok,,2026-09-11T20:42:39.921164+00:00,1.2.0
THRU.L,THRUVISION GROUP PLC ORD 1P,GBp,LSE,EQUITY,Europe/London,THRU.L,ok,,2026-09-11T20:42:40.541671+00:00,1.2.0
THS.L,THARISA PLC ORD USD0.001 (DI),GBp,LSE,EQUITY,Europe/London,THS.L,ok,,2026-09-11T20:42:41.118920+00:00,1.2.0
THX.L,THOR EXPLORATIONS LTD COM SHS N,GBp,LSE,EQUITY,Europe/London,THX.L,ok,,2026-09-11T20:42:41.695854+00:00,1.2.0
TIA.L,TIALIS ESSENTIAL IT PLC ORD 1P,GBp,LSE,EQUITY,Europe/London,TIA.L,ok,,2026-09-11T20:42:42.265617+00:00,1.2.0
TIDE.L,CRIMSON TIDE PLC ORD 10P,GBp,LSE,EQUITY,Europe/London,TIDE.L,ok,,2026-09-11T20:42:42.835483+00:00,1.2.0
TIG.L,TEAM INTERNET GROUP PLC ORD 0.1,GBp,LSE,EQUITY,Europe/London,TIG.L,ok,,2026-09-11T20:42:43.419324+00:00,1.2.0
TIME.L,TIME FINANCE PLC ORD 10P,GBp,LSE,EQUITY,Europe/London,TIME.L,ok,,2026-09-11T20:42:43.999722+00:00,1.2.0
TIN.L,CORNISH METALS PLC ORD GBP0.000,GBp,LSE,EQUITY,Europe/London,TIN.L,ok,,2026-09-11T20:42:44.648763+00:00,1.2.0
TLM.L,TALISMAN METALS PLC EUR0.02 (CD,GBp,LSE,EQUITY,Europe/London,TLM.L,ok,,2026-09-11T20:42:45.238074+00:00,1.2.0
TMG.L,THE MISSION GROUP PLC ORD 10P,GBp,LSE,EQUITY,Europe/London,TMG.L,ok,,2026-09-11T20:42:45.831470+00:00,1.2.0
TMIP.L,TAYLOR MARITIME LIMITED ORD NPV,GBp,LSE,EQUITY,Europe/London,TMIP.L,ok,,2026-09-11T20:42:46.414482+00:00,1.2.0
TMO.L,TIME OUT GROUP PLC ORD GBP0.001,GBp,LSE,EQUITY,Europe/London,TMO.L,ok,,2026-09-11T20:42:47.028403+00:00,1.2.0
TND.L,TANDEM GROUP PLC ORD 25P,GBp,LSE,EQUITY,Europe/London,TND.L,ok,,2026-09-11T20:42:47.626808+00:00,1.2.0
TOM.L,TOMCO ENERGY PLC ORD NPV,GBp,LSE,EQUITY,Europe/London,TOM.L,ok,,2026-09-11T20:42:48.329604+00:00,1.2.0
TON.L,TITON HOLDINGS PLC ORD 10P,GBp,LSE,EQUITY,Europe/London,TON.L,ok,,2026-09-11T20:42:48.904736+00:00,1.2.0
TPFG.L,PROPERTY FRANCHISE GROUP PLC (T,GBp,LSE,EQUITY,Europe/London,TPFG.L,ok,,2026-09-11T20:42:49.585612+00:00,1.2.0
TPX.L,TPXIMPACT HOLDINGS PLC ORD 1P,GBp,LSE,EQUITY,Europe/London,TPX.L,ok,,2026-09-11T20:42:50.155863+00:00,1.2.0
TRAC.L,T42 IOT TRACKING SOLUTIONS PLC ,GBp,LSE,EQUITY,Europe/London,TRAC.L,ok,,2026-09-11T20:42:50.753872+00:00,1.2.0
TRAF.L,TRAFALGAR MINERALS PLC ORD GBP0,GBp,LSE,EQUITY,Europe/London,TRAF.L,ok,,2026-09-11T20:42:51.464972+00:00,1.2.0
TRB.L,TRIBAL GROUP PLC ORD 5P,GBp,LSE,EQUITY,Europe/London,TRB.L,ok,,2026-09-11T20:42:52.041850+00:00,1.2.0
TRCS.L,TRACSIS PLC ORD 0.4P,GBp,LSE,EQUITY,Europe/London,TRCS.L,ok,,2026-09-11T20:42:52.613974+00:00,1.2.0
TRLS.L,TRELLUS HEALTH PLC ORD GBP0.000,GBp,LSE,EQUITY,Europe/London,TRLS.L,ok,,2026-09-11T20:42:53.195360+00:00,1.2.0
TRP.L,TOWER RESOURCES PLC ORD GBP0.00,GBp,LSE,EQUITY,Europe/London,TRP.L,ok,,2026-09-11T20:42:53.775141+00:00,1.2.0
TRT.L,TRANSENSE TECHNOLOGIES PLC ORD ,GBp,LSE,EQUITY,Europe/London,TRT.L,ok,,2026-09-11T20:42:54.370638+00:00,1.2.0
TRU.L,TRUFIN PLC ORD 91P,GBp,LSE,EQUITY,Europe/London,TRU.L,ok,,2026-09-11T20:42:54.937964+00:00,1.2.0
TRUE.L,TRUETIDE PLC ORD 2P,GBp,LSE,EQUITY,Europe/London,TRUE.L,ok,,2026-09-11T20:42:55.519953+00:00,1.2.0
TSTL.L,TRISTEL PLC ORD 1P,GBp,LSE,EQUITY,Europe/London,TSTL.L,ok,,2026-09-11T20:42:56.182995+00:00,1.2.0
TUN.L,TUNGSTEN WEST PLC ORD GBP0.01,GBp,LSE,EQUITY,Europe/London,TUN.L,ok,,2026-09-11T20:42:56.757711+00:00,1.2.0
TUNE.L,FOCUSRITE PLC ORD 0.1P,GBp,LSE,EQUITY,Europe/London,TUNE.L,ok,,2026-09-11T20:42:57.355672+00:00,1.2.0
TXP.L,TOUCHSTONE EXPLORATION INC COM ,GBp,LSE,EQUITY,Europe/London,TXP.L,ok,,2026-09-11T20:42:57.923014+00:00,1.2.0
TYM.L,TERTIARY MINERALS PLC ORD 0.01P,GBp,LSE,EQUITY,Europe/London,TYM.L,ok,,2026-09-11T20:42:58.495331+00:00,1.2.0
UFO.L,ALIEN METALS LIMITED COM SHS NP,GBp,LSE,EQUITY,Europe/London,UFO.L,ok,,2026-09-11T20:42:59.065341+00:00,1.2.0
UJO.L,UNION JACK OIL PLC ORD 5P,GBp,LSE,EQUITY,Europe/London,UJO.L,ok,,2026-09-11T20:42:59.655156+00:00,1.2.0
UKOG.L,UK OIL & GAS PLC ORD GBP0.00000,GBp,LSE,EQUITY,Europe/London,UKOG.L,ok,,2026-09-11T20:43:00.256047+00:00,1.2.0
UKR.L,UKRPRODUCT GROUP LIMITED ORD 10,GBp,LSE,EQUITY,Europe/London,UKR.L,ok,,2026-09-11T20:43:00.897862+00:00,1.2.0
ULTP.L,ULTIMATE PRODUCTS PLC ORDS 0.25,GBp,LSE,EQUITY,Europe/London,ULTP.L,ok,,2026-09-11T20:43:01.512819+00:00,1.2.0
UOG.L,UNITED OIL & GAS PLC ORD GBP0.0,GBp,LSE,EQUITY,Europe/London,UOG.L,ok,,2026-09-11T20:43:02.100761+00:00,1.2.0
UPL.L,UPLAND RESOURCES LIMITED ORD NP,GBp,LSE,EQUITY,Europe/London,UPL.L,ok,,2026-09-11T20:43:02.794091+00:00,1.2.0
UPR.L,UNIPHAR PLC ORD EUR0.08 (CDI),GBp,LSE,EQUITY,Europe/London,UPR.L,ok,,2026-09-11T20:43:03.828308+00:00,1.2.0
URU.L,URU METALS LIMITED ORD NPV (DI),GBp,LSE,EQUITY,Europe/London,URU.L,ok,,2026-09-11T20:43:04.765557+00:00,1.2.0
VAL.L,VALIRX PLC ORD 0.1P,GBp,LSE,EQUITY,Europe/London,VAL.L,ok,,2026-09-11T20:43:05.362937+00:00,1.2.0
VAST.L,VAST RESOURCES PLC ORD 2.5P,GBp,LSE,EQUITY,Europe/London,VAST.L,ok,,2026-09-11T20:43:05.937312+00:00,1.2.0
VCP.L,VICTORIA PLC ORD 5P,GBp,LSE,EQUITY,Europe/London,VCP.L,ok,,2026-09-11T20:43:06.764952+00:00,1.2.0
VEL.L,VELOCITY COMPOSITES PLC ORD 0.2,GBp,LSE,EQUITY,Europe/London,VEL.L,ok,,2026-09-11T20:43:07.383688+00:00,1.2.0
VIC.L,VICTORIAN PLUMBING GROUP PLC OR,GBp,LSE,EQUITY,Europe/London,VIC.L,ok,,2026-09-11T20:43:07.965310+00:00,1.2.0
VINO.L,VIRGIN WINES UK PLC ORD GBP0.01,GBp,LSE,EQUITY,Europe/London,VINO.L,ok,,2026-09-11T20:43:08.533885+00:00,1.2.0
VLE.L,VOLVERE PLC ORD 0.00001P,GBp,LSE,EQUITY,Europe/London,VLE.L,ok,,2026-09-11T20:43:09.099291+00:00,1.2.0
VLG.L,VENTURE LIFE GROUP PLC ORD 0.3P,GBp,LSE,EQUITY,Europe/London,VLG.L,ok,,2026-09-11T20:43:09.675307+00:00,1.2.0
VNET.L,VIANET GROUP PLC ORD 10P,GBp,LSE,EQUITY,Europe/London,VNET.L,ok,,2026-09-11T20:43:10.252379+00:00,1.2.0
VRCI.L,VERICI DX PLC ORD GBP0.001,GBp,LSE,EQUITY,Europe/London,VRCI.L,ok,,2026-09-11T20:43:10.863597+00:00,1.2.0
VTU.L,VERTU MOTORS PLC ORD 10P,GBp,LSE,EQUITY,Europe/London,VTU.L,ok,,2026-09-11T20:43:11.531635+00:00,1.2.0
VZLA.L,APERTURA ENERGY PLC ORD GBP0.01,GBp,LSE,EQUITY,Europe/London,VZLA.L,ok,,2026-09-11T20:43:12.183990+00:00,1.2.0
W7L.L,WARPAINT LONDON PLC ORD 25P,GBp,LSE,EQUITY,Europe/London,W7L.L,ok,,2026-09-11T20:43:12.775281+00:00,1.2.0
WATR.L,WATER INTELLIGENCE PLC ORD 1P,GBp,LSE,EQUITY,Europe/London,WATR.L,ok,,2026-09-11T20:43:13.355923+00:00,1.2.0
WINE.L,NAKED WINES PLC ORD 7.5P,GBp,LSE,EQUITY,Europe/London,WINE.L,ok,,2026-09-11T20:43:14.014360+00:00,1.2.0
WINK.L,M WINKWORTH PLC ORD 0.5P,GBp,LSE,EQUITY,Europe/London,WINK.L,ok,,2026-09-11T20:43:14.598416+00:00,1.2.0
WISE.L,WISE GROUP PLC CLS A ORD USD0.0,GBp,LSE,EQUITY,Europe/London,WISE.L,ok,,2026-09-11T20:43:15.164941+00:00,1.2.0
WIZZ.L,WIZZ AIR HOLDINGS PLC ORD GBP0.,GBp,LSE,EQUITY,Europe/London,WIZZ.L,ok,,2026-09-11T20:43:15.770058+00:00,1.2.0
WJG.L,WATKIN JONES PLC ORD 1P,GBp,LSE,EQUITY,Europe/London,WJG.L,ok,,2026-09-11T20:43:16.351985+00:00,1.2.0
WPHO.L,WINDAR PHOTONICS PLC ORD 1P,GBp,LSE,EQUITY,Europe/London,WPHO.L,ok,,2026-09-11T20:43:16.924586+00:00,1.2.0
WPP.L,WPP PLC ORD 10P,GBp,LSE,EQUITY,Europe/London,WPP.L,ok,,2026-09-11T20:43:17.503094+00:00,1.2.0
WRKS.L,THEWORKS.CO.UK PLC ORD 1P,GBp,LSE,EQUITY,Europe/London,WRKS.L,ok,,2026-09-11T20:43:18.257074+00:00,1.2.0
WSBN.L,WISHBONE GOLD PLC ORD 0.1P (DI),GBp,LSE,EQUITY,Europe/London,WSBN.L,ok,,2026-09-11T20:43:18.900121+00:00,1.2.0
WSP.L,WYNNSTAY PROPERTIES PLC ORD 25P,GBp,LSE,EQUITY,Europe/London,WSP.L,ok,,2026-09-11T20:43:19.490759+00:00,1.2.0
WTE.L,WESTMOUNT ENERGY LIMITED ORD NP,GBp,LSE,EQUITY,Europe/London,WTE.L,ok,,2026-09-11T20:43:20.065111+00:00,1.2.0
WYN.L,WYNNSTAY GROUP PLC ORD 25P,GBp,LSE,EQUITY,Europe/London,WYN.L,ok,,2026-09-11T20:43:20.733189+00:00,1.2.0
XLM.L,XLMEDIA PLC ORD USD0.000001,GBp,LSE,EQUITY,Europe/London,XLM.L,ok,,2026-09-11T20:43:21.351014+00:00,1.2.0
XPF.L,XP FACTORY PLC ORD 1.25P,GBp,LSE,EQUITY,Europe/London,XPF.L,ok,,2026-09-11T20:43:21.941125+00:00,1.2.0
XSG.L,XEROS TECHNOLOGY GROUP PLC ORD ,GBp,LSE,EQUITY,Europe/London,XSG.L,ok,,2026-09-11T20:43:22.519104+00:00,1.2.0
XTR.L,XTRACT RESOURCES PLC ORD 0.02P,GBp,LSE,EQUITY,Europe/London,XTR.L,ok,,2026-09-11T20:43:23.143201+00:00,1.2.0
YCA.L,YELLOW CAKE PLC ORD GBP0.01,GBp,LSE,EQUITY,Europe/London,YCA.L,ok,,2026-09-11T20:43:23.753609+00:00,1.2.0
YOU.L,YOUGOV PLC ORD 0.2P,GBp,LSE,EQUITY,Europe/London,YOU.L,ok,,2026-09-11T20:43:24.332594+00:00,1.2.0
YU.L,YU GROUP PLC ORD GBP0.005,GBp,LSE,EQUITY,Europe/London,YU.L,ok,,2026-09-11T20:43:24.906769+00:00,1.2.0
ZAM.L,ZAMBEEF PRODUCTS PLC ORD ZMW0.0,GBp,LSE,EQUITY,Europe/London,ZAM.L,ok,,2026-09-11T20:43:25.553405+00:00,1.2.0
ZED.L,ZENOVA GROUP PLC ORD GBP0.001,GBp,LSE,EQUITY,Europe/London,ZED.L,ok,,2026-09-11T20:43:26.131284+00:00,1.2.0
ZIN.L,ZINC MEDIA GROUP PLC ORD 0.125P,GBp,LSE,EQUITY,Europe/London,ZIN.L,ok,,2026-09-11T20:43:26.706098+00:00,1.2.0
ZIOC.L,ZANAGA IRON ORE COMPANY LIMITED,GBp,LSE,EQUITY,Europe/London,ZIOC.L,ok,,2026-09-11T20:43:27.315753+00:00,1.2.0
ZOO.L,ZOO DIGITAL GROUP PLC ORD 1P,GBp,LSE,EQUITY,Europe/London,ZOO.L,ok,,2026-09-11T20:43:27.905867+00:00,1.2.0
ZPHR.L,ZEPHYR ENERGY PLC ORD 0.1P,GBp,LSE,EQUITY,Europe/London,ZPHR.L,ok,,2026-09-11T20:43:28.689062+00:00,1.2.0
