ticker,rows_returned,expected_sessions,duplicate_extra_rows,missing_sessions,unexpected_dates,incomplete_rows
450.L,0,2779,0,2779,0,0
4BB.L,1229,2779,0,1550,0,0
4GBL.L,0,2779,0,2779,0,0
80M.L,2779,2779,0,0,0,0
88E.L,2779,2779,0,0,0,1
AAU.L,2779,2779,0,0,0,0
AAZ.L,2779,2779,0,0,0,0
ABDP.L,2779,2779,0,0,0,0
ABDX.L,1272,2779,0,1507,0,0
ACRM.L,2779,2779,0,0,0,0
ACSO.L,2779,2779,0,0,0,0
ADF.L,1007,2779,0,1772,0,0
ADVT.L,1205,2779,0,1574,0,150
AEG.L,2779,2779,0,0,0,122
AEO.L,2779,2779,0,0,0,0
AET.L,2779,2779,0,0,0,0
AFP.L,1159,2779,0,1620,0,0
AFRN.L,0,2779,0,2779,0,0
AGFX.L,0,2779,0,2779,0,0
AGI.L,2779,2779,0,0,0,0
AGY.L,2779,2779,0,0,0,0
AIEA.L,2779,2779,0,0,0,0
AKN.L,2779,2779,0,0,0,0
ALL.L,2750,2779,0,29,0,0
ALT.L,2779,2779,0,0,0,0
ALU.L,2779,2779,0,0,0,0
AMCO.L,259,2779,0,2520,0,0
AMP.L,2779,2779,0,0,0,0
AMS.L,2779,2779,0,0,0,0
ANG.L,2140,2779,0,639,0,0
ANGS.L,2306,2779,0,473,0,0
ANIC.L,2779,2779,0,0,0,0
ANP.L,2779,2779,0,0,0,0
AOM.L,1201,2779,0,1578,0,0
AOTI.L,391,2779,0,2388,0,0
APQ.L,0,2779,0,2779,0,0
APTA.L,1014,2779,0,1765,0,0
ARBB.L,2779,2779,0,0,0,0
ARC.L,2779,2779,0,0,0,0
ARCM.L,2779,2779,0,0,0,0
AREC.L,1157,2779,0,1622,0,0
ARS.L,2779,2779,0,0,0,0
ART.L,1156,2779,0,1623,0,0
AST.L,2779,2779,0,0,0,0
ASY.L,2779,2779,0,0,0,0
ATM.L,2056,2779,0,723,0,0
ATOM.L,1010,2779,0,1769,0,0
ATYM.L,2779,2779,0,0,0,0
AURA.L,2351,2779,0,428,0,4
AURR.L,832,2779,0,1947,0,0
AUTG.L,2365,2779,0,414,0,0
AVCT.L,2779,2779,0,0,0,0
AVG.L,2779,2779,0,0,0,0
AXL.L,1056,2779,0,1723,0,0
AXS.L,2779,2779,0,0,0,0
AYM.L,2779,2779,0,0,0,0
B90.L,2779,2779,0,0,0,0
BANK.L,877,2779,0,1902,0,1
BBB.L,0,2779,0,2779,0,0
BBSN.L,2779,2779,0,0,0,0
BCE.L,2779,2779,0,0,0,205
BELL.L,0,2779,0,2779,0,0
BEM.L,2779,2779,0,0,0,0
BGO.L,2779,2779,0,0,0,0
BHL.L,1125,2779,0,1654,0,0
BIG.L,1118,2779,0,1661,0,0
BILN.L,2779,2779,0,0,0,0
BIOM.L,0,2779,0,2779,0,0
BION.L,0,2779,0,2779,0,0
BKS.L,2044,2779,0,735,0,0
BLVN.L,0,2779,0,2779,0,0
BME.L,2779,2779,0,0,0,1
BMIN.L,2779,2779,0,0,0,0
BMK.L,0,2779,0,2779,0,0
BMN.L,0,2779,0,2779,0,0
BMT.L,2779,2779,0,0,0,0
BMTO.L,2779,2779,0,0,0,0
BOKU.L,2049,2779,0,730,0,0
BOOM.L,2779,2779,0,0,0,0
BOR.L,2779,2779,0,0,0,0
BOW.L,2779,2779,0,0,0,0
BPM.L,2779,2779,0,0,0,0
BRCK.L,1602,2779,0,1177,0,0
BTG.L,2779,2779,0,0,0,0
BUC.L,2779,2779,0,0,0,0
BVX.L,0,2779,0,2779,0,0
BVXP.L,2779,2779,0,0,0,0
BZT.L,2779,2779,0,0,0,0
C4XD.L,0,2779,0,2779,0,0
CAM.L,2779,2779,0,0,0,0
CAML.L,2779,2779,0,0,0,0
CAV.L,1785,2779,0,994,0,0
CBOX.L,1899,2779,0,880,0,0
CCP.L,2779,2779,0,0,0,0
CCT.L,2779,2779,0,0,0,0
CDGP.L,522,2779,0,2257,0,0
CEL.L,0,2779,0,2779,0,0
CEPS.L,2779,2779,0,0,0,0
CER.L,2472,2779,0,307,0,0
CFX.L,2779,2779,0,0,0,0
CGH.L,0,2779,0,2779,0,0
CGNR.L,2779,2779,0,0,0,0
CHAR.L,2779,2779,0,0,0,0
CHL.L,2779,2779,0,0,0,394
CHP.L,2779,2779,0,0,0,0
CHRT.L,2779,2779,0,0,0,0
CKI.L,347,2779,0,2432,0,0
CKT.L,2779,2779,0,0,0,0
CLA.L,739,2779,0,2040,0,0
CLBS.L,2779,2779,0,0,0,0
CLON.L,2779,2779,0,0,0,0
CLX.L,1323,2779,0,1456,0,0
CMCL.L,2779,2779,0,0,0,0
CML.L,2779,2779,0,0,0,0
CMO.L,0,2779,0,2779,0,0
CMX.L,2779,2779,0,0,0,0
CNC.L,2779,2779,0,0,0,0
CNG.L,0,2779,0,2779,0,0
CNS.L,2779,2779,0,0,0,0
CODE.L,1119,2779,0,1660,0,0
COG.L,2779,2779,0,0,0,0
COIL.L,1206,2779,0,1573,0,0
COM.L,2409,2779,0,370,0,0
COPC.L,1329,2779,0,1450,0,0
CORA.L,2079,2779,0,700,0,0
CORO.L,2235,2779,0,544,0,96
CPH2.L,977,2779,0,1802,0,0
CPP.L,0,2779,0,2779,0,0
CPX.L,2779,2779,0,0,0,0
CRCL.L,2779,2779,0,0,0,0
CRE.L,1281,2779,0,1498,0,0
CREO.L,2287,2779,0,492,0,0
CRPR.L,2779,2779,0,0,0,0
CRTA.L,2779,2779,0,0,0,93
CRTX.L,2779,2779,0,0,0,0
CRU.L,2779,2779,0,0,0,0
CRW.L,2779,2779,0,0,0,0
CSC.L,2779,2779,0,0,0,0
CSSG.L,2779,2779,0,0,0,0
CTA.L,1013,2779,0,1766,0,0
CTAI.L,2779,2779,0,0,0,0
CTG.L,2779,2779,0,0,0,0
CTL.L,956,2779,0,1823,0,0
CYAN.L,2779,2779,0,0,0,0
DBOX.L,2779,2779,0,0,0,0
DCI.L,2779,2779,0,0,0,0
DCTA.L,0,2779,0,2779,0,0
DEBS.L,2779,2779,0,0,0,0
DEST.L,0,2779,0,2779,0,0
DEVO.L,1048,2779,0,1731,0,0
DIS.L,2779,2779,0,0,0,0
DISH.L,1873,2779,0,906,0,486
DKL.L,2779,2779,0,0,0,0
DNM.L,1164,2779,0,1615,0,0
DOTD.L,2779,2779,0,0,0,0
DPEU.L,0,2779,0,2779,0,0
DPP.L,1257,2779,0,1522,0,0
DSG.L,2779,2779,0,0,0,0
DXRX.L,1712,2779,0,1067,0,0
EAAS.L,2779,2779,0,0,0,0
EAH.L,2779,2779,0,0,0,23
EARN.L,2120,2779,0,659,0,0
EBQ.L,2779,2779,0,0,0,0
ECO.L,2247,2779,0,532,0,0
ECOB.L,655,2779,0,2124,0,0
ECR.L,2779,2779,0,0,0,0
EDEN.L,2779,2779,0,0,0,0
EDX.L,0,2779,0,2779,0,0
EEE.L,2779,2779,0,0,0,0
EGT.L,440,2779,0,2339,0,0
EKF.L,2779,2779,0,0,0,0
ELCO.L,2779,2779,0,0,0,0
ELEG.L,1003,2779,0,1776,0,430
EMAN.L,2779,2779,0,0,0,0
EME.L,2779,2779,0,0,0,0
EMG.L,2779,2779,0,0,0,0
EMH.L,2540,2779,0,239,0,0
EML.L,2242,2779,0,537,0,0
EMR.L,2779,2779,0,0,0,0
ENET.L,2150,2779,0,629,0,0
ENSI.L,911,2779,0,1868,0,0
ENT.L,2779,2779,0,0,0,0
ENW.L,2779,2779,0,0,0,126
EOG.L,2779,2779,0,0,0,0
EPP.L,779,2779,0,2000,0,0
ESYS.L,0,2779,0,2779,0,0
ETP.L,0,2779,0,2779,0,0
ETX.L,0,2779,0,2779,0,0
EUA.L,2779,2779,0,0,0,0
EVPL.L,1923,2779,0,856,0,0
EXR.L,1972,2779,0,807,0,0
EYE.L,2779,2779,0,0,0,0
FAB.L,2029,2779,0,750,0,0
FADL.L,691,2779,0,2088,0,0
FAR.L,1707,2779,0,1072,0,0
FARN.L,2557,2779,0,222,0,0
FCRM.L,0,2779,0,2779,0,0
FDBK.L,2779,2779,0,0,0,0
FDEV.L,2779,2779,0,0,0,0
FDR.L,109,2779,0,2670,0,0
FEN.L,0,2779,0,2779,0,0
FEVR.L,2779,2779,0,0,0,0
FIH.L,2779,2779,0,0,0,0
FIN.L,1197,2779,0,1582,0,0
FIPP.L,2779,2779,0,0,0,0
FKE.L,2779,2779,0,0,0,0
FLK.L,2779,2779,0,0,0,0
FLO.L,2779,2779,0,0,0,0
FMET.L,728,2779,0,2051,0,0
FNTL.L,1957,2779,0,822,0,0
FNX.L,1318,2779,0,1461,0,0
FOG.L,0,2779,0,2779,0,0
FORF.L,2779,2779,0,0,0,0
FORG.L,2779,2779,0,0,0,0
FOX.L,2700,2779,0,79,0,0
FPO.L,2779,2779,0,0,0,0
FRAN.L,2376,2779,0,403,0,0
FRG.L,1042,2779,0,1737,0,0
FRP.L,1469,2779,0,1310,0,0
FSG.L,1238,2779,0,1541,0,0
FTC.L,2779,2779,0,0,0,0
FUM.L,2779,2779,0,0,0,0
G4M.L,2675,2779,0,104,0,0
GAL.L,2779,2779,0,0,0,0
GATC.L,2779,2779,0,0,0,0
GCG.L,2316,2779,0,463,0,509
GCM.L,2779,2779,0,0,0,0
GDP.L,2779,2779,0,0,0,0
GDR.L,2779,2779,0,0,0,0
GELN.L,1030,2779,0,1749,0,0
GEM.L,1484,2779,0,1295,0,0
GENI.L,1122,2779,0,1657,0,0
GENL.L,2779,2779,0,0,0,0
GEO.L,2779,2779,0,0,0,0
GETB.L,2124,2779,0,655,0,0
GFIN.L,2779,2779,0,0,0,0
GFM.L,2779,2779,0,0,0,0
GGP.L,2779,2779,0,0,0,0
GHH.L,2779,2779,0,0,0,0
GKP.L,2779,2779,0,0,0,0
GLEN.L,2779,2779,0,0,0,2
GLR.L,2779,2779,0,0,0,0
GMAA.L,0,2779,0,2779,0,0
GMET.L,671,2779,0,2108,0,0
GMR.L,2779,2779,0,0,0,0
GNIP.L,316,2779,0,2463,0,0
GRL.L,2779,2779,0,0,0,227
GROC.L,1075,2779,0,1704,0,0
GTC.L,2779,2779,0,0,0,0
GTLY.L,2672,2779,0,107,0,0
GUN.L,2779,2779,0,0,0,1
GWMO.L,2779,2779,0,0,0,0
HAYD.L,2779,2779,0,0,0,0
HCM.L,2779,2779,0,0,0,0
HDD.L,2779,2779,0,0,0,0
HE1.L,1279,2779,0,1500,0,0
HERC.L,985,2779,0,1794,0,0
HEX.L,439,2779,0,2340,0,0
HMI.L,2608,2779,0,171,0,0
HPOW.L,2779,2779,0,0,0,0
HRN.L,0,2779,0,2779,0,0
HSD.L,2779,2779,0,0,0,0
HSM.L,2779,2779,0,0,0,0
HSP.L,2779,2779,0,0,0,0
HSX.L,2779,2779,0,0,0,0
HUD.L,1888,2779,0,891,0,0
HUW.L,2779,2779,0,0,0,0
HVO.L,2779,2779,0,0,0,0
HVTA.L,2779,2779,0,0,0,0
IBAI.L,2779,2779,0,0,0,0
IES.L,2779,2779,0,0,0,1
IFRX.L,0,2779,0,2779,0,0
IGE.L,2779,2779,0,0,0,0
IGP.L,2779,2779,0,0,0,0
IGR.L,2779,2779,0,0,0,0
IHC.L,2779,2779,0,0,0,0
IKA.L,2779,2779,0,0,0,0
IMM.L,2779,2779,0,0,0,0
INDI.L,0,2779,0,2779,0,0
ING.L,2779,2779,0,0,0,0
INL.L,0,2779,0,2779,0,0
INSE.L,0,2779,0,2779,0,0
INSG.L,1174,2779,0,1605,0,0
INX.L,0,2779,0,2779,0,0
IOF.L,2779,2779,0,0,0,0
IOG.L,0,2779,0,2779,0,0
IOM.L,2779,2779,0,0,0,0
IPEL.L,0,2779,0,2779,0,0
IPX.L,2779,2779,0,0,0,0
IQE.L,2779,2779,0,0,0,0
IRON.L,2779,2779,0,0,0,0
ITIM.L,1140,2779,0,1639,0,0
ITM.L,2779,2779,0,0,0,0
ITX.L,2779,2779,0,0,0,0
IWG.L,2779,2779,0,0,0,0
IX.L,0,2779,0,2779,0,0
IXI.L,2779,2779,0,0,0,0
JAN.L,2150,2779,0,629,0,0
JDG.L,2779,2779,0,0,0,0
JEL.L,2779,2779,0,0,0,0
JET2.L,2779,2779,0,0,0,0
JHD.L,2779,2779,0,0,0,0
JIM.L,2779,2779,0,0,0,0
JLP.L,2779,2779,0,0,0,0
JNEO.L,2779,2779,0,0,0,0
JOG.L,2779,2779,0,0,0,0
JSE.L,1869,2779,0,910,0,0
KDNC.L,2779,2779,0,0,0,0
KEFI.L,2779,2779,0,0,0,0
KETL.L,2122,2779,0,657,0,0
KEYS.L,2044,2779,0,735,0,0
KGH.L,1897,2779,0,882,0,0
KIBO.L,0,2779,0,2779,0,0
KIST.L,1286,2779,0,1493,0,0
KMK.L,2779,2779,0,0,0,0
KOD.L,2779,2779,0,0,0,0
KOO.L,1346,2779,0,1433,0,0
KP2.L,1959,2779,0,820,0,0
KR1.L,423,2779,0,2356,0,0
KRM.L,1939,2779,0,840,0,0
KRPZ.L,1788,2779,0,991,0,0
KRS.L,2779,2779,0,0,0,1
KZG.L,2779,2779,0,0,0,0
LBG.L,1019,2779,0,1760,0,0
LDG.L,2195,2779,0,584,0,0
LEND.L,2779,2779,0,0,0,0
LEX.L,1277,2779,0,1502,0,0
LIKE.L,1103,2779,0,1676,0,0
LINV.L,1128,2779,0,1651,0,0
LND.L,2779,2779,0,0,0,0
LOOP.L,0,2779,0,2779,0,0
LORD.L,1124,2779,0,1655,0,0
LPA.L,2779,2779,0,0,0,0
LRE.L,2779,2779,0,0,0,0
LSC.L,2779,2779,0,0,0,0
LST.L,1062,2779,0,1717,0,0
LTHM.L,2779,2779,0,0,0,0
MAI.L,2779,2779,0,0,0,0
MANO.L,1778,2779,0,1001,0,0
MATD.L,2779,2779,0,0,0,0
MBH.L,2779,2779,0,0,0,0
MBO.L,2779,2779,0,0,0,1
MCON.L,2779,2779,0,0,0,0
MEN.L,0,2779,0,2779,0,0
MERC.L,2779,2779,0,0,0,0
MET.L,2779,2779,0,0,0,232
MET1.L,614,2779,0,2165,0,0
MEX.L,1067,2779,0,1712,0,0
MFAI.L,2779,2779,0,0,0,0
MFX.L,2779,2779,0,0,0,0
MHA.L,180,2779,0,2599,0,0
MICC.L,16,2779,0,2763,0,0
MIDW.L,2440,2779,0,339,0,0
MIND.L,1898,2779,0,881,0,0
MIRI.L,2028,2779,0,751,0,0
MKA.L,2413,2779,0,366,0,0
MLVN.L,2779,2779,0,0,0,0
MPAC.L,2779,2779,0,0,0,0
MPAL.L,90,2779,0,2689,0,0
MPE.L,2779,2779,0,0,0,0
MPL.L,2779,2779,0,0,0,0
MRK.L,1047,2779,0,1732,0,0
MRL.L,0,2779,0,2779,0,0
MSI.L,2779,2779,0,0,0,0
MTC.L,2779,2779,0,0,0,0
MTEC.L,1073,2779,0,1706,0,0
MTL.L,2779,2779,0,0,0,0
MUL.L,2779,2779,0,0,0,0
MWE.L,2779,2779,0,0,0,0
MYX.L,2779,2779,0,0,0,0
NAH.L,2779,2779,0,0,0,0
NAR.L,2779,2779,0,0,0,0
NBB.L,2779,2779,0,0,0,0
NCYT.L,2062,2779,0,717,0,0
NET.L,2779,2779,0,0,0,0
NEXS.L,2142,2779,0,637,0,0
NFG.L,2779,2779,0,0,0,0
NGHT.L,0,2779,0,2779,0,0
NICL.L,2779,2779,0,0,0,0
NIOX.L,2779,2779,0,0,0,0
NTBR.L,2779,2779,0,0,0,0
NTQ.L,0,2779,0,2779,0,0
NTVO.L,2779,2779,0,0,0,0
NWF.L,2779,2779,0,0,0,0
NWT.L,2779,2779,0,0,0,0
NXQ.L,2779,2779,0,0,0,0
OBD.L,2290,2779,0,489,0,0
OBI.L,1026,2779,0,1753,0,0
OMG.L,2779,2779,0,0,0,0
OMI.L,2779,2779,0,0,0,0
OMIP.L,2779,2779,0,0,0,0
OPT.L,320,2779,0,2459,0,0
OPTI.L,2779,2779,0,0,0,0
ORCA.L,1127,2779,0,1652,0,0
ORCH.L,2655,2779,0,124,0,0
ORCP.L,2779,2779,0,0,0,0
ORM.L,0,2779,0,2779,0,0
ORR.L,2779,2779,0,0,0,0
PACS.L,2779,2779,0,0,0,0
PALM.L,1510,2779,0,1269,0,0
PAM.L,2779,2779,0,0,0,0
PANR.L,2779,2779,0,0,0,0
PAT.L,2026,2779,0,753,0,0
PCH.L,2779,2779,0,0,0,0
PCIP.L,2779,2779,0,0,0,0
PDL.L,2779,2779,0,0,0,0
PEB.L,2779,2779,0,0,0,0
PEBB.L,1532,2779,0,1247,0,0
PEEL.L,1074,2779,0,1705,0,0
PEG.L,2779,2779,0,0,0,0
PEN.L,2779,2779,0,0,0,0
PET.L,2779,2779,0,0,0,0
PGH.L,2779,2779,0,0,0,0
PHE.L,2779,2779,0,0,0,0
PIER.L,0,2779,0,2779,0,0
PLSR.L,304,2779,0,2475,0,0
PMG.L,2779,2779,0,0,0,0
PMI.L,2332,2779,0,447,0,0
PMP.L,2779,2779,0,0,0,0
PNS.L,2779,2779,0,0,0,0
POLB.L,1125,2779,0,1654,0,0
POLX.L,0,2779,0,2779,0,0
POS.L,2779,2779,0,0,0,0
POW.L,2779,2779,0,0,0,0
PPH.L,2779,2779,0,0,0,0
PPHC.L,1018,2779,0,1761,0,0
PR1.L,254,2779,0,2525,0,0
PRD.L,1922,2779,0,857,0,0
PREM.L,2779,2779,0,0,0,7
PRM.L,2779,2779,0,0,0,0
PRO.L,2756,2779,0,23,0,0
PTAL.L,1772,2779,0,1007,0,0
PTEC.L,2779,2779,0,0,0,0
PTY.L,0,2779,0,2779,0,0
PULS.L,2779,2779,0,0,0,0
PWR.L,13,2779,0,2766,0,0
PXC.L,2150,2779,0,629,0,0
PXEN.L,2779,2779,0,0,0,0
PXS.L,2779,2779,0,0,0,0
QBT.L,2779,2779,0,0,0,0
QED.L,2779,2779,0,0,0,0
QHE.L,2779,2779,0,0,0,2
QTX.L,2779,2779,0,0,0,0
QUBE.L,187,2779,0,2592,0,0
QUIZ.L,0,2779,0,2779,0,0
RAI.L,0,2779,0,2779,0,0
RBD.L,2779,2779,0,0,0,0
RBGP.L,0,2779,0,2779,0,0
RBW.L,2254,2779,0,525,0,0
RCFX.L,229,2779,0,2550,0,0
RCN.L,2779,2779,0,0,0,0
RDT.L,2779,2779,0,0,0,0
REAT.L,2779,2779,0,0,0,0
REDX.L,0,2779,0,2779,0,0
RENE.L,0,2779,0,2779,0,0
RENX.L,1806,2779,0,973,0,0
REVB.L,1125,2779,0,1654,0,205
RFG.L,2779,2779,0,0,0,0
RFX.L,2242,2779,0,537,0,0
RGG.L,96,2779,0,2683,0,0
RHIM.L,2065,2779,0,714,0,0
RKH.L,2779,2779,0,0,0,0
RMR.L,2779,2779,0,0,0,0
RNO.L,0,2779,0,2779,0,0
RNWH.L,2779,2779,0,0,0,0
ROAD.L,2779,2779,0,0,0,495
ROCK.L,2779,2779,0,0,0,0
ROSE.L,374,2779,0,2405,0,0
RQIH.L,0,2779,0,2779,0,0
RRR.L,2779,2779,0,0,0,0
RST.L,2779,2779,0,0,0,0
RTC.L,2779,2779,0,0,0,0
RVRB.L,207,2779,0,2572,0,0
RVRG.L,2779,2779,0,0,0,0
RWS.L,2779,2779,0,0,0,0
SAA.L,2779,2779,0,0,0,0
SAAS.L,1122,2779,0,1657,0,0
SAG.L,2779,2779,0,0,0,0
SAL.L,2779,2779,0,0,0,0
SALT.L,485,2779,0,2294,0,0
SAR.L,2779,2779,0,0,0,0
SAV.L,2779,2779,0,0,0,0
SAVE.L,2779,2779,0,0,0,642
SBDS.L,0,2779,0,2779,0,0
SBTX.L,2207,2779,0,572,0,1
SCE.L,0,2779,0,2779,0,0
SCHO.L,0,2779,0,2779,0,0
SCLP.L,2779,2779,0,0,0,0
SDG.L,2779,2779,0,0,0,0
SDI.L,2779,2779,0,0,0,0
SDX.L,0,2779,0,2779,0,0
SEA.L,1537,2779,0,1242,0,0
SEE.L,2779,2779,0,0,0,0
SEEN.L,2087,2779,0,692,0,0
SEI.L,5,2779,0,2774,0,0
SELK.L,290,2779,0,2489,0,0
SENX.L,0,2779,0,2779,0,0
SFT.L,2779,2779,0,0,0,0
SGN.L,0,2779,0,2779,0,0
SHOE.L,2779,2779,0,0,0,0
SIXH.L,0,2779,0,2779,0,0
SKA.L,2779,2779,0,0,0,0
SKL.L,1029,2779,0,1750,0,0
SLP.L,2779,2779,0,0,0,0
SML.L,2779,2779,0,0,0,0
SND.L,0,2779,0,2779,0,0
SNDA.L,2779,2779,0,0,0,1
SNG.L,0,2779,0,2779,0,0
SNT.L,2779,2779,0,0,0,1
SNX.L,2779,2779,0,0,0,0
SOLI.L,2779,2779,0,0,0,0
SOM.L,2779,2779,0,0,0,0
SORT.L,2779,2779,0,0,0,150
SOS.L,1768,2779,0,1011,0,0
SOU.L,2779,2779,0,0,0,0
SOUC.L,1109,2779,0,1670,0,0
SPEC.L,1475,2779,0,1304,0,0
SPR.L,2074,2779,0,705,0,0
SPSC.L,2779,2779,0,0,0,0
SPSY.L,2779,2779,0,0,0,0
SQZ.L,2779,2779,0,0,0,7
SRB.L,2779,2779,0,0,0,0
SRC.L,2779,2779,0,0,0,0
SRES.L,2779,2779,0,0,0,0
SRT.L,2779,2779,0,0,0,0
SSTY.L,2779,2779,0,0,0,0
STAF.L,2779,2779,0,0,0,0
STAR.L,2779,2779,0,0,0,0
STCM.L,2779,2779,0,0,0,0
STG.L,977,2779,0,1802,0,0
STX.L,2487,2779,0,292,0,0
SUH.L,2779,2779,0,0,0,0
SUN.L,2779,2779,0,0,0,0
SUP.L,1241,2779,0,1538,0,0
SVML.L,1020,2779,0,1759,0,0
SWG.L,2779,2779,0,0,0,0
SWT.L,2779,2779,0,0,0,0
SYM.L,2779,2779,0,0,0,0
SYN.L,2779,2779,0,0,0,0
SYS.L,2779,2779,0,0,0,0
SYS1.L,2779,2779,0,0,0,0
TAM.L,2145,2779,0,634,0,0
TAN.L,2779,2779,0,0,0,0
TAND.L,600,2779,0,2179,0,0
TAP.L,131,2779,0,2648,0,0
TBLD.L,1215,2779,0,1564,0,0
TCAP.L,2779,2779,0,0,0,0
TCF.L,2576,2779,0,203,0,0
TEAM.L,1216,2779,0,1563,0,0
TEK.L,2779,2779,0,0,0,0
TENG.L,2045,2779,0,734,0,0
TERN.L,2779,2779,0,0,0,0
TFW.L,2779,2779,0,0,0,0
TGP.L,1904,2779,0,875,0,0
THAT.L,2779,2779,0,0,0,0
THR.L,2779,2779,0,0,0,0
THRU.L,2779,2779,0,0,0,0
THS.L,2418,2779,0,361,0,0
THX.L,1144,2779,0,1635,0,0
TIA.L,2779,2779,0,0,0,0
TIDE.L,2779,2779,0,0,0,0
TIG.L,2779,2779,0,0,0,0
TIME.L,2779,2779,0,0,0,0
TIN.L,1230,2779,0,1549,0,0
TLM.L,2779,2779,0,0,0,0
TMG.L,2779,2779,0,0,0,0
TMIP.L,1161,2779,0,1618,0,0
TMO.L,2414,2779,0,365,0,0
TND.L,2779,2779,0,0,0,0
TOM.L,2779,2779,0,0,0,0
TON.L,2779,2779,0,0,0,0
TPFG.L,2779,2779,0,0,0,0
TPX.L,1786,2779,0,993,0,0
TRAC.L,2779,2779,0,0,0,0
TRAF.L,2779,2779,0,0,0,0
TRB.L,2779,2779,0,0,0,268
TRC.L,0,2779,0,2779,0,0
TRCS.L,2779,2779,0,0,0,0
TRLS.L,1160,2779,0,1619,0,0
TRP.L,2779,2779,0,0,0,0
TRT.L,2779,2779,0,0,0,0
TRU.L,1985,2779,0,794,0,0
TRUE.L,2779,2779,0,0,0,0
TRX.L,0,2779,0,2779,0,0
TSTL.L,2779,2779,0,0,0,0
TUN.L,1058,2779,0,1721,0,0
TUNE.L,2779,2779,0,0,0,0
TWD.L,0,2779,0,2779,0,0
TXP.L,2153,2779,0,626,0,0
TYM.L,2779,2779,0,0,0,0
UBG.L,0,2779,0,2779,0,0
UFO.L,2779,2779,0,0,0,0
UJO.L,2779,2779,0,0,0,0
UKOG.L,2779,2779,0,0,0,0
UKR.L,2779,2779,0,0,0,0
ULTP.L,2232,2779,0,547,0,0
UOG.L,2562,2779,0,217,0,1
UPL.L,2573,2779,0,206,0,0
UPR.L,1632,2779,0,1147,0,0
URU.L,2779,2779,0,0,0,0
VAL.L,2779,2779,0,0,0,0
VAST.L,2779,2779,0,0,0,0
VCP.L,2779,2779,0,0,0,0
VEL.L,2179,2779,0,600,0,0
VIC.L,1144,2779,0,1635,0,0
VINO.L,1220,2779,0,1559,0,0
VLE.L,2779,2779,0,0,0,0
VLG.L,2779,2779,0,0,0,0
VNET.L,2779,2779,0,0,0,0
VRCI.L,1302,2779,0,1477,0,0
VRS.L,0,2779,0,2779,0,0
VTU.L,2779,2779,0,0,0,0
VZLA.L,1037,2779,0,1742,0,0
W7L.L,2294,2779,0,485,0,0
WATR.L,2779,2779,0,0,0,0
WBI.L,0,2779,0,2779,0,0
WINE.L,2779,2779,0,0,0,0
WINK.L,2779,2779,0,0,0,0
WISE.L,1133,2779,0,1646,0,1
WIZZ.L,2741,2779,0,38,0,0
WJG.L,2469,2779,0,310,0,0
WKS.L,284,2779,0,2495,0,0
WNX.L,197,2779,0,2582,0,0
WPHO.L,2718,2779,0,61,0,0
WPP.L,2779,2779,0,0,0,1
WRKS.L,1883,2779,0,896,0,0
WSBN.L,2779,2779,0,0,0,0
WSG.L,0,2779,0,2779,0,0
WSP.L,2779,2779,0,0,0,0
WTE.L,2779,2779,0,0,0,0
WVIA.L,41,2779,0,2738,0,0
WYN.L,2779,2779,0,0,0,0
XLM.L,2779,2779,0,0,0,138
XPF.L,2396,2779,0,383,0,0
XSG.L,2779,2779,0,0,0,0
XTR.L,2779,2779,0,0,0,0
YCA.L,1893,2779,0,886,0,0
YOU.L,2779,2779,0,0,0,0
YU.L,2473,2779,0,306,0,0
ZAM.L,2779,2779,0,0,0,0
ZED.L,1122,2779,0,1657,0,0
ZIN.L,2779,2779,0,0,0,0
ZIOC.L,2779,2779,0,0,0,0
ZOO.L,2779,2779,0,0,0,0
ZPHR.L,2779,2779,0,0,0,0
ZYT.L,0,2779,0,2779,0,0
