Date,ticker,previous_close,Open,High,Low,Close,Adj Close,close_ratio,Volume,Dividends,Stock Splits,near_100x_jump,large_price_move,reported_split
2024-07-01,80M.L,0.30000001192092896,0.3400000035762787,0.7269999980926514,0.33000001311302185,0.6499999761581421,0.6499999761581421,2.1666665010982156,851123676,0.0,0.0,False,True,False
2025-09-10,80M.L,0.3199999928474426,0.3199999928474426,0.800000011920929,0.30000001192092896,0.6800000071525574,0.6800000071525574,2.125000069849195,985403970,0.0,0.0,False,True,False
2025-05-08,88E.L,1.5750000476837158,0.06800000369548798,0.07500000298023224,0.05999999865889549,0.06499999761581421,0.06499999761581421,0.04126983850661267,32545548,0.0,0.04,False,True,True
2025-05-13,88E.L,0.057999998331069946,1.3250000476837158,1.3980000019073486,0.8500000238418579,1.100000023841858,1.100000023841858,18.96551819817209,5294539,0.0,0.0,False,True,False
2024-01-26,AEG.L,1.7000000476837158,0.8999999761581421,0.9959999918937683,0.4000000059604645,0.5,0.5,0.29411763880904596,40000989,0.0,0.0,False,True,False
2024-03-05,AEG.L,0.32499998807907104,0.550000011920929,1.3799999952316284,0.44999998807907104,0.9319999814033508,0.9319999814033508,2.8676923556581775,188674968,0.0,0.0,False,True,False
2025-06-20,AEG.L,0.2150000035762787,0.2150000035762787,0.7850000262260437,0.20000000298023224,0.550000011920929,0.550000011920929,2.5581395477781816,21538795,0.0,0.0,False,True,False
2025-07-30,AGI.L,17.5,17.5,18.75,16.040000915527344,17.0,17.0,0.9714285714285714,100409,0.0,0.1,False,False,True
2024-06-25,AMP.L,1.0499999523162842,1.2000000476837158,2.700000047683716,1.100000023841858,2.299999952316284,2.299999952316284,2.190476244539363,76366143,0.0,0.0,False,True,False
2025-08-05,AMP.L,1.899999976158142,1.899999976158142,5.0,1.7999999523162842,4.599999904632568,4.599999904632568,2.4210526117657687,16004625,0.0,0.0,False,True,False
2025-06-02,ANGS.L,0.23999999463558197,0.002400000113993883,0.002400000113993883,0.002400000113993883,0.002400000113993883,0.002400000113993883,0.010000000698491947,0,0.0,0.0,True,True,False
2024-07-24,APTA.L,0.550000011920929,0.550000011920929,0.6000000238418579,0.20000000298023224,0.25,0.25,0.4545454446934474,113261811,0.0,0.0,False,True,False
2025-10-20,ARCM.L,1.0499999523162842,0.8500000238418579,0.8999999761581421,0.44999998807907104,0.5249999761581421,0.5249999761581421,0.5,179985071,0.0,0.0,False,True,False
2025-12-19,AUTG.L,10.0,0.10000000149011612,0.10000000149011612,0.10000000149011612,0.10000000149011612,0.10000000149011612,0.010000000149011612,0,0.0,0.0,True,True,False
2025-12-22,AUTG.L,0.10000000149011612,10.0,10.0,10.0,10.0,10.0,99.99999850988391,0,0.0,0.0,True,True,False
2025-12-05,AYM.L,3.0,3.25,10.0,3.5,8.25,8.25,2.75,9414623,0.0,0.0,False,True,False
2025-07-15,BBSN.L,63.0,62.0,64.0,49.0,60.5,60.49677276611328,0.9603174603174603,3651037,0.0,0.05,False,False,True
2024-06-03,BCE.L,0.057999998331069946,0.032999999821186066,0.029999999329447746,0.009999999776482582,0.013000000268220901,0.013000000268220901,0.22413794210847326,575,0.0,0.0,False,True,False
2024-06-24,BCE.L,0.014000000432133675,0.00800000037997961,0.008999999612569809,0.003000000026077032,0.004999999888241291,0.004999999888241291,0.35714283813627457,2622,0.0,0.0,False,True,False
2024-07-01,BCE.L,0.007000000216066837,7.000000186963007e-05,7.000000186963007e-05,7.000000186963007e-05,7.000000186963007e-05,7.000000186963007e-05,0.0099999999584231,0,0.0,0.0,True,True,False
2024-10-07,BCE.L,7.000000186963007e-05,0.007000000216066837,0.007000000216066837,0.007000000216066837,0.007000000216066837,0.007000000216066837,100.000000415769,0,0.0,0.0,True,True,False
2025-06-30,BCE.L,0.004000000189989805,3.9999998989515007e-05,3.9999998989515007e-05,3.9999998989515007e-05,3.9999998989515007e-05,3.9999998989515007e-05,0.009999999272404273,0,0.0,0.0,True,True,False
2025-12-22,BCE.L,3.9999998989515007e-05,0.03999999910593033,0.03999999910593033,0.03999999910593033,0.03999999910593033,0.03999999910593033,1000.0000029103832,0,0.0,0.0,False,True,False
2025-12-31,BCE.L,0.03999999910593033,3.9999998989515007e-05,3.9999998989515007e-05,3.9999998989515007e-05,3.9999998989515007e-05,3.9999998989515007e-05,0.000999999997089617,0,0.0,0.001,False,True,True
2024-06-17,BEM.L,40.0,41.0,41.45000076293945,37.0,40.0,40.0,1.0,212,0.0,0.02,False,False,True
2024-04-10,BMTO.L,2100.0,21.0,21.0,21.0,21.0,20.79849624633789,0.01,0,0.0,0.0,True,True,False
2024-04-15,BMTO.L,21.0,2100.0,2100.0,2100.0,2100.0,2079.849609375,100.0,0,0.0,0.0,True,True,False
2024-06-05,BMTO.L,2200.0,22.0,22.0,22.0,22.0,21.78986167907715,0.01,0,0.0,0.0,True,True,False
2024-06-24,BMTO.L,22.0,2200.0,2200.0,2200.0,2200.0,2178.986328125,100.0,0,0.0,0.0,True,True,False
2024-07-22,BMTO.L,2000.0,19.5,19.5,19.5,19.5,19.31374168395996,0.00975,0,0.0,0.0,True,True,False
2024-07-23,BMTO.L,19.5,1950.0,1950.0,1950.0,1950.0,1931.3741455078125,100.0,0,0.0,0.0,True,True,False
2024-08-05,BMTO.L,1950.0,19.5,19.5,19.5,19.5,19.31374168395996,0.01,0,0.0,0.0,True,True,False
2024-12-09,BMTO.L,19.5,1950.0,1950.0,1950.0,1950.0,1936.5880126953125,100.0,0,0.0,0.0,True,True,False
2024-12-20,BMTO.L,1550.0,15.5,15.5,15.5,15.5,15.393391609191895,0.01,0,0.0,0.0,True,True,False
2024-12-23,BMTO.L,15.5,1550.0,1550.0,1550.0,1550.0,1539.339111328125,100.0,0,0.0,0.0,True,True,False
2025-01-10,BMTO.L,1650.0,16.5,16.5,16.5,16.5,16.386512756347656,0.01,0,0.0,0.0,True,True,False
2025-01-14,BMTO.L,16.5,1650.0,1650.0,1650.0,1650.0,1638.6512451171875,100.0,0,0.0,0.0,True,True,False
2025-01-29,BMTO.L,1650.0,16.5,16.5,16.5,16.5,16.386512756347656,0.01,0,0.0,0.0,True,True,False
2025-02-10,BMTO.L,16.5,1650.0,1650.0,1650.0,1650.0,1638.6512451171875,100.0,0,0.0,0.0,True,True,False
2025-03-10,BMTO.L,1550.0,15.5,15.5,15.5,15.5,15.393391609191895,0.01,0,0.0,0.0,True,True,False
2025-03-19,BMTO.L,15.5,1550.0,1550.0,1550.0,1550.0,1539.339111328125,100.0,0,0.0,0.0,True,True,False
2025-04-07,BMTO.L,1550.0,15.5,15.5,15.5,15.5,15.393391609191895,0.01,0,0.0,0.0,True,True,False
2025-04-28,BMTO.L,15.5,1550.0,1550.0,1550.0,1550.0,1539.339111328125,100.0,0,0.0,0.0,True,True,False
2025-05-14,BMTO.L,1500.0,15.0,15.0,15.0,15.0,14.897791862487793,0.01,0,0.0,0.0,True,True,False
2025-06-18,BMTO.L,15.0,1500.0,1500.0,1500.0,1500.0,1489.7791748046875,100.0,0,0.0,0.0,True,True,False
2025-06-25,BMTO.L,1500.0,15.0,15.0,15.0,15.0,14.897791862487793,0.01,0,0.0,0.0,True,True,False
2025-09-01,BMTO.L,15.0,1500.0,1500.0,1500.0,1500.0,1489.7791748046875,100.0,0,0.0,0.0,True,True,False
2025-09-10,BMTO.L,1500.0,15.0,15.0,15.0,15.0,14.897791862487793,0.01,0,0.0,0.0,True,True,False
2025-09-15,BMTO.L,15.0,1500.0,1500.0,1500.0,1500.0,1489.7791748046875,100.0,0,0.0,0.0,True,True,False
2025-09-22,BMTO.L,1500.0,15.0,15.0,15.0,15.0,14.897791862487793,0.01,0,0.0,0.0,True,True,False
2025-09-29,BMTO.L,15.0,1500.0,1500.0,1500.0,1500.0,1489.7791748046875,100.0,0,0.0,0.0,True,True,False
2025-10-13,BMTO.L,1500.0,15.0,15.0,15.0,15.0,14.89838695526123,0.01,0,0.0,0.0,True,True,False
2025-11-10,BMTO.L,15.0,1500.0,1500.0,1500.0,1500.0,1489.8387451171875,100.0,0,0.0,0.0,True,True,False
2025-11-19,BMTO.L,1400.0,14.0,14.0,14.0,14.0,13.905160903930664,0.01,0,0.0,0.0,True,True,False
2025-11-24,BMTO.L,14.0,1400.0,1400.0,1400.0,1400.0,1390.51611328125,100.0,0,0.0,0.0,True,True,False
2025-12-03,BMTO.L,1400.0,14.0,14.0,14.0,14.0,13.905160903930664,0.01,0,0.0,0.0,True,True,False
2025-12-31,BMTO.L,14.0,1400.0,1400.0,1400.0,1400.0,1390.51611328125,100.0,0,0.0,0.0,True,True,False
2025-12-19,BOW.L,0.41499999165534973,0.004149999935179949,0.004149999935179949,0.004149999935179949,0.004149999935179949,0.004149999935179949,0.010000000044883016,0,0.0,0.0,True,True,False
2025-12-22,BOW.L,0.004149999935179949,0.41499999165534973,0.41499999165534973,0.41499999165534973,0.41499999165534973,0.41499999165534973,99.99999955116984,0,0.0,0.0,True,True,False
2024-09-16,CHAR.L,3.1649999618530273,1.850000023841858,2.0,1.25,1.2999999523162842,1.2999999523162842,0.4107424859351869,176711960,0.0,0.0,False,True,False
2024-04-22,CHL.L,0.20800000429153442,20.799999237060547,20.799999237060547,20.799999237060547,20.799999237060547,20.799999237060547,99.99999426878428,0,0.0,0.0,True,True,False
2024-04-30,CHL.L,20.799999237060547,12.5,8.899999618530273,3.049999952316284,5.0,5.0,0.24038462420187084,738806,0.0,0.0,False,True,False
2024-06-14,CHL.L,2.25,0.02250000089406967,0.02250000089406967,0.02250000089406967,0.02250000089406967,0.02250000089406967,0.010000000397364298,0,0.0,0.0,True,True,False
2024-06-06,CLON.L,0.035999998450279236,0.035999998450279236,0.03500000014901161,0.013000000268220901,0.01600000075995922,0.01600000075995922,0.44444448468677966,672216300,0.0,0.0,False,True,False
2025-08-21,CMX.L,52.5,0.5249999761581421,0.5249999761581421,0.5249999761581421,0.5249999761581421,0.5249999761581421,0.009999999545869373,0,0.0,0.0,True,True,False
2025-08-26,CMX.L,0.5249999761581421,52.5,52.5,52.5,52.5,52.5,100.00000454130648,0,0.0,0.0,True,True,False
2025-09-22,CMX.L,52.5,0.5249999761581421,0.5249999761581421,0.5249999761581421,0.5249999761581421,0.5249999761581421,0.009999999545869373,0,0.0,0.0,True,True,False
2025-09-23,CMX.L,0.5249999761581421,52.5,52.5,52.5,52.5,52.5,100.00000454130648,28350,0.0,0.0,True,True,False
2025-08-21,COPC.L,11.75,0.11749999970197678,0.11749999970197678,0.11749999970197678,0.11749999970197678,0.11749999970197678,0.009999999974636322,0,0.0,0.0,True,True,False
2025-08-26,COPC.L,0.11749999970197678,11.75,11.75,11.75,11.75,11.75,100.00000025363678,0,0.0,0.0,True,True,False
2025-02-07,CORO.L,18.0,16.25,16.899999618530273,15.0,15.989999771118164,15.989999771118164,0.8883333206176758,194261,0.0,0.01,False,False,True
2024-03-13,CPX.L,0.4000000059604645,0.15000000596046448,0.15000000596046448,0.05999999865889549,0.07999999821186066,0.07999999821186066,0.19999999254941953,303086038,0.0,0.0,False,True,False
2024-03-15,CPX.L,0.06300000101327896,0.06300000101327896,0.2199999988079071,0.057999998331069946,0.19499999284744263,0.19499999284744263,3.0952379319222723,693838370,0.0,0.0,False,True,False
2024-06-18,CPX.L,0.07900000363588333,0.08100000023841858,0.2370000034570694,0.08100000023841858,0.23499999940395355,0.23499999940395355,2.974683399852554,1022528213,0.0,0.0,False,True,False
2024-05-31,CRTX.L,14.399999618530273,24.0,28.0,9.600000381469727,11.5,11.5,0.7986111322670812,145573,0.0,0.00625,False,False,True
2024-07-03,CRTX.L,6.25,6.25,30.899999618530273,6.485000133514404,16.799999237060547,16.799999237060547,2.6879998779296876,2954385,0.0,0.0,False,True,False
2024-02-12,CTAI.L,0.6000000238418579,0.625,0.550000011920929,0.550000011920929,0.625,0.625,1.041666625274554,121,0.0,0.2,False,False,True
2025-04-22,CTAI.L,0.2849999964237213,0.2849999964237213,0.8999999761581421,0.2800000011920929,0.824999988079071,0.824999988079071,2.8947368366016026,448089899,0.0,0.0,False,True,False
2024-11-27,CTL.L,20.0,15.0,20.0,19.0,19.5,19.5,0.975,68502,0.0,0.5,False,False,True
2025-10-06,DISH.L,0.001129999989643693,0.11299999803304672,0.11299999803304672,0.11299999803304672,0.11299999803304672,0.11299999803304672,99.99999917582072,0,0.0,0.0,True,True,False
2024-02-19,DSG.L,11.0,0.10999999940395355,0.10999999940395355,0.10999999940395355,0.10999999940395355,0.10999999940395355,0.00999999994581396,0,0.0,0.0,True,True,False
2024-02-26,DSG.L,0.10999999940395355,11.0,11.0,11.0,11.0,11.0,100.00000054186042,0,0.0,0.0,True,True,False
2024-08-05,DSG.L,9.0,0.09000000357627869,0.09000000357627869,0.09000000357627869,0.09000000357627869,0.09000000357627869,0.010000000397364298,0,0.0,0.0,True,True,False
2024-08-12,DSG.L,0.09000000357627869,9.0,9.0,9.0,9.0,9.0,99.99999602635717,0,0.0,0.0,True,True,False
2024-11-11,DSG.L,9.5,0.0949999988079071,0.09099999815225601,0.09000000357627869,0.0949999988079071,0.0949999988079071,0.009999999874516538,3010,0.0,0.0,True,True,False
2024-11-18,DSG.L,0.0949999988079071,9.5,9.5,9.5,9.5,9.5,100.00000125483464,0,0.0,0.0,True,True,False
2024-12-27,DSG.L,7.25,0.07249999791383743,0.07249999791383743,0.07249999791383743,0.07249999791383743,0.07249999791383743,0.00999999971225344,0,0.0,0.0,True,True,False
2024-12-30,DSG.L,0.07249999791383743,7.25,7.25,7.25,7.25,7.25,100.00000287746569,0,0.0,0.0,True,True,False
2025-01-17,DSG.L,7.25,0.07249999791383743,0.07249999791383743,0.07249999791383743,0.07249999791383743,0.07249999791383743,0.00999999971225344,0,0.0,0.0,True,True,False
2025-01-20,DSG.L,0.07249999791383743,7.25,7.25,7.25,7.25,7.25,100.00000287746569,0,0.0,0.0,True,True,False
2025-06-11,DSG.L,9.0,0.09000000357627869,0.09000000357627869,0.09000000357627869,0.09000000357627869,0.09000000357627869,0.010000000397364298,0,0.0,0.0,True,True,False
2025-06-18,DSG.L,0.09000000357627869,9.0,9.0,9.0,9.0,9.0,99.99999602635717,0,0.0,0.0,True,True,False
2025-07-07,DSG.L,9.0,0.09000000357627869,0.09000000357627869,0.09000000357627869,0.09000000357627869,0.09000000357627869,0.010000000397364298,0,0.0,0.0,True,True,False
2025-07-14,DSG.L,0.09000000357627869,9.0,9.0,9.0,9.0,9.0,99.99999602635717,0,0.0,0.0,True,True,False
2025-08-15,DSG.L,9.0,0.09000000357627869,0.09000000357627869,0.09000000357627869,0.09000000357627869,0.09000000357627869,0.010000000397364298,0,0.0,0.0,True,True,False
2025-08-18,DSG.L,0.09000000357627869,9.0,9.0,9.0,9.0,9.0,99.99999602635717,0,0.0,0.0,True,True,False
2025-09-10,DSG.L,9.0,0.09000000357627869,0.09000000357627869,0.09000000357627869,0.09000000357627869,0.09000000357627869,0.010000000397364298,0,0.0,0.0,True,True,False
2025-09-22,DSG.L,0.09000000357627869,9.0,9.0,9.0,9.0,9.0,99.99999602635717,0,0.0,0.0,True,True,False
2025-10-17,DSG.L,9.5,0.0949999988079071,0.0949999988079071,0.0949999988079071,0.0949999988079071,0.0949999988079071,0.009999999874516538,0,0.0,0.0,True,True,False
2025-10-20,DSG.L,0.0949999988079071,9.5,9.5,9.5,9.5,9.5,100.00000125483464,0,0.0,0.0,True,True,False
2025-11-03,DSG.L,9.5,0.0949999988079071,0.0949999988079071,0.0949999988079071,0.0949999988079071,0.0949999988079071,0.009999999874516538,0,0.0,0.0,True,True,False
2025-11-04,DSG.L,0.0949999988079071,9.5,9.5,9.5,9.5,9.5,100.00000125483464,0,0.0,0.0,True,True,False
2025-12-12,DSG.L,8.5,0.08500000089406967,0.08500000089406967,0.08500000089406967,0.08500000089406967,0.08500000089406967,0.010000000105184667,0,0.0,0.0,True,True,False
2025-12-29,DSG.L,0.08500000089406967,8.5,8.5,8.5,8.5,8.5,99.99999894815333,0,0.0,0.0,True,True,False
2024-04-08,EARN.L,7.800000190734863,7.75,7.625,7.5,7.75,7.75,0.9935897192933077,827619,0.0,0.01,False,False,True
2024-04-24,ELEG.L,0.020999999716877937,2.0999999046325684,2.0999999046325684,2.0999999046325684,2.0999999046325684,2.0999999046325684,99.99999680689399,0,0.0,0.0,True,True,False
2024-11-28,ELEG.L,0.23999999463558197,0.002400000113993883,0.002400000113993883,0.002400000113993883,0.002400000113993883,0.002400000113993883,0.010000000698491947,0,0.0,0.0,True,True,False
2025-03-24,ELEG.L,0.002400000113993883,0.23999999463558197,0.23999999463558197,0.23999999463558197,0.23999999463558197,0.23999999463558197,99.99999301508102,0,0.0,0.0,True,True,False
2025-04-02,ELEG.L,0.23999999463558197,0.05000000074505806,0.054999999701976776,0.03500000014901161,0.05000000074505806,0.05000000074505806,0.20833334109435497,3614378,0.0,0.0,False,True,False
2025-06-26,ELEG.L,0.07500000298023224,0.000750000006519258,0.000750000006519258,0.000750000006519258,0.000750000006519258,0.000750000006519258,0.009999999689559154,0,0.0,0.0,True,True,False
2025-05-14,EME.L,0.09300000220537186,0.09300000220537186,0.09399999678134918,0.029999999329447746,0.0430000014603138,0.0430000014603138,0.46236559613576045,928874165,0.0,0.0,False,True,False
2025-07-17,EME.L,0.019999999552965164,0.019999999552965164,0.1289999932050705,0.01899999938905239,0.10999999940395355,0.10999999940395355,5.500000093132259,960,0.0,0.0,False,True,False
2025-11-11,EME.L,0.05999999865889549,0.05999999865889549,0.12999999523162842,0.054999999701976776,0.11999999731779099,0.11999999731779099,2.0,1177,0.0,0.0,False,True,False
2025-11-19,EME.L,0.09300000220537186,0.09000000357627869,0.09000000357627869,0.04500000178813934,0.04500000178813934,0.04500000178813934,0.4838709754948808,947949677,0.0,0.0,False,True,False
2025-03-25,EMH.L,8.625,8.625,22.0,8.267000198364258,22.0,22.0,2.550724637681159,8959301,0.0,0.0,False,True,False
2024-10-14,EML.L,2.5999999046325684,1.600000023841858,1.4199999570846558,0.6000000238418579,0.7749999761581421,0.7749999761581421,0.2980769248403742,104407542,0.0,0.0,False,True,False
2024-10-28,EML.L,0.5619999766349792,0.25,0.3499999940395355,0.20000000298023224,0.2800000011920929,0.2800000011920929,0.49822066340396626,35529979,0.0,0.0,False,True,False
2024-11-01,EML.L,0.41499999165534973,0.44999998807907104,1.0,0.4000000059604645,0.8799999952316284,0.8799999952316284,2.1204819588585755,116304992,0.0,0.0,False,True,False
2025-08-14,EPP.L,5.349999904632568,5.349999904632568,5.5,2.305000066757202,2.4000000953674316,2.4000000953674316,0.4485981566633805,64261833,0.0,0.0,False,True,False
2025-09-26,EPP.L,2.3499999046325684,2.299999952316284,6.5,2.2660000324249268,6.349999904632568,6.349999904632568,2.702127728650021,76734640,0.0,0.0,False,True,False
2025-01-22,EXR.L,0.6880000233650208,0.7749999761581421,2.5399999618530273,0.800000011920929,2.200000047683716,2.200000047683716,3.1976743793168425,93416073,0.0,0.0,False,True,False
2024-02-05,FADL.L,143.5,1.434999942779541,1.4470000267028809,1.4444999694824219,1.440000057220459,1.440000057220459,0.010034843604323756,6000,0.0,0.0,True,True,False
2024-02-28,FADL.L,1.440000057220459,144.0,144.0,144.0,144.0,144.0,99.99999602635717,0,0.0,0.0,True,True,False
2024-03-18,FADL.L,142.5,1.4249999523162842,1.4249999523162842,1.4249999523162842,1.4249999523162842,1.4249999523162842,0.009999999665377433,0,0.0,0.0,True,True,False
2024-04-15,FADL.L,1.4249999523162842,142.5,142.5,142.5,142.5,142.5,100.00000334622578,0,0.0,0.0,True,True,False
2024-04-26,FADL.L,142.5,1.4249999523162842,1.4249999523162842,1.4249999523162842,1.4249999523162842,1.4249999523162842,0.009999999665377433,0,0.0,0.0,True,True,False
2024-05-01,FADL.L,1.4249999523162842,142.5,142.5,142.5,142.5,142.5,100.00000334622578,0,0.0,0.0,True,True,False
2024-05-24,FADL.L,138.0,1.3799999952316284,1.3799999952316284,1.3799999952316284,1.3799999952316284,1.3799999952316284,0.009999999965446583,0,0.0,0.0,True,True,False
2024-07-01,FADL.L,1.3799999952316284,138.0,138.0,138.0,138.0,138.0,100.00000034553418,0,0.0,0.0,True,True,False
2024-08-15,FADL.L,121.5,1.215000033378601,1.215000033378601,1.215000033378601,1.215000033378601,1.215000033378601,0.010000000274720996,0,0.0,0.0,True,True,False
2024-10-29,FADL.L,1.0750000476837158,107.5,107.5,107.5,107.5,107.5,99.9999955643057,0,0.0,0.0,True,True,False
2024-11-11,FADL.L,60.0,0.6000000238418579,0.6000000238418579,0.6000000238418579,0.6000000238418579,0.6000000238418579,0.010000000397364298,0,0.0,0.0,True,True,False
2024-11-25,FADL.L,0.6000000238418579,60.0,60.0,60.0,60.0,60.0,99.99999602635717,0,0.0,0.0,True,True,False
2024-12-13,FADL.L,70.0,0.699999988079071,0.699999988079071,0.699999988079071,0.699999988079071,0.699999988079071,0.009999999829701015,0,0.0,0.0,True,True,False
2025-01-20,FADL.L,0.699999988079071,70.0,70.0,70.0,70.0,70.0,100.00000170298988,0,0.0,0.0,True,True,False
2025-02-03,FADL.L,70.0,0.699999988079071,0.699999988079071,0.699999988079071,0.699999988079071,0.699999988079071,0.009999999829701015,0,0.0,0.0,True,True,False
2025-02-24,FADL.L,0.699999988079071,70.0,70.0,70.0,70.0,70.0,100.00000170298988,0,0.0,0.0,True,True,False
2025-03-05,FADL.L,70.0,0.699999988079071,0.699999988079071,0.699999988079071,0.699999988079071,0.699999988079071,0.009999999829701015,0,0.0,0.0,True,True,False
2025-04-28,FADL.L,0.699999988079071,70.0,70.0,70.0,70.0,70.0,100.00000170298988,0,0.0,0.0,True,True,False
2025-05-12,FADL.L,76.25,0.762499988079071,0.762499988079071,0.762499988079071,0.762499988079071,0.762499988079071,0.009999999843659948,0,0.0,0.0,True,True,False
2025-05-14,FADL.L,0.762499988079071,76.25,76.25,76.25,76.25,76.25,100.00000156340055,0,0.0,0.0,True,True,False
2025-06-02,FADL.L,76.25,0.762499988079071,0.762499988079071,0.762499988079071,0.762499988079071,0.762499988079071,0.009999999843659948,0,0.0,0.0,True,True,False
2025-12-01,FADL.L,0.6499999761581421,65.0,65.0,65.0,65.0,65.0,100.00000366797828,0,0.0,0.0,True,True,False
2025-12-12,FADL.L,65.0,0.6499999761581421,0.6499999761581421,0.6499999761581421,0.6499999761581421,0.6499999761581421,0.009999999633202186,0,0.0,0.0,True,True,False
2024-11-21,FAR.L,2.3499999046325684,2.75,6.900000095367432,2.640000104904175,6.5,6.5,2.7659575590562846,41368649,0.0,0.0,False,True,False
2025-10-07,FDR.L,8.899999618530273,8.899999618530273,8.880000114440918,3.809999942779541,3.950000047683716,3.950000047683716,0.4438202490997421,22547784,0.0,0.0,False,True,False
2025-08-19,FKE.L,70.0,0.699999988079071,0.699999988079071,0.699999988079071,0.699999988079071,0.6998804807662964,0.009999999829701015,0,0.0,0.0,True,True,False
2025-08-20,FKE.L,0.699999988079071,70.0,74.9000015258789,74.9000015258789,70.0,69.98805236816406,100.00000170298988,15789,0.0,0.0,True,True,False
2025-09-10,FKE.L,77.5,0.7749999761581421,0.8500000238418579,0.7900000214576721,0.7749999761581421,0.7748676538467407,0.009999999692363124,6103,0.0,0.0,True,True,False
2025-09-15,FKE.L,0.7749999761581421,77.5,77.5,77.5,77.5,77.48676300048828,100.00000307636886,0,0.0,0.0,True,True,False
2025-10-10,FKE.L,62.5,0.625,0.625,0.625,0.625,0.6248932480812073,0.01,0,0.0,0.0,True,True,False
2025-10-13,FKE.L,0.625,62.5,62.5,62.5,62.5,62.48932647705078,100.0,0,0.0,0.0,True,True,False
2025-08-12,GCG.L,0.030500000342726707,3.049999952316284,3.049999952316284,3.049999952316284,3.049999952316284,3.049999952316284,99.99999731290539,0,0.0,0.0,True,True,False
2025-09-24,GDR.L,0.5249999761581421,0.25,0.2800000011920929,0.1899999976158142,0.2549999952316284,0.2549999952316284,0.48571429868944704,418762958,0.0,0.0,False,True,False
2025-09-16,GENI.L,1.5499999523162842,1.5499999523162842,3.8499999046325684,1.465999960899353,3.8399999141693115,3.8399999141693115,2.4774193756786276,20943759,0.0,0.0,False,True,False
2024-04-30,GEO.L,0.07500000298023224,0.07500000298023224,0.17000000178813934,0.07000000029802322,0.15000000596046448,0.15000000596046448,2.0,273605106,0.0,0.0,False,True,False
2025-06-23,GGP.L,312.0,327.5,350.0,312.0,350.0,350.0,1.1217948717948718,647525,0.0,0.05,False,False,True
2024-05-24,GRL.L,2.1500000953674316,1.125,1.2450000047683716,0.7760000228881836,1.0,1.0,0.4651162584386312,24259584,0.0,0.0,False,True,False
2024-07-08,GRL.L,0.675000011920929,0.675000011920929,1.9500000476837158,0.6740000247955322,1.625,1.625,2.4074073648910637,40758122,0.0,0.0,False,True,False
2025-03-31,GWMO.L,2.200000047683716,2.25,2.5,2.0,2.1500000953674316,2.1500000953674316,0.9772727494397434,77905,0.0,0.005,False,False,True
2024-01-29,HE1.L,0.6200000047683716,0.6349999904632568,1.649999976158142,0.621999979019165,1.4800000190734863,1.4800000190734863,2.387096786598261,3786,0.0,0.0,False,True,False
2024-02-05,HE1.L,1.378000020980835,2.049999952316284,3.700000047683716,2.0,2.8499999046325684,2.8499999046325684,2.068214703366979,13474978,0.0,0.0,False,True,False
2024-02-26,HSM.L,3.25,325.0,325.0,325.0,325.0,324.6541748046875,100.0,0,0.0,0.0,True,True,False
2024-04-02,HSM.L,275.0,2.75,2.75,2.75,2.75,2.7470738887786865,0.01,0,0.0,0.0,True,True,False
2024-04-23,HSM.L,2.75,275.0,275.0,275.0,275.0,274.7074279785156,100.0,0,0.0,0.0,True,True,False
2024-05-17,HSM.L,275.0,2.75,2.75,2.75,2.75,2.7470738887786865,0.01,0,0.0,0.0,True,True,False
2024-05-28,HSM.L,2.75,275.0,275.0,275.0,275.0,274.7074279785156,100.0,0,0.0,0.0,True,True,False
2024-06-07,HSM.L,275.0,2.75,2.75,2.75,2.75,2.7470738887786865,0.01,0,0.0,0.0,True,True,False
2024-07-02,HSM.L,2.75,275.0,275.0,275.0,275.0,274.7074279785156,100.0,0,0.0,0.0,True,True,False
2024-08-16,HSM.L,400.0,4.0,4.0,4.0,4.0,3.9965789318084717,0.01,0,0.0,0.0,True,True,False
2024-09-10,HSM.L,4.0,400.0,400.0,400.0,400.0,399.6578674316406,100.0,0,0.0,0.0,True,True,False
2024-09-25,HSM.L,430.0,4.300000190734863,4.300000190734863,4.300000190734863,4.300000190734863,4.296322345733643,0.010000000443569449,0,0.0,0.0,True,True,False
2024-09-30,HSM.L,4.300000190734863,430.0,430.0,430.0,430.0,429.6322326660156,99.9999955643057,0,0.0,0.0,True,True,False
2024-10-08,HSM.L,430.0,4.300000190734863,4.150000095367432,4.150000095367432,4.300000190734863,4.296322345733643,0.010000000443569449,337,0.0,0.0,True,True,False
2024-10-22,HSM.L,4.150000095367432,415.0,415.0,415.0,415.0,414.64508056640625,99.99999770198966,0,0.0,0.0,True,True,False
2024-11-11,HSM.L,410.0,4.099999904632568,4.400000095367432,4.400000095367432,4.400000095367432,4.396236419677734,0.010731707549676662,34,0.0,0.0,False,True,False
2024-11-19,HSM.L,4.099999904632568,410.0,410.0,410.0,410.0,409.64935302734375,100.00000232603497,0,0.0,0.0,True,True,False
2024-12-06,HSM.L,360.0,3.5999999046325684,3.5999999046325684,3.5999999046325684,3.5999999046325684,3.5969207286834717,0.009999999735090468,0,0.0,0.0,True,True,False
2024-12-09,HSM.L,3.5999999046325684,360.0,360.0,360.0,360.0,359.69207763671875,100.00000264909539,0,0.0,0.0,True,True,False
2024-12-20,HSM.L,340.0,3.4000000953674316,3.4000000953674316,3.4000000953674316,3.4000000953674316,3.39709210395813,0.010000000280492445,0,0.0,0.0,True,True,False
2024-12-31,HSM.L,3.4000000953674316,340.0,340.0,340.0,340.0,339.7091979980469,99.99999719507562,0,0.0,0.0,True,True,False
2025-01-10,HSM.L,340.0,3.4000000953674316,3.4000000953674316,3.4000000953674316,3.4000000953674316,3.39709210395813,0.010000000280492445,0,0.0,0.0,True,True,False
2025-01-13,HSM.L,3.4000000953674316,340.0,340.0,340.0,340.0,339.7091979980469,99.99999719507562,0,0.0,0.0,True,True,False
2025-01-23,HSM.L,320.0,3.200000047683716,3.200000047683716,3.200000047683716,3.200000047683716,3.197263240814209,0.010000000149011612,0,0.0,0.0,True,True,False
2025-01-27,HSM.L,3.200000047683716,320.0,320.0,320.0,320.0,319.7262878417969,99.99999850988391,0,0.0,0.0,True,True,False
2025-02-26,HSM.L,300.0,3.0,3.0,3.0,3.0,2.9978554248809814,0.01,0,0.0,0.0,True,True,False
2025-03-10,HSM.L,3.0,300.0,300.0,300.0,300.0,299.7855529785156,100.0,0,0.0,0.0,True,True,False
2025-04-16,HSM.L,310.0,3.0999999046325684,3.0999999046325684,3.0999999046325684,3.0999999046325684,3.0977840423583984,0.009999999692363124,0,0.0,0.0,True,True,False
2025-05-12,HSM.L,3.0999999046325684,310.0,310.0,310.0,310.0,309.7784118652344,100.00000307636886,0,0.0,0.0,True,True,False
2025-06-02,HSM.L,310.0,3.0999999046325684,3.0999999046325684,3.0999999046325684,3.0999999046325684,3.0977840423583984,0.009999999692363124,0,0.0,0.0,True,True,False
2025-06-03,HSM.L,3.0999999046325684,310.0,310.0,310.0,310.0,309.7784118652344,100.00000307636886,0,0.0,0.0,True,True,False
2025-06-24,HSM.L,310.0,3.0999999046325684,3.0999999046325684,3.0999999046325684,3.0999999046325684,3.0977840423583984,0.009999999692363124,0,0.0,0.0,True,True,False
2025-07-16,HSM.L,3.0999999046325684,310.0,310.0,310.0,310.0,309.7784118652344,100.00000307636886,0,0.0,0.0,True,True,False
2025-08-08,HSM.L,335.0,3.3499999046325684,3.3499999046325684,3.3499999046325684,3.3499999046325684,3.3476054668426514,0.0099999997153211,0,0.0,0.0,True,True,False
2025-08-12,HSM.L,3.3499999046325684,335.0,335.0,335.0,335.0,334.76055908203125,100.00000284678909,0,0.0,0.0,True,True,False
2025-08-22,HSM.L,335.0,3.3499999046325684,3.3499999046325684,3.3499999046325684,3.3499999046325684,3.348461151123047,0.0099999997153211,0,0.0,0.0,True,True,False
2025-08-26,HSM.L,3.3499999046325684,335.0,335.0,335.0,335.0,334.84613037109375,100.00000284678909,0,0.0,0.0,True,True,False
2025-09-01,HSM.L,335.0,3.3499999046325684,3.200000047683716,3.200000047683716,3.3499999046325684,3.348461151123047,0.0099999997153211,250,0.0,0.0,True,True,False
2025-09-17,HSM.L,3.450000047683716,345.0,345.0,345.0,345.0,344.841552734375,99.99999861786333,0,0.0,0.0,True,True,False
2025-11-07,HSM.L,340.0,3.4000000953674316,3.4000000953674316,3.4000000953674316,3.4000000953674316,3.3984382152557373,0.010000000280492445,0,0.0,0.0,True,True,False
2025-11-17,HSM.L,3.4000000953674316,340.0,340.0,340.0,340.0,339.8438415527344,99.99999719507562,0,0.0,0.0,True,True,False
2025-12-22,HSM.L,340.0,3.4000000953674316,3.4000000953674316,3.4000000953674316,3.4000000953674316,3.3984382152557373,0.010000000280492445,0,0.0,0.0,True,True,False
2025-12-31,HSM.L,3.4000000953674316,340.0,340.0,340.0,340.0,339.8438415527344,99.99999719507562,0,0.0,0.0,True,True,False
2025-08-15,HVTA.L,155.0,1.5499999523162842,1.5499999523162842,1.5499999523162842,1.5499999523162842,1.5494375228881836,0.009999999692363124,0,0.0,0.0,True,True,False
2025-08-20,HVTA.L,1.5499999523162842,155.0,155.0,155.0,155.0,154.94375610351562,100.00000307636886,0,0.0,0.0,True,True,False
2025-10-31,HVTA.L,160.0,1.600000023841858,1.600000023841858,1.600000023841858,1.600000023841858,1.5994194746017456,0.010000000149011612,0,0.0,0.0,True,True,False
2025-11-17,HVTA.L,1.600000023841858,160.0,160.0,160.0,160.0,159.9419403076172,99.99999850988391,0,0.0,0.0,True,True,False
2025-12-01,HVTA.L,160.0,1.600000023841858,1.600000023841858,1.600000023841858,1.600000023841858,1.5994194746017456,0.010000000149011612,0,0.0,0.0,True,True,False
2025-12-22,HVTA.L,1.600000023841858,160.0,160.0,160.0,160.0,159.9419403076172,99.99999850988391,0,0.0,0.0,True,True,False
2025-01-17,IGR.L,142.5,95.0,100.0,55.0,59.599998474121094,59.59385299682617,0.4182456033271656,9661741,0.0,0.0,False,True,False
2025-01-09,IMM.L,1.2000000476837158,1.399999976158142,4.0,1.399999976158142,3.5,3.5,2.916666550768751,106813948,0.0,0.0,False,True,False
2025-09-01,IMM.L,2.2249999046325684,2.430000066757202,6.900000095367432,2.253000020980835,4.565000057220459,4.565000057220459,2.0516855069143536,82970542,0.0,0.0,False,True,False
2025-08-28,ITIM.L,50.5,0.5049999952316284,0.5049999952316284,0.5049999952316284,0.5049999952316284,0.5049999952316284,0.0099999999055768,0,0.0,0.0,True,True,False
2025-09-02,ITIM.L,0.5049999952316284,50.5,50.5,50.5,50.5,50.5,100.000000944232,0,0.0,0.0,True,True,False
2025-12-22,ITIM.L,46.5,0.4650000035762787,0.4650000035762787,0.4650000035762787,0.4650000035762787,0.4650000035762787,0.010000000076909219,0,0.0,0.0,True,True,False
2025-12-29,ITIM.L,0.4650000035762787,46.5,46.5,46.5,46.5,46.5,99.99999923090782,0,0.0,0.0,True,True,False
2025-04-15,JIM.L,43.0,43.0,43.79999923706055,18.0,18.0,17.979923248291016,0.4186046511627907,966423,0.0,0.0,False,True,False
2025-11-17,KR1.L,0.2800000011920929,28.0,28.0,28.0,28.0,28.0,99.99999957425254,0,0.0,0.0,True,True,False
2025-08-20,KRM.L,45.5,0.45500001311302185,0.45500001311302185,0.45500001311302185,0.45500001311302185,0.45500001311302185,0.010000000288198283,0,0.0,0.0,True,True,False
2025-08-26,KRM.L,0.45500001311302185,45.5,45.5,45.5,45.5,45.5,99.99999711801726,0,0.0,0.0,True,True,False
2024-03-08,KRPZ.L,1.5,0.014999999664723873,0.014999999664723873,0.014999999664723873,0.014999999664723873,0.014999999664723873,0.009999999776482582,0,0.0,0.0,True,True,False
2024-03-12,KRPZ.L,0.014999999664723873,1.5,1.5,1.5,1.5,1.5,100.00000223517424,0,0.0,0.0,True,True,False
2024-11-11,KRPZ.L,1.2999999523162842,0.013000000268220901,0.013000000268220901,0.013000000268220901,0.013000000268220901,0.013000000268220901,0.010000000573121606,0,0.0,0.0,True,True,False
2024-12-18,KRPZ.L,0.013000000268220901,1.2999999523162842,1.2999999523162842,1.2999999523162842,1.2999999523162842,1.2999999523162842,99.99999426878428,0,0.0,0.0,True,True,False
2025-04-16,KRPZ.L,0.6000000238418579,0.006000000052154064,0.006000000052154064,0.006000000052154064,0.006000000052154064,0.006000000052154064,0.009999999689559154,0,0.0,0.0,True,True,False
2025-05-27,KRPZ.L,0.006000000052154064,0.6000000238418579,0.6000000238418579,0.6000000238418579,0.6000000238418579,0.6000000238418579,100.00000310440855,0,0.0,0.0,True,True,False
2025-06-24,KRPZ.L,0.6499999761581421,0.006500000134110451,0.006500000134110451,0.006500000134110451,0.006500000134110451,0.006500000134110451,0.010000000573121606,0,0.0,0.0,True,True,False
2025-07-14,KRPZ.L,0.006500000134110451,0.6499999761581421,0.6499999761581421,0.6499999761581421,0.6499999761581421,0.6499999761581421,99.99999426878428,0,0.0,0.0,True,True,False
2025-07-24,KRPZ.L,0.6499999761581421,0.006500000134110451,0.006500000134110451,0.006500000134110451,0.006500000134110451,0.006500000134110451,0.010000000573121606,0,0.0,0.0,True,True,False
2025-07-28,KRPZ.L,0.006500000134110451,0.6499999761581421,0.6499999761581421,0.6499999761581421,0.6499999761581421,0.6499999761581421,99.99999426878428,0,0.0,0.0,True,True,False
2025-08-15,KRPZ.L,0.550000011920929,0.005499999970197678,0.005499999970197678,0.005499999970197678,0.005499999970197678,0.005499999970197678,0.009999999729069802,0,0.0,0.0,True,True,False
2025-08-26,KRPZ.L,0.005499999970197678,0.550000011920929,0.550000011920929,0.550000011920929,0.550000011920929,0.550000011920929,100.00000270930205,0,0.0,0.0,True,True,False
2025-10-23,KRPZ.L,0.5099999904632568,0.005100000184029341,0.005100000184029341,0.005100000184029341,0.005100000184029341,0.005100000184029341,0.01000000054783682,0,0.0,0.0,True,True,False
2025-11-03,KRPZ.L,0.005100000184029341,0.5099999904632568,0.5099999904632568,0.5099999904632568,0.5099999904632568,0.5099999904632568,99.99999452163212,0,0.0,0.0,True,True,False
2025-11-13,KRPZ.L,0.5099999904632568,0.005100000184029341,0.005100000184029341,0.005100000184029341,0.005100000184029341,0.005100000184029341,0.01000000054783682,0,0.0,0.0,True,True,False
2025-11-17,KRPZ.L,0.005100000184029341,0.5099999904632568,0.5099999904632568,0.5099999904632568,0.5099999904632568,0.5099999904632568,99.99999452163212,0,0.0,0.0,True,True,False
2024-07-03,LEND.L,0.17499999701976776,0.17499999701976776,0.5,0.18000000715255737,0.4399999976158142,0.4399999976158142,2.5142857434798267,7685967,0.0,0.0,False,True,False
2025-12-15,LND.L,3.5999999046325684,0.035999998450279236,0.035999998450279236,0.035999998450279236,0.035999998450279236,0.035999998450279236,0.009999999834431538,0,0.0,0.0,True,True,False
2025-07-16,LPA.L,53.5,0.5350000262260437,0.5350000262260437,0.5350000262260437,0.5350000262260437,0.5350000262260437,0.010000000490206424,0,0.0,0.0,True,True,False
2025-07-21,LPA.L,0.550000011920929,55.0,55.0,55.0,55.0,55.0,99.99999783255842,0,0.0,0.0,True,True,False
2025-07-15,LSC.L,3650.0,36.5,36.5,36.5,36.5,36.489315032958984,0.01,0,0.0,0.0,True,True,False
2025-07-16,LSC.L,36.5,3650.0,3650.0,3650.0,3650.0,3648.931640625,100.0,0,0.0,0.0,True,True,False
2025-08-20,LSC.L,3450.0,34.5,34.5,34.5,34.5,34.48990249633789,0.01,0,0.0,0.0,True,True,False
2025-08-26,LSC.L,34.5,3450.0,3450.0,3450.0,3450.0,3448.990234375,100.0,0,0.0,0.0,True,True,False
2025-09-01,LSC.L,3450.0,34.5,34.5,34.5,34.5,34.48990249633789,0.01,0,0.0,0.0,True,True,False
2025-09-15,LSC.L,34.5,3450.0,3450.0,3450.0,3450.0,3448.990234375,100.0,0,0.0,0.0,True,True,False
2025-10-02,LSC.L,3450.0,34.5,34.5,34.5,34.5,34.48990249633789,0.01,0,0.0,0.0,True,True,False
2025-10-15,LSC.L,34.5,3450.0,3450.0,3450.0,3450.0,3448.990234375,100.0,0,0.0,0.0,True,True,False
2025-11-03,LSC.L,3550.0,35.5,35.5,35.5,35.5,35.48960876464844,0.01,0,0.0,0.0,True,True,False
2025-11-10,LSC.L,35.5,3550.0,3550.0,3550.0,3550.0,3548.9609375,100.0,0,0.0,0.0,True,True,False
2025-11-24,LSC.L,2850.0,28.5,28.5,28.5,28.5,28.49648094177246,0.01,0,0.0,0.0,True,True,False
2025-11-25,LSC.L,28.5,2850.0,2850.0,2850.0,2850.0,2849.64794921875,100.0,0,0.0,0.0,True,True,False
2025-12-24,LSC.L,2750.0,27.5,27.5,27.5,27.5,27.49660301208496,0.01,0,0.0,0.0,True,True,False
2025-12-29,LSC.L,27.5,2750.0,2750.0,2750.0,2750.0,2749.660400390625,100.0,0,0.0,0.0,True,True,False
2025-12-22,MAI.L,135.0,1.350000023841858,1.350000023841858,1.350000023841858,1.350000023841858,1.350000023841858,0.010000000176606355,0,0.0,0.0,True,True,False
2025-12-29,MAI.L,1.350000023841858,135.0,135.0,135.0,135.0,135.0,99.99999823393648,0,0.0,0.0,True,True,False
2025-12-31,MBO.L,0.75,0.75,2.0999999046325684,0.699999988079071,1.899999976158142,1.899999976158142,2.5333333015441895,18762051,0.0,0.0,False,True,False
2024-01-02,MET.L,4.375,0.007000000216066837,0.007000000216066837,0.007000000216066837,0.007000000216066837,0.007000000216066837,0.0016000000493867057,0,0.0,0.0016,False,True,True
2024-01-16,MET.L,0.007000000216066837,1.625,1.5,1.3200000524520874,1.399999976158142,1.399999976158142,199.9999904206824,2706806,0.0,0.0,False,True,False
2025-03-26,MET1.L,10.75,8.0,11.27299976348877,7.0,10.75,10.75,1.0,775557,0.0,0.1,False,False,True
2025-04-22,MET1.L,20.5,20.0,22.0,10.0,10.0,10.0,0.4878048780487805,2000454,0.0,0.0,False,True,False
2024-07-09,MFAI.L,0.4749999940395355,0.4749999940395355,1.75,0.49000000953674316,1.2000000476837158,1.2000000476837158,2.526315921561541,50329976,0.0,0.0,False,True,False
2025-05-01,MIRI.L,0.3400000035762787,0.125,0.15000000596046448,0.03500000014901161,0.041999999433755875,0.041999999433755875,0.12352940879994201,669113059,0.0,0.0,False,True,False
2025-07-21,MLVN.L,17.0,0.17000000178813934,0.17000000178813934,0.17000000178813934,0.17000000178813934,0.17000000178813934,0.010000000105184667,0,0.0,0.0,True,True,False
2025-07-28,MLVN.L,0.17000000178813934,17.0,17.0,17.0,17.0,17.0,99.99999894815333,0,0.0,0.0,True,True,False
2025-08-28,NAR.L,31.0,0.3100000023841858,0.3100000023841858,0.3100000023841858,0.3100000023841858,0.30993759632110596,0.010000000076909219,0,0.0,0.0,True,True,False
2025-09-01,NAR.L,0.3100000023841858,31.0,31.0,31.0,31.0,30.993755340576172,99.99999923090782,0,0.0,0.0,True,True,False
2025-09-10,NAR.L,31.0,0.3100000023841858,0.3149999976158142,0.3149999976158142,0.3100000023841858,0.30993759632110596,0.010000000076909219,4500,0.0,0.0,True,True,False
2025-09-15,NAR.L,0.3100000023841858,31.0,31.0,31.0,31.0,30.993755340576172,99.99999923090782,0,0.0,0.0,True,True,False
2025-05-23,NBB.L,152.24989318847656,147.5,142.5,140.0,147.5,147.5,0.9688019932953486,119,0.0,0.02857142857142857,False,False,True
2025-02-27,NTVO.L,2.9999001026153564,2.25,2.125999927520752,1.9199999570846558,2.0,2.0,0.6666888668247223,666715,0.0,0.0006666666666666666,False,False,True
2025-08-08,NTVO.L,0.2750000059604645,0.2750000059604645,0.6700000166893005,0.26899999380111694,0.5699999928474426,0.5699999928474426,2.072727201792821,298460453,0.0,0.0,False,True,False
2025-08-15,NWT.L,77.5,0.7749999761581421,0.7749999761581421,0.7749999761581421,0.7749999761581421,0.7749999761581421,0.009999999692363124,0,0.0,0.0,True,True,False
2025-08-18,NWT.L,0.7749999761581421,77.5,77.5,77.5,77.5,77.5,100.00000307636886,0,0.0,0.0,True,True,False
2024-10-14,OBD.L,3.6600000858306885,3.6500000953674316,4.0,1.4980000257492065,1.5800000429153442,1.5800000429153442,0.431693990672883,16859627,0.0,0.0,False,True,False
2025-07-15,OBD.L,0.25999999046325684,0.2849999964237213,0.699999988079071,0.29899999499320984,0.574999988079071,0.574999988079071,2.2115384968074836,611371951,0.0,0.0,False,True,False
2024-11-26,ORCP.L,0.012000000104308128,0.012000000104308128,0.03200000151991844,0.012000000104308128,0.029999999329447746,0.029999999329447746,2.499999922389786,604732036,0.0,0.0,False,True,False
2025-09-29,ORCP.L,0.02800000086426735,0.03200000151991844,0.0729999989271164,0.027000000700354576,0.0729999989271164,0.0729999989271164,2.6071427383517163,404266354,0.0,0.0,False,True,False
2025-08-26,ORR.L,0.20000000298023224,0.25,0.6399999856948853,0.23000000417232513,0.4000000059604645,0.4000000059604645,2.0,594313735,0.0,0.0,False,True,False
2025-10-02,PACS.L,0.44999998807907104,0.0044999998062849045,0.0044999998062849045,0.0044999998062849045,0.0044999998062849045,0.0044999998062849045,0.009999999834431538,0,0.0,0.0,True,True,False
2024-06-14,PALM.L,98.75,98.5,95.0,95.0,97.5,97.5,0.9873417721518988,581,0.0,0.04,False,False,True
2025-12-22,PANR.L,18.200000762939453,11.479999542236328,11.479999542236328,7.686999797821045,9.0,9.0,0.4945054737759486,133977010,0.0,0.0,False,True,False
2024-02-12,PCH.L,0.02250000089406967,2.25,2.25,2.25,2.25,2.25,99.99999602635717,0,0.0,0.0,True,True,False
2024-02-22,PCH.L,2.25,0.02250000089406967,0.02250000089406967,0.02250000089406967,0.02250000089406967,0.02250000089406967,0.010000000397364298,0,0.0,0.0,True,True,False
2024-03-18,PCH.L,0.02250000089406967,2.25,2.25,2.25,2.25,2.25,99.99999602635717,0,0.0,0.0,True,True,False
2024-03-27,PCH.L,2.25,0.02250000089406967,0.02250000089406967,0.02250000089406967,0.02250000089406967,0.02250000089406967,0.010000000397364298,0,0.0,0.0,True,True,False
2024-04-22,PCH.L,0.02250000089406967,2.25,2.25,2.25,2.25,2.25,99.99999602635717,0,0.0,0.0,True,True,False
2024-05-07,PCH.L,1.600000023841858,0.01600000075995922,0.01600000075995922,0.01600000075995922,0.01600000075995922,0.01600000075995922,0.010000000325962896,0,0.0,0.0,True,True,False
2024-06-10,PCH.L,0.01600000075995922,1.600000023841858,1.600000023841858,1.600000023841858,1.600000023841858,1.600000023841858,99.99999674037115,0,0.0,0.0,True,True,False
2024-08-27,PCH.L,2.0,0.019999999552965164,0.019999999552965164,0.019999999552965164,0.019999999552965164,0.019999999552965164,0.009999999776482582,0,0.0,0.0,True,True,False
2024-09-02,PCH.L,0.019999999552965164,2.0,2.0,2.0,2.0,2.0,100.00000223517424,0,0.0,0.0,True,True,False
2024-09-12,PCH.L,2.0,0.019999999552965164,0.019999999552965164,0.019999999552965164,0.019999999552965164,0.019999999552965164,0.009999999776482582,0,0.0,0.0,True,True,False
2024-10-14,PCH.L,0.019999999552965164,2.0,2.0,2.0,2.0,2.0,100.00000223517424,0,0.0,0.0,True,True,False
2024-10-25,PCH.L,2.0,0.019999999552965164,0.019999999552965164,0.019999999552965164,0.019999999552965164,0.019999999552965164,0.009999999776482582,0,0.0,0.0,True,True,False
2024-12-04,PCH.L,0.019999999552965164,2.0,2.0,2.0,2.0,2.0,100.00000223517424,0,0.0,0.0,True,True,False
2024-12-16,PCH.L,2.0,0.019999999552965164,0.019999999552965164,0.019999999552965164,0.019999999552965164,0.019999999552965164,0.009999999776482582,0,0.0,0.0,True,True,False
2025-01-15,PCH.L,0.019999999552965164,2.0,2.0,2.0,2.0,2.0,100.00000223517424,0,0.0,0.0,True,True,False
2025-01-27,PCH.L,2.0,0.019999999552965164,0.019999999552965164,0.019999999552965164,0.019999999552965164,0.019999999552965164,0.009999999776482582,0,0.0,0.0,True,True,False
2025-02-03,PCH.L,0.019999999552965164,2.0,2.0,2.0,2.0,2.0,100.00000223517424,0,0.0,0.0,True,True,False
2025-03-03,PCH.L,2.0,0.019999999552965164,0.019999999552965164,0.019999999552965164,0.019999999552965164,0.019999999552965164,0.009999999776482582,0,0.0,0.0,True,True,False
2025-07-16,PCH.L,0.019999999552965164,2.0,2.0,2.0,2.0,2.0,100.00000223517424,0,0.0,0.0,True,True,False
2025-07-28,PCH.L,1.75,0.017500000074505806,0.017500000074505806,0.017500000074505806,0.017500000074505806,0.017500000074505806,0.010000000042574746,0,0.0,0.0,True,True,False
2025-11-26,PCH.L,0.017500000074505806,1.75,1.75,1.75,1.75,1.75,99.99999957425254,0,0.0,0.0,True,True,False
2025-09-01,PEG.L,8.5,0.08500000089406967,0.0885000005364418,0.08100000023841858,0.08500000089406967,0.08500000089406967,0.010000000105184667,21302,0.0,0.0,True,True,False
2025-09-02,PEG.L,0.08500000089406967,8.5,8.100000381469727,8.100000381469727,8.5,8.5,99.99999894815333,92,0.0,0.0,True,True,False
2025-09-10,PNS.L,290.0,2.9000000953674316,2.9000000953674316,2.9000000953674316,2.9000000953674316,2.897893190383911,0.010000000328853212,0,0.0,0.0,True,True,False
2025-09-15,PNS.L,2.9000000953674316,290.0,290.0,290.0,290.0,289.7892761230469,99.99999671146799,0,0.0,0.0,True,True,False
2024-03-27,POW.L,15.0,14.5,14.550000190734863,13.0,13.5,13.5,0.9,546457,0.0,0.05,False,False,True
2025-10-02,PPHC.L,1000.0,1030.0,1089.5999755859375,1049.0999755859375,1070.0,1069.736572265625,1.07,5010,0.0,0.2,False,False,True
2025-03-27,PREM.L,0.14000000059604645,0.14000000059604645,0.3700000047683716,0.14000000059604645,0.28999999165534973,0.28999999165534973,2.0714285030048725,117,0.0,0.0,False,True,False
2025-10-14,PREM.L,0.1899999976158142,0.1850000023841858,0.1899999976158142,0.1720000058412552,0.18000000715255737,0.18000000715255737,0.947368470585578,27487104,0.0,0.1,False,False,True
2025-05-08,PTEC.L,800.0,313.5,329.9639892578125,303.5,320.5,320.5,0.400625,3871104,479.02798,0.0,False,True,False
2025-10-02,PXS.L,0.6179999709129333,0.006180000025779009,0.006180000025779009,0.006180000025779009,0.006180000025779009,0.006180000025779009,0.01000000051237814,0,0.0,0.0,True,True,False
2025-10-21,PXS.L,0.006180000025779009,0.6179999709129333,0.6179999709129333,0.6179999709129333,0.6179999709129333,0.6179999709129333,99.99999487621886,0,0.0,0.0,True,True,False
2025-01-17,QBT.L,0.7250000238418579,0.800000011920929,2.25,0.8500000238418579,1.625,1.625,2.241379236636351,460083433,0.0,0.0,False,True,False
2024-04-02,REAT.L,67.5,67.5,69.0,65.0,67.5,67.5,1.0,3043,0.0,0.02,False,False,True
2024-02-12,RENX.L,14.0,13.75,52.0,13.994999885559082,46.0,46.0,3.2857142857142856,1847346,0.0,0.0,False,True,False
2025-07-16,RFG.L,16.5,0.16500000655651093,0.16500000655651093,0.16019999980926514,0.16500000655651093,0.16500000655651093,0.010000000397364298,31000,0.0,0.0,True,True,False
2025-07-21,RFG.L,0.16500000655651093,16.0,16.0,16.0,16.0,16.0,96.96969311646757,0,0.0,0.0,True,True,False
2025-10-24,RFG.L,16.5,0.16500000655651093,0.16500000655651093,0.16500000655651093,0.16500000655651093,0.16500000655651093,0.010000000397364298,0,0.0,0.0,True,True,False
2025-10-29,RFG.L,0.16500000655651093,16.5,16.5,16.5,16.5,16.5,99.99999602635717,0,0.0,0.0,True,True,False
2025-12-10,RFG.L,18.25,0.18250000476837158,0.18250000476837158,0.18250000476837158,0.18250000476837158,0.18250000476837158,0.010000000261280634,0,0.0,0.0,True,True,False
2025-12-29,RFG.L,0.1850000023841858,18.5,18.5,18.5,18.5,18.5,99.99999871125094,0,0.0,0.0,True,True,False
2024-03-20,ROAD.L,3.25,3.25,12.25,3.005000114440918,10.199999809265137,10.199999809265137,3.138461479773888,7189481,0.0,0.0,False,True,False
2025-02-21,ROSE.L,720.0,7.199999809265137,7.199999809265137,7.199999809265137,7.199999809265137,7.199676036834717,0.009999999735090468,0,0.0,0.0,True,True,False
2025-03-03,ROSE.L,7.199999809265137,720.0,720.0,720.0,720.0,719.9676513671875,100.00000264909539,0,0.0,0.0,True,True,False
2025-06-09,ROSE.L,610.5,283.9533996582031,283.9533996582031,283.9533996582031,283.9533996582031,283.9406433105469,0.4651161337562705,792383,0.0,0.0,False,True,False
2025-06-10,ROSE.L,283.9533996582031,610.5,610.5,610.5,610.5,610.4725341796875,2.1500006717118496,0,0.0,0.0,False,True,False
2025-03-07,RVRG.L,36.5,17.5,13.0,5.099999904632568,6.0,6.0,0.1643835616438356,729656,0.0,0.0,False,True,False
2024-02-27,SAVE.L,0.26249998807907104,26.25,26.25,26.25,26.25,26.25,100.00000454130648,0,0.0,0.0,True,True,False
2024-03-11,SAVE.L,26.200000762939453,0.26249998807907104,0.26249998807907104,0.26249998807907104,0.26249998807907104,0.26249998807907104,0.010019083222714395,0,0.0,0.0,True,True,False
2024-03-12,SAVE.L,0.26249998807907104,26.25,26.25,26.25,26.25,26.25,100.00000454130648,0,0.0,0.0,True,True,False
2024-03-25,SAVE.L,26.25,0.26249998807907104,0.26249998807907104,0.26249998807907104,0.26249998807907104,0.26249998807907104,0.009999999545869373,0,0.0,0.0,True,True,False
2024-04-02,SAVE.L,0.26249998807907104,26.25,26.25,26.25,26.25,26.25,100.00000454130648,0,0.0,0.0,True,True,False
2024-04-11,SAVE.L,26.25,0.26249998807907104,0.26249998807907104,0.26249998807907104,0.26249998807907104,0.26249998807907104,0.009999999545869373,0,0.0,0.0,True,True,False
2024-04-15,SAVE.L,0.26249998807907104,26.25,26.25,26.25,26.25,26.25,100.00000454130648,0,0.0,0.0,True,True,False
2024-04-23,SAVE.L,26.25,10.0,10.0,10.0,10.0,10.0,0.38095238095238093,3000000,0.0,0.0,False,True,False
2024-04-24,SAVE.L,10.0,26.25,26.25,26.25,26.25,26.25,2.625,0,0.0,0.0,False,True,False
2024-04-25,SAVE.L,26.25,0.26249998807907104,0.26249998807907104,0.26249998807907104,0.26249998807907104,0.26249998807907104,0.009999999545869373,0,0.0,0.0,True,True,False
2024-10-21,SAVE.L,0.26249998807907104,26.25,26.25,26.25,26.25,26.25,100.00000454130648,0,0.0,0.0,True,True,False
2024-10-29,SAVE.L,26.25,0.2630000114440918,26.25,26.25,0.2630000114440918,0.2630000114440918,0.010019048055013021,3124,0.0,0.0,True,True,False
2024-10-30,SAVE.L,0.2630000114440918,26.25,26.25,26.25,26.25,26.25,99.80988158846598,0,0.0,0.0,True,True,False
2024-11-11,SAVE.L,26.25,0.26249998807907104,0.26249998807907104,0.26249998807907104,0.26249998807907104,0.26249998807907104,0.009999999545869373,0,0.0,0.0,True,True,False
2025-02-24,SAVE.L,0.26249998807907104,26.25,26.25,26.25,26.25,26.25,100.00000454130648,0,0.0,0.0,True,True,False
2025-03-04,SAVE.L,26.25,10.399999618530273,10.600000381469727,7.5,9.949999809265137,9.949999809265137,0.379047611781529,238560908,0.0,0.0,False,True,False
2025-07-02,SAVE.L,7.199999809265137,0.07199999690055847,0.07199999690055847,0.07199999690055847,0.07199999690055847,0.07199999690055847,0.009999999834431538,0,0.0,0.0,True,True,False
2025-08-18,SAVE.L,0.07199999690055847,7.199999809265137,7.199999809265137,7.199999809265137,7.199999809265137,7.199999809265137,100.00000165568464,0,0.0,0.0,True,True,False
2025-08-29,SAVE.L,7.199999809265137,0.07199999690055847,0.07199999690055847,0.07199999690055847,0.07199999690055847,0.07199999690055847,0.009999999834431538,0,0.0,0.0,True,True,False
2025-10-14,SAVE.L,0.07199999690055847,7.199999809265137,7.199999809265137,7.199999809265137,7.199999809265137,7.199999809265137,100.00000165568464,0,0.0,0.0,True,True,False
2024-05-29,SEA.L,18.0,9.0,10.0,7.300000190734863,7.300000190734863,7.300000190734863,0.40555556615193683,9340550,0.0,0.0,False,True,False
2025-04-25,SEEN.L,5.25,0.05249999836087227,0.054999999701976776,0.04500000178813934,0.05000000074505806,0.05000000074505806,0.009523809665725344,198180,0.0,0.0,True,True,False
2025-04-28,SEEN.L,0.05000000074505806,5.0,5.5,4.724999904632568,5.0,5.0,99.99999850988391,288365,0.0,0.0,True,True,False
2025-07-02,SEEN.L,3.5,0.03500000014901161,0.03500000014901161,0.03500000014901161,0.03500000014901161,0.03500000014901161,0.010000000042574746,0,0.0,0.0,True,True,False
2025-09-02,SEEN.L,0.03500000014901161,3.5,3.5,3.5,3.5,3.5,99.99999957425254,0,0.0,0.0,True,True,False
2025-08-07,SELK.L,2.4000000953674316,0.024000000208616257,0.024000000208616257,0.024000000208616257,0.024000000208616257,0.024000000208616257,0.009999999689559154,0,0.0,0.0,True,True,False
2025-08-11,SELK.L,0.024000000208616257,2.4000000953674316,2.4000000953674316,2.4000000953674316,2.4000000953674316,2.4000000953674316,100.00000310440855,0,0.0,0.0,True,True,False
2025-10-02,SNT.L,6.25,6.25,19.889999389648438,6.099999904632568,12.5,12.5,2.0,11124603,0.0,0.0,False,True,False
2024-10-02,SOLI.L,235.0,240.0,279.25,232.1999969482422,262.5,262.4427795410156,1.1170212765957446,74934,0.0,5.0,False,False,True
2024-02-19,SORT.L,134.375,145.0,147.5,140.0,144.0,144.0,1.0716279069767443,12942,0.0,0.0016,False,False,True
2025-08-21,SORT.L,19.0,19.0,50.0,18.0,47.5,47.5,2.5,1019922,0.0,0.0,False,True,False
2024-02-02,SPSC.L,245.0,2.450000047683716,2.450000047683716,2.450000047683716,2.450000047683716,2.020542621612549,0.010000000194627412,0,0.0,0.0,True,True,False
2024-02-12,SPSC.L,2.450000047683716,245.0,245.0,245.0,245.0,202.0542755126953,99.99999805372592,0,0.0,0.0,True,True,False
2024-03-06,SPSC.L,260.0,2.5999999046325684,2.5999999046325684,2.5999999046325684,2.5999999046325684,2.144249439239502,0.009999999633202186,0,0.0,0.0,True,True,False
2024-05-20,SPSC.L,2.5999999046325684,260.0,260.0,260.0,260.0,214.4249267578125,100.00000366797828,0,0.0,0.0,True,True,False
2024-05-29,SPSC.L,260.0,2.5999999046325684,3.0,3.0,2.5999999046325684,2.144249439239502,0.009999999633202186,656,0.0,0.0,True,True,False
2024-07-08,SPSC.L,2.5999999046325684,260.0,260.0,260.0,260.0,224.4383544921875,100.00000366797828,0,0.0,0.0,True,True,False
2024-07-25,SPSC.L,275.0,2.75,2.75,2.75,2.75,2.3738672733306885,0.01,0,0.0,0.0,True,True,False
2024-08-19,SPSC.L,2.75,275.0,275.0,275.0,275.0,237.38670349121094,100.0,0,0.0,0.0,True,True,False
2024-09-02,SPSC.L,260.0,2.5999999046325684,2.5999999046325684,2.5999999046325684,2.5999999046325684,2.2443833351135254,0.009999999633202186,0,0.0,0.0,True,True,False
2024-10-01,SPSC.L,2.5999999046325684,260.0,260.0,260.0,260.0,224.4383544921875,100.00000366797828,0,0.0,0.0,True,True,False
2024-10-08,SPSC.L,260.0,2.5999999046325684,2.5999999046325684,2.5999999046325684,2.5999999046325684,2.2443833351135254,0.009999999633202186,0,0.0,0.0,True,True,False
2025-02-10,SPSC.L,2.5,250.0,250.0,250.0,250.0,215.80609130859375,100.0,0,0.0,0.0,True,True,False
2025-03-03,SPSC.L,250.0,2.5,2.5,2.5,2.5,2.1580610275268555,0.01,0,0.0,0.0,True,True,False
2025-06-23,SPSC.L,2.049999952316284,205.0,205.0,205.0,205.0,187.5749969482422,100.00000232603497,0,0.0,0.0,True,True,False
2025-07-04,SPSC.L,205.0,2.049999952316284,2.049999952316284,2.049999952316284,2.049999952316284,1.875749945640564,0.009999999767396508,0,0.0,0.0,True,True,False
2024-02-21,STX.L,5.650000095367432,5.650000095367432,5.699999809265137,2.5,2.799999952316284,2.799999952316284,0.4955752044344336,165039102,0.0,0.0,False,True,False
2025-09-01,SUH.L,6.0,0.05999999865889549,0.05999999865889549,0.05999999865889549,0.05999999865889549,0.05999999865889549,0.009999999776482582,0,0.0,0.0,True,True,False
2025-09-10,SUH.L,0.05999999865889549,6.0,6.0,6.0,6.0,6.0,100.00000223517424,0,0.0,0.0,True,True,False
2025-12-18,SUH.L,4.800000190734863,0.04800000041723251,0.04800000041723251,0.04800000041723251,0.04800000041723251,0.04800000041723251,0.009999999689559154,0,0.0,0.0,True,True,False
2025-12-22,SUH.L,0.04800000041723251,4.800000190734863,4.800000190734863,4.800000190734863,4.800000190734863,4.800000190734863,100.00000310440855,0,0.0,0.0,True,True,False
2025-07-18,SWT.L,8.0,0.07999999821186066,0.07999999821186066,0.07999999821186066,0.07999999821186066,0.07999999821186066,0.009999999776482582,0,0.0,0.0,True,True,False
2025-08-26,SWT.L,0.07999999821186066,8.0,8.0,8.0,8.0,8.0,100.00000223517424,0,0.0,0.0,True,True,False
2025-09-10,SWT.L,8.5,0.08500000089406967,0.08500000089406967,0.08500000089406967,0.08500000089406967,0.08500000089406967,0.010000000105184667,0,0.0,0.0,True,True,False
2025-09-15,SWT.L,0.08500000089406967,8.5,8.5,8.5,8.5,8.5,99.99999894815333,0,0.0,0.0,True,True,False
2025-05-08,SYM.L,3.25,3.25,10.0,3.380000114440918,7.25,7.25,2.230769230769231,11465983,0.0,0.0,False,True,False
2025-12-01,SYN.L,0.017000000923871994,0.017999999225139618,0.01899999938905239,0.007000000216066837,0.00800000037997961,0.00800000037997961,0.4705882320715484,1064565773,0.0,0.0,False,True,False
2025-08-22,TAND.L,21.5,0.2150000035762787,0.2150000035762787,0.2150000035762787,0.2150000035762787,0.2150000035762787,0.010000000166338544,0,0.0,0.0,True,True,False
2025-08-26,TAND.L,0.2150000035762787,21.5,21.5,21.5,21.5,21.5,99.9999983366146,0,0.0,0.0,True,True,False
2025-02-19,TCF.L,1.0,1.0,1.0299999713897705,0.25,0.30000001192092896,0.30000001192092896,0.30000001192092896,28230896,0.0,0.0,False,True,False
2025-01-14,THRU.L,6.5,5.0,5.0,2.3499999046325684,3.0,3.0,0.46153846153846156,284847,0.0,0.0,False,True,False
2025-03-19,THRU.L,0.8999999761581421,0.8999999761581421,2.0,0.8999999761581421,1.9700000286102295,1.9700000286102295,2.188888978663788,26041521,0.0,0.0,False,True,False
2025-12-18,TIN.L,7.849999904632568,79.5,83.45999908447266,76.0,79.5,79.5,10.12738865806663,36498,0.0,0.1,False,True,True
2025-01-14,TRLS.L,0.6000000238418579,0.800000011920929,5.0,0.800000011920929,4.949999809265137,4.949999809265137,8.249999354283041,200356980,0.0,0.0,False,True,False
2024-09-30,TRP.L,0.013000000268220901,0.013000000268220901,0.04800000041723251,0.013000000268220901,0.04800000041723251,0.04800000041723251,3.6923076482214174,979090781,0.0,0.0,False,True,False
2024-03-06,UKOG.L,0.07000000029802322,0.05999999865889549,0.07000000029802322,0.05000000074505806,0.06499999761581421,0.06499999761581421,0.9285713905582624,17787515,0.0,0.1,False,False,True
2024-07-29,UKOG.L,0.02800000086426735,0.02800000086426735,0.10000000149011612,0.02800000086426735,0.08799999952316284,0.08799999952316284,3.1428570288176476,3121,0.0,0.0,False,True,False
2025-04-07,UKOG.L,0.009999999776482582,9.999999747378752e-05,9.999999747378752e-05,9.999999747378752e-05,9.999999747378752e-05,9.999999747378752e-05,0.00999999997089617,0,0.0,0.0,True,True,False
2025-09-22,UKOG.L,9.999999747378752e-05,0.009999999776482582,0.009999999776482582,0.009999999776482582,0.009999999776482582,0.009999999776482582,100.00000029103832,0,0.0,0.0,True,True,False
2025-10-01,UKOG.L,0.009999999776482582,0.009999999776482582,0.054999999701976776,0.008999999612569809,0.04899999871850014,0.04899999871850014,4.899999981373548,2176055,0.0,0.0,False,True,False
2025-09-10,UKR.L,6.0,0.05999999865889549,0.05999999865889549,0.05999999865889549,0.05999999865889549,0.05999999865889549,0.009999999776482582,0,0.0,0.0,True,True,False
2025-09-23,UKR.L,0.05999999865889549,6.0,6.0,6.0,6.0,6.0,100.00000223517424,0,0.0,0.0,True,True,False
2025-11-10,UKR.L,8.5,0.08500000089406967,0.08500000089406967,0.08500000089406967,0.08500000089406967,0.08500000089406967,0.010000000105184667,0,0.0,0.0,True,True,False
2025-11-18,UKR.L,0.08500000089406967,8.5,8.5,8.5,8.5,8.5,99.99999894815333,0,0.0,0.0,True,True,False
2024-08-22,URU.L,2.0999999046325684,2.0999999046325684,4.800000190734863,2.4000000953674316,4.5,4.5,2.142857240170853,261075,0.0,0.0,False,True,False
2025-03-24,URU.L,4.199999809265137,4.0,4.0,4.0,4.0,4.0,0.9523809956314903,0,0.0,25.0,False,False,True
2024-03-01,VAST.L,9.449899673461914,8.125,8.925000190734863,7.175000190734863,8.125,8.125,0.8597974878841709,475910,0.0,0.16666666666666666,False,False,True
2025-04-07,VRCI.L,3.25,2.75,2.9000000953674316,1.0,1.5,1.5,0.46153846153846156,5895459,0.0,0.0,False,True,False
2024-02-05,VZLA.L,32.5,0.32499998807907104,0.3100000023841858,0.3100000023841858,0.3149999976158142,0.3149999976158142,0.00969230761894813,25000,0.0,0.0,True,True,False
2024-03-25,VZLA.L,0.3149999976158142,31.5,31.5,31.5,31.5,31.5,100.00000075688439,0,0.0,0.0,True,True,False
2024-04-04,VZLA.L,29.5,0.29499998688697815,0.29499998688697815,0.29499998688697815,0.29499998688697815,0.29499998688697815,0.009999999555490784,0,0.0,0.0,True,True,False
2024-04-23,VZLA.L,0.29499998688697815,29.5,29.5,29.5,29.5,29.5,100.00000444509234,0,0.0,0.0,True,True,False
2024-05-17,VZLA.L,29.5,0.29499998688697815,0.29499998688697815,0.29499998688697815,0.29499998688697815,0.29499998688697815,0.009999999555490784,0,0.0,0.0,True,True,False
2024-06-19,VZLA.L,0.29499998688697815,29.5,29.5,29.5,29.5,29.5,100.00000444509234,0,0.0,0.0,True,True,False
2024-07-04,VZLA.L,29.5,0.29499998688697815,0.29499998688697815,0.29499998688697815,0.29499998688697815,0.29499998688697815,0.009999999555490784,0,0.0,0.0,True,True,False
2024-07-08,VZLA.L,0.29499998688697815,29.5,29.5,29.5,29.5,29.5,100.00000444509234,0,0.0,0.0,True,True,False
2024-07-22,VZLA.L,29.5,0.29499998688697815,0.29499998688697815,0.29499998688697815,0.29499998688697815,0.29499998688697815,0.009999999555490784,0,0.0,0.0,True,True,False
2024-08-19,VZLA.L,0.29499998688697815,29.5,29.5,29.5,29.5,29.5,100.00000444509234,0,0.0,0.0,True,True,False
2024-08-29,VZLA.L,27.0,0.27000001072883606,0.27000001072883606,0.27000001072883606,0.27000001072883606,0.27000001072883606,0.010000000397364298,0,0.0,0.0,True,True,False
2024-10-28,VZLA.L,0.18000000715255737,18.0,18.0,18.0,18.0,18.0,99.99999602635717,0,0.0,0.0,True,True,False
2024-11-11,VZLA.L,17.0,0.17000000178813934,0.17000000178813934,0.17000000178813934,0.17000000178813934,0.17000000178813934,0.010000000105184667,0,0.0,0.0,True,True,False
2024-11-19,VZLA.L,0.17000000178813934,17.0,17.0,17.0,17.0,17.0,99.99999894815333,0,0.0,0.0,True,True,False
2024-12-02,VZLA.L,17.0,0.17000000178813934,0.17000000178813934,0.17000000178813934,0.17000000178813934,0.17000000178813934,0.010000000105184667,0,0.0,0.0,True,True,False
2024-12-11,VZLA.L,0.17000000178813934,17.0,17.0,17.0,17.0,17.0,99.99999894815333,0,0.0,0.0,True,True,False
2025-01-06,VZLA.L,17.0,0.17000000178813934,0.17000000178813934,0.17000000178813934,0.17000000178813934,0.17000000178813934,0.010000000105184667,0,0.0,0.0,True,True,False
2025-01-14,VZLA.L,0.17000000178813934,17.0,17.0,17.0,17.0,17.0,99.99999894815333,0,0.0,0.0,True,True,False
2025-01-27,VZLA.L,17.0,0.17000000178813934,0.17000000178813934,0.17000000178813934,0.17000000178813934,0.17000000178813934,0.010000000105184667,0,0.0,0.0,True,True,False
2025-04-07,VZLA.L,0.17000000178813934,17.0,17.0,17.0,17.0,17.0,99.99999894815333,0,0.0,0.0,True,True,False
2025-04-22,VZLA.L,12.5,0.125,0.125,0.125,0.125,0.125,0.01,0,0.0,0.0,True,True,False
2025-08-18,VZLA.L,0.12999999523162842,13.0,13.0,13.0,13.0,13.0,100.00000366797828,0,0.0,0.0,True,True,False
2025-08-29,VZLA.L,13.0,0.12999999523162842,0.12999999523162842,0.12999999523162842,0.12999999523162842,0.12999999523162842,0.009999999633202186,0,0.0,0.0,True,True,False
2025-09-01,VZLA.L,0.12999999523162842,13.0,13.0,13.0,13.0,13.0,100.00000366797828,0,0.0,0.0,True,True,False
2025-09-10,VZLA.L,10.800000190734863,0.11500000208616257,0.11060000211000443,0.11060000211000443,0.11500000208616257,0.11500000208616257,0.010648148153258286,21,0.0,0.0,False,True,False
2025-10-06,VZLA.L,0.11500000208616257,11.5,11.5,11.5,11.5,11.5,99.99999818594563,0,0.0,0.0,True,True,False
2025-10-17,VZLA.L,11.0,0.10999999940395355,0.10999999940395355,0.10999999940395355,0.10999999940395355,0.10999999940395355,0.00999999994581396,0,0.0,0.0,True,True,False
2025-05-28,WNX.L,16.5,0.16500000655651093,0.15000000596046448,0.15000000596046448,0.16500000655651093,0.16500000655651093,0.010000000397364298,5000,0.0,0.0,True,True,False
2025-06-02,WNX.L,0.1599999964237213,15.5,15.5,15.5,15.5,15.5,96.87500216532503,0,0.0,0.0,True,True,False
2025-07-04,WNX.L,15.5,0.1550000011920929,0.1550000011920929,0.1550000011920929,0.1550000011920929,0.1550000011920929,0.010000000076909219,0,0.0,0.0,True,True,False
2025-07-23,WNX.L,0.1550000011920929,15.5,15.5,15.5,15.5,15.5,99.99999923090782,0,0.0,0.0,True,True,False
2025-10-24,WNX.L,12.5,0.125,0.125,0.125,0.125,0.125,0.01,0,0.0,0.0,True,True,False
2025-10-27,WNX.L,0.125,12.5,12.5,12.5,12.5,12.5,100.0,0,0.0,0.0,True,True,False
2025-08-18,WSBN.L,37.20000076293945,42.5,102.0,42.0,88.0,88.0,2.3655913493332537,7663947,0.0,0.0,False,True,False
2025-12-01,WSBN.L,73.0,71.5,72.9000015258789,67.0999984741211,68.0,68.0,0.9315068493150684,267197,0.0,0.01,False,False,True
2025-08-05,WTE.L,1.149999976158142,1.1749999523162842,2.799999952316284,1.159999966621399,2.75,2.75,2.39130439740273,54056495,0.0,0.0,False,True,False
2024-03-21,XLM.L,6.25,6.25,14.149999618530273,6.199999809265137,12.899999618530273,12.899999618530273,2.0639999389648436,34225163,0.0,0.0,False,True,False
2025-04-25,XLM.L,10.0,0.10249999910593033,0.10499999672174454,0.09612999856472015,0.09875000268220901,0.09875000268220901,0.009875000268220902,239488,0.0,0.0,True,True,False
2025-04-28,XLM.L,0.09875000268220901,9.875,10.25,9.515000343322754,9.899999618530273,9.899999618530273,100.25315797094025,121758,0.0,0.0,True,True,False
2025-05-15,XLM.L,6.579999923706055,0.0658000037074089,0.0658000037074089,0.0658000037074089,0.0658000037074089,0.0658000037074089,0.010000000679384257,0,0.0,0.0,True,True,False
2025-09-10,ZED.L,0.2150000035762787,0.00215000007301569,0.0021299999207258224,0.0020099999383091927,0.002050000010058284,0.002050000010058284,0.009534883609111082,4482000,0.0,0.0,True,True,False
